Year,Mean,Sd,Min,Max,q05,q25,q50,q75,q95,Horizon
1968.5,295.64418725576667,16.686125327195104,254.17760163103108,363.1563264482336,269.6674214067256,283.6099609743849,294.45687237993013,306.9281851979766,323.5799863031666,oie
1969,322.56087093015117,17.52828051800317,278.7823593631957,392.88012408481364,295.20451573560666,309.93062243199927,321.3514701997696,334.4424912662555,351.8511136131682,oie
1969.5,345.0313784018896,17.994336336398586,299.83223991512455,416.52093937071635,316.86868937826097,332.07672396061196,343.83503017527227,357.2623521439366,375.0355828682078,oie
1970,365.23323682449274,18.2646378240973,319.08368613825576,437.0697730978095,336.56270297194567,352.09873642309435,364.06615940560073,377.6820203337478,395.6191352489737,oie
1970.5,382.6851117066934,18.317643618511084,336.1096196691982,453.96334595274834,353.84127144898434,369.52815655991583,381.5647301109017,395.20620239824626,413.08508818122647,oie
1971,397.1268818891266,18.15028843559365,350.66946927977693,466.9438003748505,368.448952698116,384.1075033963899,396.07026789507216,409.5715665191958,427.16946381930853,oie
1971.5,408.50741719235384,17.77248657697719,362.68692549838846,476.0112403834458,380.3244041438525,395.779048741559,407.528631761033,420.731908635729,437.8399586929829,oie
1972,418.32258844979964,17.306978526365466,373.3723042596966,483.21876182718285,390.77662890081007,405.9397672572513,417.4271361823111,430.2640166198773,446.80105309564914,oie
1972.5,427.3701043272809,16.819190962143757,383.36817383104705,489.6447472414993,400.50460161051024,415.35694386347666,426.5535163031311,439.01160648494385,454.9632561000945,oie
1973,434.5633220210345,16.229394263357374,391.7774529700408,493.8446589029968,408.5402194321218,422.99353678390753,433.8316702601359,445.83270104172215,461.10301216973636,oie
1973.5,439.67939740344826,15.530968558830422,398.393277998609,495.5812313050172,414.6746898913601,428.62998628589287,439.0388135223373,450.5020889993118,464.98643045169155,oie
1974,444.1364052359517,14.83060195537083,404.38389506328565,496.72600364752316,420.163185428701,433.60480539810214,443.58091168758517,454.507457311864,468.21422529093377,oie
1974.5,446.46270946595956,14.024046550311253,408.51900994615755,495.35047610697825,423.6909618895513,436.5278043204498,445.99803869796654,456.30830151508826,469.133778638765,oie
1975,449.55513582053857,13.32719340277824,413.1895148353577,495.3004668008607,427.82531173410206,440.13567854244974,449.167168641155,458.94452372084083,471.0174731243188,oie
1975.5,451.5055244770543,12.593371169638864,416.8290211784786,494.0064806665303,430.88233765795195,442.62712065766505,451.1926067123938,460.41013333956283,471.70152037495416,oie
1976,452.67077827508024,11.852714972350912,419.7123817389554,491.95940924276283,433.17252652185476,444.33710461641897,452.42948986002864,461.08414795920316,471.5936102007467,oie
1976.5,451.51240870754975,10.99451585812726,420.58127428775015,487.1252935081638,433.32629131692914,443.80919578326257,451.35066903838424,459.3536453541776,468.9683338205215,oie
1977,450.1347175831152,10.176994055894527,421.1600578645427,482.3102931735901,433.2036269165813,443.03145275632005,450.04496208428975,457.4261504491675,466.19589765568327,oie
1977.5,447.75584464332076,9.343781124448892,420.79448048472966,476.4795998706124,432.11280627648654,441.26217779050955,447.73434086190645,454.4852627675523,462.3998143712613,oie
1978,445.1083333318989,8.545610951645598,420.0980878191196,470.57759249527396,430.70384378918527,439.200579558647,445.1495376695047,451.29454706141223,458.40305248389274,oie
1978.5,440.9441204503439,7.693918004157825,418.03147585168745,462.96886553876203,427.867164991919,435.6584671151104,441.04981514203257,446.553497446767,452.79630474981127,oie
1979,437.01460144189247,6.9146139929993105,416.04506579505653,455.9480539225804,425.16250033955646,432.29737071883153,437.1770984067683,442.08850251764596,447.55481244155214,oie
1979.5,431.26921438552836,6.058949646736964,412.4433030623957,446.8052742217903,420.7652323108978,427.1751449832722,431.49096673301057,435.75689249519394,440.36671550378793,oie
1980,425.63419722526476,5.268936426554802,408.8138884599728,438.0949661292777,416.383381471131,422.1160831141567,425.90707720807643,429.5755763942758,433.40363135358314,oie
1980.5,419.4659050283681,4.496258290103008,404.6273155324187,428.9467547552859,411.44949761554324,416.5125178369577,419.78338163805597,422.8685053108164,425.9371131248945,oie
1981,413.4873010939105,3.7899153748723537,400.49136958258225,420.3651708197922,406.61034148222694,411.04758890894396,413.84328061767906,416.39454899536645,418.77219194080214,oie
1981.5,407.35453979601243,3.124472699592106,396.12171174174773,412.24485572316524,401.56145701287016,405.4018068557664,407.7452647689687,409.788782935093,411.5231346557584,oie
1982,401.7220488083952,2.542418230815285,392.06861226297906,405.13839259869087,396.89488365552165,400.19355780685817,402.137706463485,403.7386703734137,404.89816224916024,oie
1982.5,395.07043183093214,1.939966083462571,387.0827652736728,397.23629096015725,391.26067353705685,393.9940846402276,395.51091521655877,396.62887824420284,397.1961810117183,oie
1983,388.068878618082,1.3787985256104862,381.7110719681782,389.34747787236756,385.25476614087796,387.426811675734,388.51390237794527,389.1456209547947,389.32362993355315,oie
1983.5,380.1032393563533,0.8779837189034622,375.45158743975327,380.811057007066,378.27781015229334,379.85103115913205,380.4251942089451,380.71333545177043,380.7972519247138,oie
1984,372.5196626024155,0.6770478046983825,365.993344393442,373.04279008294407,371.18804490634784,372.2890367248012,372.7759386977183,372.9757271397295,373.03300261123337,oie
1984.5,364.6602241762014,0.8854838040521523,356.2314884867006,365.31613713871616,362.9254212814616,364.3654121694256,365.01448082088564,365.25340498138814,365.3049570600952,oie
1985,357.58821312268253,1.2319284554021919,347.6672575339128,358.59755368150206,355.1140218725071,357.1492614609623,358.06560488979153,358.46461742366114,358.5827740019713,oie
1985.5,349.7444116046453,1.6620023999906852,338.2097420373722,351.3965052921548,346.48845823181983,348.95541595068954,350.29424400208507,351.0238406746622,351.3606557888761,oie
1986,342.28818271027296,2.0590480064785255,329.40297548220855,344.72056357965266,338.3514729420336,341.191106682989,342.8424923450214,343.8958331440148,344.62496940442696,oie
1986.5,334.74866880641986,2.444514398742306,320.6032243531347,338.15610989377956,330.1702853551049,333.35912112720064,335.306822662361,336.64459300527625,337.7685451700431,oie
1987,327.5365293080864,2.7865152785513376,312.3317377488517,331.9639273138302,322.40305514695984,325.8885856129703,328.09497367416685,329.6827343518283,331.15613973221406,oie
1987.5,319.61034185655245,3.159243776931953,303.21779945130857,325.1344217530627,313.87244969089966,317.687574622696,320.1719343797622,322.0253611523327,323.8700378863397,oie
1988,312.3224085891396,3.4635200241170514,295.04401457158093,318.77189778036904,306.10130064282674,310.1713144637666,312.88037307086165,314.9523811281106,317.11387433949477,oie
1988.5,304.9504228783957,3.75515931656654,286.8349842663973,312.2882433699547,298.26792856099917,302.5806735881096,305.503183746683,307.7852246292602,310.24792050971314,oie
1989,297.86411616105187,4.007597605904033,279.0730110944126,305.9932294567642,290.7876692019998,295.3032842295679,298.41035121065215,300.87428682805296,303.6075964952989,oie
1989.5,290.53655422940164,4.2611996550988875,271.0495500434806,299.4510540229287,283.0646639108927,287.78676810888055,291.07870488505216,293.7248457154974,296.7245141239812,oie
1990,283.6673151906348,4.465750329527004,263.68140236480843,293.2481710472841,275.8861589219363,280.75863645374505,284.19865526650676,286.9968544780272,290.22289782284713,oie
1990.5,276.7450210266736,4.660480693505244,256.2947391073671,286.96207077913806,268.6725760858494,273.6878718920156,277.26680342187683,280.2066698346059,283.6510277547926,oie
1991,270.3059735101876,4.808634313961811,249.5744320478943,281.0425226374271,262.0188215741676,267.13320868195376,270.8140719780994,273.86512315698576,277.4905343558234,oie
1991.5,263.66248751301237,4.961688260461194,242.61564774306055,274.93142004033587,255.15015697917332,260.3689373863176,264.1582012144513,267.32448373505974,271.12908447993226,oie
1992,257.33621258844033,5.082042763857131,236.0998053450374,269.046445273897,248.65669674091885,253.9440110371431,257.8171325141603,261.07775233922206,265.0344859508775,oie
1992.5,251.2535809350939,5.1773559633518476,229.9171057729521,263.3413555781805,242.44410247360906,247.78128645285625,251.71877621971618,255.05516436674515,259.1419399938577,oie
1993,245.190574500124,5.264801058493117,223.77295474214696,257.62985110533856,236.26483415564002,241.64634203540038,245.64102735413286,249.0478697515403,253.2541673448514,oie
1993.5,239.01150676496187,5.355464640864223,217.48012752208857,251.8026342063664,229.963418858411,235.39449552686096,239.44882282162783,242.92744903237627,247.25311407241782,oie
1994,232.86094976826323,5.438348661295064,211.23177113463876,245.97748690203014,223.7005584878132,229.17565490407898,233.2836118190781,236.83007342269758,241.2677544561746,oie
1994.5,226.4580089806687,5.533895964355633,204.66271990238516,239.92609416476785,217.16435121895194,222.69589762949326,226.86848623116762,230.4890247302379,235.0464972849017,oie
1995,220.70187154458606,5.576635479431425,198.9581749824818,234.39137485766338,211.3639977184343,216.89764783877223,221.09567925416707,224.75638410826932,229.39278160121816,oie
1995.5,214.8414715274495,5.624088408643815,193.11234546240462,228.75777715402523,205.45027697753497,210.99515599974637,215.2210856978992,218.9225698390887,223.63772190948882,oie
1996,209.52337896458536,5.629866287615398,187.9770965408043,223.56069276787105,200.14745498314545,205.66197127908404,209.88656347698196,213.60192763543122,218.35865148283304,oie
1996.5,204.0009073473234,5.649883769716245,182.55785157094962,218.18773482551856,194.615122202811,200.1164528808198,204.3506072936163,208.0867446124983,212.89558255469333,oie
1997,198.7048316266198,5.652847127310379,177.42653027307222,212.99541416813938,189.3372589982423,194.81002328106584,199.04072033146912,202.78743432534736,207.63155489097542,oie
1997.5,193.39829881636052,5.656108420667653,172.26933994871297,207.78890342515498,184.048119225313,189.49250478411489,193.7202014944055,197.47654645405544,202.3560474700725,oie
1998,188.46643356147547,5.632494689506447,167.59095307844606,202.8862258608375,179.1767210589184,184.56883304578275,188.772071875851,192.52092832920513,197.41008917797228,oie
1998.5,183.45357646404324,5.6165194122209625,162.7838072281107,197.91586848692,174.2084077026839,179.5608686406116,183.74700133153354,187.49312127635852,192.39642159808227,oie
1999,178.775034715178,5.577468428567688,158.3988445038864,193.21939245348398,169.6141766906169,174.90074035937647,179.0542937669499,182.78061021888652,187.67761089838407,oie
1999.5,173.91947240745418,5.554013343968985,153.75784861784436,188.37837600801177,164.8175419319301,170.0557110406958,174.18757824529087,177.90301312516328,182.80437176033885,oie
2000,169.40072763778875,5.507960356199857,149.53911407417507,183.81600324630654,160.3928540506128,165.56194886975226,169.6542039541418,173.3457572104726,178.23237254886055,oie
2000.5,164.89578097516218,5.464054432203569,145.3155431276769,179.26619007035828,155.97533027688795,161.08148155733406,165.136402297663,168.804246109532,173.67618643408568,oie
2001,160.50604651085297,5.4147548348251195,141.21884761347414,174.81422561485326,151.679618478869,156.7204426187816,160.73339962931576,164.37454600776147,169.2240807586217,oie
2001.5,156.3006255320648,5.355495531611682,137.34033450909732,170.51772560688215,147.5866704274142,152.55034462630516,156.5146494703635,160.12069071328384,164.94126355089531,oie
2002,152.3925864020411,5.278872533677064,133.8220686052447,166.47529349259747,143.82008970166362,148.69138457091623,152.59358262507095,156.15214367130957,160.92591951559888,oie
2002.5,148.24075312153457,5.224908032383751,129.95210752338403,162.23474692980244,139.7716938298261,144.57238604439786,148.4324074837947,151.95609448492837,156.7021885899069,oie
2003,144.49618111702856,5.145101505811799,126.59733085515867,158.3373320617103,136.17046517219833,140.8800941471435,144.67315905191214,148.14946907173166,152.8414565775125,oie
2003.5,140.6452716178459,5.078886279192223,123.06301179423929,154.36323723046263,132.43903328277582,137.07049847976432,140.81259458806227,144.2475628121289,148.89814002606428,oie
2004,137.03136159965484,4.999484197492411,119.81763012096214,150.5917480763439,128.96749834870062,133.51012745368624,137.18717905664323,140.57358785281465,145.17038007714376,oie
2004.5,133.1320252666736,4.94664504064278,116.16337422846424,146.5954999016723,125.16213360252985,129.64483366092998,133.2780159376531,136.63259767087175,141.19557101228358,oie
2005,129.65155968464333,4.8667236033971575,113.03947411245629,142.94864977526188,121.82291492638772,126.21566218640484,129.7872299504902,133.08868079463116,137.5977437127204,oie
2005.5,125.92196364746864,4.810177107252423,109.55518951438492,139.1056611635433,118.19530531347401,122.52301990568975,126.04956472990858,129.3126284175184,133.78454083592257,oie
2006,122.51782674873839,4.733801958690373,106.48081962193135,135.53585274818602,114.92562219741879,119.17069890788112,122.63548643891886,125.84919774328536,130.26586348932952,oie
2006.5,118.94326381561555,4.674906975943627,103.15406394947146,131.8361719709078,111.45432023752548,115.63580048681537,119.05436251454016,122.23022756772694,126.60411237462304,oie
2007,115.62889709502207,4.60169170034717,100.15052246080836,128.35903116213876,108.26521511174886,112.36995706776638,115.73239635140021,118.86083432767275,123.17878965882731,oie
2007.5,112.01406769880845,4.554521248184687,96.72223694755422,124.64176152096384,104.73217550587768,108.78813463900755,112.11228643290072,115.21179544808352,119.4990020618467,oie
2008,108.71453583336056,4.487974595010235,93.69339569649537,121.19183112370702,101.5472292113037,105.53334971710493,108.8063218311911,111.8629096395395,116.0966503009776,oie
2008.5,105.41421446663051,4.425610085837876,90.64250558892017,117.75073096819777,98.35693686472074,102.27516871049892,105.50074260319874,108.51735007180142,112.7016542169273,oie
2009,102.16811763308195,4.363873192718785,87.6392473184593,114.3602143628082,95.21727510304436,99.07150948258604,102.24495834436931,105.22496716331808,109.35977438753156,oie
2009.5,98.93000414343807,4.305924174351283,84.62891271612195,110.98728440799799,92.07600541741955,95.87249352163052,99.00247709750664,101.94424465363517,106.02993741752427,oie
2010,96.04794095040594,4.225860719245096,82.06622518175833,107.91579913360927,89.33116348833315,93.04534729736635,96.11384180534122,99.00397782419928,103.02363724889723,oie
2010.5,92.9940388654287,4.163221873747584,79.2496957256621,104.71180045089024,86.38126239152291,90.03193428513534,93.05389106760919,95.90357762293455,99.87143194867143,oie
2011,90.1586962439589,4.089425346964203,76.6987438890987,101.69756173884026,83.67113559850303,87.24801545237464,90.21404973992975,93.01494150323131,96.92308266245037,oie
2011.5,87.31376850210322,4.021093922600073,74.1125618472267,98.68605060195135,80.94327929769781,84.4500507252785,87.36474303580354,90.12015682212143,93.97041450559887,oie
2012,84.58063367327229,3.94901200901362,71.65220682877683,95.77514981402157,78.32961260271904,81.76568336204059,84.62801028812038,87.33467602244666,91.12432453940366,oie
2012.5,81.83171294471113,3.882890353539384,69.14789898945051,92.86213122926968,75.69124293931927,79.06212896844856,81.87415509048934,84.53848689420772,88.27067275059704,oie
2013,79.22848207279213,3.8107670437256598,66.81572333362018,90.07848800105434,73.20772598665893,76.50844439361937,79.26660425786147,81.8827249591294,85.55282620949714,oie
2013.5,76.60048251529898,3.745260955725322,64.42688647435313,87.28525044393231,70.68835138288358,73.92619474781736,76.6358745872534,79.20745314737505,82.82128923617768,oie
2014,74.06208053833441,3.6774127109817427,62.1347153459697,84.57475228443468,68.26100471595376,71.43482256706741,74.09328827609286,76.62000833001575,80.17439256505057,oie
2014.5,71.4328411102855,3.620765933968437,59.70208662534326,81.79889199019175,65.72403300186866,68.84490185044751,71.4616669538889,73.94993718324555,77.45426516970062,oie
2015,68.87713842842399,3.562364539007577,57.34994934699067,79.09106282793954,63.26296266539592,66.33077371382878,68.9036141526035,71.35184757203822,74.80526226416785,oie
2015.5,66.27420526251923,3.5115818421175726,54.918503089320225,76.35601569624816,60.74291731917335,63.764719121387095,66.29851744992854,68.71216950378594,72.11939041822863,oie
2016,63.878840516370055,3.4491069929041798,52.74441871696012,73.79496826715214,58.45036100960284,61.41372360083713,63.89844908741571,66.27250471371865,69.62517205122546,oie
2016.5,61.040001203982115,3.4227257508387328,49.96921752317496,70.880028997224,55.651994963502524,58.593997853208016,61.06040120433476,63.41666704617504,66.74112898710098,oie
2017,58.4961650444697,3.376648451384065,47.576728879123785,68.21311212784087,53.182379457233125,56.082598392173054,58.515668935382735,60.84037711329521,64.12205457109987,oie
2017.5,55.81785652362737,3.3434667897614347,44.99501180566345,65.44116641913122,50.55598645986459,53.42921145977009,55.836732997006536,58.13764048789311,61.38774490722449,oie
2018,53.28555398858561,3.3017828672215512,42.5955714126578,62.79629666058639,48.09216529766102,50.926731367123494,53.30292365592027,55.577777359136164,58.78759543091385,oie
2018.5,50.73484258497379,3.2643342859047837,40.15944476969935,60.142152321356114,45.60035104912785,48.40232215982976,50.7521693107994,53.000796145969034,56.17426555480864,oie
2019,48.373748614211024,3.2152544805660783,37.968361181957675,57.64872853925751,43.3173485402955,46.07742189095143,48.38861028755459,50.60514570566033,53.73401275252035,oie
2019.5,45.867506110755045,3.180200328748994,35.5673393735334,55.04545830128382,40.86701937367421,43.59520301518871,45.88341034416166,48.075181219157606,51.170587141336995,oie
2020,43.508279818704935,3.137089412965903,33.35342601847091,52.567694684524604,38.57548287016967,41.267603591671254,43.52312862425411,45.684687040599364,48.73981528391315,oie
2020.5,41.06141594323041,3.1030603045825607,31.01110580520494,50.025619462500835,36.18110817307848,38.846533539766135,41.076429503410395,43.21425818690011,46.23698714550088,oie
2021,38.83049102485539,3.0553285553096363,28.944768970937453,47.66647748370079,34.027244655411096,36.64808250011925,38.84434175411911,40.94916286028127,43.92809596878644,oie
2021.5,36.53326271260192,3.0158041949910728,26.775030157973,45.25996102589369,31.793018546785408,34.38019752406879,36.546065362069726,38.624212219374726,41.56630917428037,oie
2022,34.42383400967286,2.9652343436053483,24.843923562164694,43.01504273482348,29.7653429508125,32.30525232742437,34.43489254054255,36.47849355427502,39.37532387422302,oie
2022.5,32.17325681429148,2.928443792906839,22.71070024041122,40.6603504123304,27.5742805417174,30.08081660054279,32.184646284465714,34.20293445347172,37.062553566051946,oie
2023,30.173735683420478,2.875639185862249,20.900695659801684,38.52030115336302,25.667301620571433,28.11831742704424,30.18093077093631,32.17196541708367,34.9783514478406,oie
1968.5,-10.995163032819011,1.8976078912966043,-15.935512018408925,-5.132882529021998,-14.102108154474308,-12.37230392851893,-11.001413753680966,-9.634483611311335,-7.8715497183419085,oa
1969,-9.372799147314849,2.1321191171820133,-14.749506969517823,-2.655227644032143,-12.837512236179471,-10.925622289683135,-9.411443140840358,-7.865626013034005,-5.842004279006459,oa
1969.5,-7.631538327653244,2.382264680104055,-13.56558356310944,-0.007319181064890934,-11.476476945424574,-9.37910031728978,-7.686623404896564,-5.963585330382215,-3.6642487850409755,oa
1970,-5.7868080681051985,2.6454776199518,-12.306109383430464,2.7859336046309746,-10.031766070822533,-7.741904718063991,-5.858903471565647,-3.9476905773444257,-1.357570023958972,oa
1970.5,-3.8526236722736122,2.9194588259365055,-10.980118267040595,5.702041113933465,-8.515450325968937,-6.025267930575201,-3.9451094332789705,-1.8328571246993552,1.0604964701041313,oa
1971,-1.845867715452546,3.201531081436908,-9.598617492452055,8.714225777739948,-6.946038028350715,-4.243716878348597,-1.955865375616317,0.3625953121537684,3.568825230069692,oa
1971.5,0.2185594568555329,3.489373371648834,-8.17139701552405,11.799044790600899,-5.307237458695574,-2.4008581613059468,0.08851607209947598,2.62157939288693,6.148737004415348,oa
1972,2.3275477851566073,3.7809851298978683,-6.707146648978202,14.936054211263317,-3.6408923071554744,-0.511915496070825,2.173714952822814,4.932305545607363,8.783779500333386,oa
1972.5,4.473391323770781,4.075222471774257,-5.211061134479111,18.113434536522142,-1.9416115900774134,1.4086259535460721,4.292881109097202,7.280111450787164,11.464192294144524,oa
1973,6.650992061881571,4.37135803540676,-3.6866392472144627,21.323518310075727,-0.2133756598515167,3.356256056055662,6.447379595051705,9.66531781981983,14.183466483839622,oa
1973.5,8.847182534848265,4.6674580341766205,-2.1427308057443417,24.546016545888392,1.5336017590817155,5.32279914149858,8.620234597594866,12.08075634502054,16.925080975728658,oa
1974,11.058498991141539,4.963086346019228,-0.5818335162652843,27.776020899576316,3.2965249521499596,7.3152344414161306,10.80617461696165,14.494945271515235,19.66462535008542,oa
1974.5,13.274847864425793,5.256807669374137,0.9891787487195103,30.99820767764072,5.067508504906115,9.317520575561234,12.99000321625321,16.961599324842872,22.395315675666925,oa
1975,15.49357998775587,5.548333029087527,2.5682908737980625,34.20905806725183,6.844348600199723,11.32673940048451,15.18266022583803,19.383897447456278,25.19536948649397,oa
1975.5,17.71487926656964,5.837794307252035,4.155366777593317,37.40946730104744,8.627041914003565,13.32701778261164,17.380180210740058,21.813073349918387,27.942726976700737,oa
1976,19.93175887925021,6.124237592817878,5.745555266764457,40.58901424946315,10.38580782095424,15.343789487526237,19.58960788849562,24.265097978996398,30.72743653295514,oa
1976.5,22.136271502693596,6.406573071593706,7.333355534355102,43.735882046262105,12.151946313036,17.340227063972478,21.793622390224535,26.65537937112644,33.473386380179676,oa
1977,24.323375870652555,6.684161790388093,8.915146228788196,46.84283610709783,13.943027215949122,19.324416119044784,23.961166771498398,29.048048919483705,36.17414631337536,oa
1977.5,26.487380978658784,6.956267411492692,10.486880611799476,49.90165203040986,15.703042223167484,21.288258823411123,26.1162577964833,31.390544318194323,38.8407966534983,oa
1978,28.627890861917265,7.222953949685123,12.047972918117544,52.912432884336894,17.444507992558645,23.226317204410208,28.270756269171414,33.711191733985345,41.42306643733878,oa
1978.5,30.73742800291362,7.483214829466226,13.593208952371594,55.86415270887146,19.1576028307465,25.150818099908268,30.38489113469478,36.01106431568313,43.95170832478258,oa
1979,32.81586950429773,7.737156148582711,15.122164755296597,58.75735255160674,20.854989874681397,27.020796964535187,32.420052540192756,38.259317553988424,46.4339346839339,oa
1979.5,34.85673520501209,7.983920986322323,16.630283264526646,61.58259152272794,22.52257334611346,28.85085895265499,34.461430470028475,40.432377404062024,48.862000467661005,oa
1980,36.85725318038368,8.223217317938847,18.115400656707912,64.33626340284037,24.161326974385307,30.647840670454062,36.45335051028575,42.57447713537633,51.320159808214235,oa
1980.5,38.81519339759828,8.45483079308321,19.57572162214327,67.01564227022571,25.769363322690943,32.3993009051608,38.40052435219255,44.72452039859914,53.64604711291368,oa
1981,40.73151367167525,8.6790172000653,21.011572655320833,69.62296705662241,27.331436263764417,34.16463423644844,40.29342640501554,46.84194774282841,55.944671346616275,oa
1981.5,42.60466007071844,8.895652587588392,22.421630916362734,72.15643116039017,28.823948012063603,35.89482857901183,42.16039927566628,48.90363311520051,58.22618921612636,oa
1982,44.43797719933803,9.105333161339814,23.807807544245165,74.62199326553699,30.380407450242785,37.604969678918856,43.988323714330924,50.92186158704571,60.47355299620977,oa
1982.5,46.228708641871854,9.30773528806093,25.168037022321734,77.01589403919162,31.8992179528928,39.24029188116518,45.7639631211626,52.89356498669845,62.67097354933189,oa
1983,47.97423782563894,9.502558920711616,26.5003357525484,79.3346020385941,33.35506221854593,40.82505493489214,47.446248346712736,54.80390608929004,64.79397110921003,oa
1983.5,49.67049680908466,9.689287982883148,27.80177010707763,81.57232148629467,34.774249543695696,42.37085715763561,49.07323375232819,56.664024807494386,66.78991905621933,oa
1984,51.317447614579606,9.868009460727826,29.042524594504513,83.72964776618596,36.16820494477481,43.890630371892335,50.73139430115725,58.44857827540362,68.71111325886116,oa
1984.5,52.91408271795964,10.038658164495182,30.18522392393752,85.80557288252355,37.49584153767902,45.367010681074404,52.326323214019084,60.182541343522516,70.57262611599398,oa
1985,54.463456136741655,10.201767036433294,31.294885472726406,87.80550366382967,38.81623936351745,46.8090681883811,53.922729338367944,61.80348112562767,72.37208420361655,oa
1985.5,55.96516084150234,10.357346282716069,32.37131742025845,89.72923854520154,40.12503452204504,48.19915052282575,55.40006861706826,63.35960832885951,74.14694556576852,oa
1986,57.41893253057373,10.505425809387905,33.41441986712046,91.576888729195,41.38624605914493,49.5447167310456,56.86724107596575,64.91065046536275,75.94763719293869,oa
1986.5,58.82493203879242,10.64609400387537,34.4244151635047,93.34913165940439,42.60208501574378,50.85775038463308,58.28312476652964,66.46145936811808,77.68785467838168,oa
1987,60.18533690719154,10.779732189235473,35.40303009990553,95.04985227922403,43.726761986829544,52.13277414759665,59.63679198963756,67.90396544249033,79.37005506535277,oa
1987.5,61.49787686592612,10.906061772320191,36.348621490147835,96.67590638760437,44.814221004993286,53.38439185397931,60.90995228156892,69.29718600795253,80.96506592715512,oa
1988,62.763698214659165,11.025307757686033,37.26211373600563,98.22946730430226,45.881618139005255,54.54385847820037,62.17179350971791,70.69012118043005,82.4662482084446,oa
1988.5,63.984108250107745,11.137718133094424,38.14456383005638,99.7129898263196,46.934585232208384,55.65719544197739,63.40691882320537,72.01573772520847,83.90905866305155,oa
1989,65.16040079518643,11.243518777543425,38.99695734256569,101.12882612834362,47.953891289856664,56.75686515891076,64.57270086726086,73.29873906251983,85.29330228991452,oa
1989.5,66.29196242993724,11.342667779163008,39.818874484593316,102.47635489633255,48.938033871828594,57.767856093868254,65.6831375306709,74.50251656407626,86.61467828755937,oa
1990,67.38063087489175,11.435478018830063,40.611724163228004,103.75875112859067,49.85143305797694,58.78597313898493,66.79596119297504,75.68670971399587,87.88015075602928,oa
1990.5,68.42651453155604,11.522002005213576,41.37560179505484,104.97646216759927,50.731465469601005,59.79536013655867,67.81528857694352,76.80694387322438,89.09541767732068,oa
1991,69.43255654809555,11.60270435863559,42.11273155807027,106.13437253570113,51.584106320479854,60.73253196246587,68.77800372703268,77.77695738673617,90.26324085223784,oa
1991.5,70.39826122992132,11.677544173670254,42.82272302981638,107.2319363489589,52.476101845834194,61.66079022076099,69.73322082439537,78.77749418044472,91.37683468671723,oa
1992,71.32472635229273,11.746713678830423,43.506406278899455,108.2710758626102,53.34668002805494,62.544646023971524,70.68812091490861,79.75106610210568,92.43338398145625,oa
1992.5,72.21390933206516,11.810521783053414,44.16523624144797,109.25504387016628,54.11890123368658,63.35150836334519,71.59705437685749,80.62397379084562,93.34927330737845,oa
1993,73.06626199991383,11.869060766595286,44.799529923011505,110.18472181425265,54.83091335833941,64.11789893978248,72.43514332683577,81.56522808816224,94.38330293502993,oa
1993.5,73.88193785376393,11.922378331584248,45.40937096624287,111.06051262248818,55.51450402614242,64.88247100349248,73.26757543317751,82.48476655974358,95.33568579558623,oa
1994,74.66092343196472,11.970494230040835,45.99471114342468,111.88253964405791,56.16963363311585,65.65829667070876,74.064103032765,83.31287903654466,96.20726018903434,oa
1994.5,75.40231517254156,12.013305443369719,46.55483151203299,112.64953203811667,56.795512472531435,66.34376386082296,74.78848320070807,84.09941234855222,97.00261063506645,oa
1995,76.10811694735231,12.051126528641369,47.091228039178866,113.36479299787938,57.39414586728022,67.02926746484121,75.45141099915608,84.84655032218669,97.74433123085083,oa
1995.5,76.77925576028696,12.08411258023556,47.60454329868868,114.02992826134239,57.96613804281108,67.69744323821331,76.08508944304236,85.56981304805021,98.44244003466359,oa
1996,77.41778994395762,12.112579601160208,48.09630232724316,114.64825664219269,58.5129967423932,68.34577425268928,76.734388640477,86.26176299192356,99.11529730744799,oa
1996.5,78.024261734988,12.136622870223244,48.56685208006284,115.22072470103551,59.0496377881455,68.9747679278918,77.35193329509971,86.87565525046554,99.81178278876051,oa
1997,78.59928594785926,12.156348175727492,49.016607136387556,115.74837379436099,59.606592020364346,69.55944114947688,77.96239034476248,87.46754519757876,100.46710965941352,oa
1997.5,79.14299732674031,12.171793174898935,49.44561503222311,116.23149965481416,60.13803126760956,70.11931915299763,78.53847999131425,88.02977387599509,101.06064738382464,oa
1998,79.65710422099046,12.183217073912699,49.85511408681198,116.67285163831265,60.59808178752647,70.6297401060384,79.06224082417435,88.56664003525833,101.58567831422604,oa
1998.5,80.14236545092892,12.190745472519737,50.24562365189467,117.07367742535158,61.03573638130313,71.11422479719505,79.5301140302791,89.02567667596917,102.07437093431629,oa
1999,80.59954901880901,12.194499712796052,50.61764975601646,117.43522589359867,61.451578081798,71.58731250264044,79.95956335257593,89.45192692043362,102.52770335559683,oa
1999.5,81.02912051353431,12.194559733785537,50.971409193133695,117.75830998807125,61.84587251565315,72.0576021573981,80.36484474236906,89.84543636445264,102.94634785242272,oa
2000,81.4319251807988,12.19106119836536,51.3076475386105,118.04423380823614,62.2194621017146,72.50314500364702,80.74742221955,90.2136686941506,103.36566730226151,oa
2000.5,81.8088471193333,12.184141021868982,51.62688486841027,118.29444249499544,62.60503049317385,72.87185822448639,81.117836563105,90.55435173393516,103.75524887765435,oa
2001,82.16033459769564,12.173869892694162,51.929397344721906,118.5096457517032,62.98598678034327,73.20391590732196,81.48481477581458,90.87718827420065,104.08566765847816,oa
2001.5,82.48730148600585,12.160400705761282,52.215735629771444,118.69128015114083,63.34747031470567,73.51370285107518,81.82585161628563,91.1860127735255,104.39270964329764,oa
2002,82.79141937633206,12.143971368541226,52.487212998487685,118.84195892309623,63.69043260536072,73.82889812716436,82.14357912096571,91.46777442201714,104.66987455876125,oa
2002.5,83.0725417177098,12.124573560529516,52.74359652387361,118.961462995681,64.01453342673938,74.12395266728794,82.40501716280346,91.73381490203732,104.9139794618533,oa
2003,83.33147097952502,12.10233015664371,52.985425793917074,119.05104658392473,64.28184298002259,74.3873769034552,82.64513834282494,91.98395574189355,105.12912725577641,oa
2003.5,83.56915763315749,12.077385875643916,53.21335037278163,119.11219524059757,64.53177229960414,74.61812357683822,82.86489348731007,92.18786357469244,105.31761259550929,oa
2004,83.78596909098778,12.0497998697043,53.42759001952846,119.14548087847399,64.76529764641377,74.83067083614448,83.06820377707614,92.37864998546974,105.47995522795908,oa
2004.5,83.98175654596722,12.019559217139323,53.62796430966776,119.15066243842176,64.9786914121341,75.02483548589723,83.27209172983697,92.56360537336455,105.61601434258617,oa
2005,84.15730942962766,11.986786838067689,53.81499978720306,119.12896494980797,65.16757910693762,75.201318150463493,83.48163128198539,92.72633549431053,105.72681444998841,oa
2005.5,84.3128870361937,11.951527315905421,53.98883898663453,119.08076061613482,65.36069231279332,75.3603382118697,83.65621246040367,92.86713606398757,105.81271213184013,oa
2006,84.4490939304415,11.913874248215762,54.14987002893001,119.00698119691633,65.52800843664262,75.50241962904985,83.79799243051622,92.98228456071328,105.87449254764043,oa
2006.5,84.56601970591865,11.873849213214596,54.29810266102608,118.9077525469453,65.68012610771221,75.62761001883112,83.92074606610467,93.08690254582741,105.91230737739205,oa
2007,84.6644160341747,11.831566466334827,54.43404165094812,118.7842388605378,65.8176336052021,75.7365827099521,84.05106910108518,93.171687034593,105.92714666509158,oa
2007.5,84.74394883398708,11.786988169619972,54.557375153126976,118.63589717809764,65.9402288737726,75.83549341364215,84.16908216763785,93.23097933187773,105.91863941790133,oa
2008,84.80506279371053,11.740185057247835,54.66838492887716,118.46341134355676,66.04824088783974,75.93742634451073,84.23413282401471,93.23609324982935,105.8873578347696,oa
2008.5,84.84841781043977,11.691259319397457,54.767521776165616,118.26781362772154,66.14279127968933,76.02611023291739,84.28820062835352,93.23517948395897,105.83416917791804,oa
2009,84.87453744774274,11.64029204377007,54.85512006713922,118.04990979812358,66.22504465444257,76.09899509320434,84.33731589625314,93.23227403415957,105.75974751225785,oa
2009.5,84.88316520180133,11.587254887957462,54.930931372362046,117.80912356395402,66.29912923061634,76.15741262548636,84.36634166401358,93.20284714165706,105.66381449133777,oa
2010,84.87602489289617,11.532396920277426,54.99620176766595,117.5484408668992,66.38749668812567,76.20854842135816,84.35058057009037,93.1516841845153,105.54854431221041,oa
2010.5,84.85327179135771,11.475746524499472,55.05100143695096,117.26792905035799,66.46264244147252,76.25312781339393,84.33622148249597,93.08348403567439,105.41415747275474,oa
2011,84.81522310682566,11.417354227179983,55.095518167989965,116.96806170262164,66.52521691985412,76.277690996226,84.31860505846034,92.99467708200793,105.25978119384614,oa
2011.5,84.76237570118636,11.357298333564394,55.13004841821334,116.64961247799211,66.57561795614981,76.26883683172353,84.28834439033605,92.88519497451453,105.0861943720109,oa
2012,84.69533141265615,11.295660967473761,55.155053469718055,116.31345814475137,66.61387505965052,76.27805578541984,84.24365137558254,92.75300174662642,104.89539673851084,oa
2012.5,84.61412757834533,11.232462165118315,55.17047558573296,115.95961826136403,66.64001253333552,76.24555507104196,84.18457578133098,92.59120146412086,104.68744009882957,oa
2013,84.51947172455039,11.167803389821742,55.17679174295309,115.58916398825447,66.65455484829369,76.19997642186898,84.09868235777208,92.41418332346151,104.46326392094724,oa
2013.5,84.41155321404818,11.101718772180122,55.17411999279087,115.20243398671748,66.65769517948588,76.14482890282565,83.9895964588262,92.25808030897942,104.2231371382246,oa
2014,84.29073917418937,11.034261362220201,55.16266600137354,114.7998693166412,66.6496766318878,76.07778522945824,83.86795415915282,92.07526609700406,103.9675293036667,oa
2014.5,84.15703596298047,10.965440333316343,55.142398026113426,114.38149837748935,66.63054304592224,75.99887440178205,83.76022464874765,91.87859781529279,103.69647478087609,oa
2015,84.01037863040187,10.895251388551877,55.113216799200785,113.94717645341368,66.58758269151697,75.91284421605643,83.64184391804218,91.67440383217989,103.40990234565955,oa
2015.5,83.85095722448355,10.82372746858117,55.075229494461865,113.49719342306753,66.53289119759148,75.81149949002774,83.51036742252893,91.47159683567219,103.10807221199495,oa
2016,83.67948503804622,10.750973266846131,55.02892832585382,113.03263459089985,66.44994764760305,75.69568048951564,83.36647983193436,91.2658749099159,102.79191876636344,oa
2016.5,83.49507486603721,10.676872215122614,54.97360754478508,112.55207411485179,66.35091087104384,75.56087709353187,83.1964725842166,91.03389568012588,102.460353887263,oa
2017,83.29764558733375,10.601420508227068,54.90916963142478,112.05537203845806,66.24137891050933,75.41109609030377,83.00772194561912,90.78719776003963,102.11325747832622,oa
2017.5,83.0874233916985,10.524656224004733,54.835743644746415,111.54286370363242,66.12152141507259,75.25390540756288,82.8065702205003,90.52670795870816,101.75094474184952,oa
2018,82.86490472568771,10.446653300049718,54.753678430216944,111.01534050730599,65.99173573167892,75.08638510197007,82.57767810599637,90.2765551774532,101.37404957863983,oa
2018.5,82.63008114648598,10.367418143155472,54.6629361335238,110.47276176745856,65.85197667986859,74.90848417415924,82.34475643457338,89.98618142330733,100.96214327172447,oa
2019,82.38374381566078,10.287063541379515,54.56407813442432,109.91634813404904,65.70292323417983,74.7200158800686,82.10700092507662,89.6820760817198,100.534624727845,oa
2019.5,82.1259502340482,10.205603399386494,54.457112859644276,109.34616905021288,65.54458039027882,74.52102971342478,81.85423084981568,89.36804004587296,100.09407409727126,oa
2020,81.85690085687406,10.123071530225287,54.342158796564675,108.76252036053246,65.37708933281051,74.31738734504162,81.58792855236008,89.03289047828324,99.64073406444908,oa
2020.5,81.57652360828988,10.039464297521006,54.21912765366565,108.16526361680911,65.21984787511411,74.11459425888407,81.30807481915414,88.69595575572798,99.17448995753624,oa
2021,81.2854190412717,9.954867920990573,54.08844290142633,107.55532842303239,65.05380833672669,73.90159914085575,81.01694852910113,88.34492368405644,98.69582012653885,oa
2021.5,80.9841554376138,9.869366347310505,53.950505582735616,106.93359318923945,64.87909269399687,73.68046561981761,80.72195044840691,87.98558641690923,98.22300554646881,oa
2022,80.67295232998833,9.782994008968938,53.80545434364969,106.30037308574236,64.69586621984357,73.44333489546429,80.41709418826403,87.62801765623362,97.74806475466254,oa
2022.5,80.3519229597439,9.695770677297501,53.65333322144173,105.65580306136901,64.50421876007678,73.18675405900244,80.10620482678854,87.23261439308382,97.2617451424045,oa
2023,80.02148827975508,9.607756238206312,53.49446593571372,105.05663086188233,64.30450283517777,72.92138392342517,79.79281316669218,86.83029774298879,96.74710099084457,oa
1968.5,-35.05461427289018,2.2836543786101355,-41.84898374103862,-27.86632070613415,-38.88449470875451,-36.61148454873769,-34.97502006019676,-33.50159337335426,-31.487380197518696,min
1969,-35.04982733812411,2.2837213001735934,-41.84474825210094,-27.85603258611713,-38.88051751841837,-36.60581535506899,-34.9690554915183,-33.49709399722151,-31.483516456433957,min
1969.5,-35.04074653827131,2.2841566547106655,-41.837301836505915,-27.839086101673736,-38.873100490867444,-36.5958892954048,-34.960491628917794,-33.48795317148837,-31.474180169578293,min
1970,-35.02710155858015,2.2849840875562983,-41.82644016693504,-27.8150933186907,-38.86202622842895,-36.58139526331017,-34.945275208535634,-33.473869039817004,-31.453551088264383,min
1970.5,-35.008657363128336,2.286224466708175,-41.811984923182834,-27.783724287202105,-38.84697530464844,-36.56174700083783,-34.92315971968396,-33.454101219380604,-31.42648362816886,min
1971,-34.98521894641221,2.287895476035413,-41.79378713960313,-27.74471415019619,-38.82781062877167,-36.54128557617742,-34.89862846537633,-33.427265695296995,-31.39272973195638,min
1971.5,-34.95663223535226,2.2900113798894877,-41.771724050960415,-27.697864578923536,-38.800505495089325,-36.51620201476144,-34.870581761004885,-33.39468447898103,-31.352098120357585,min
1972,-34.92278333723938,2.2925837996599023,-41.74571918838177,-27.6430383505083,-38.76846605572188,-36.48377052306115,-34.8391769085506,-33.35740889726774,-31.30444994687312,min
1972.5,-34.88358208408683,2.2956218630225056,-41.71569648366413,-27.58013820181493,-38.731711447457656,-36.44605844495533,-34.80102391503826,-33.31422220821437,-31.24968127995207,min
1973,-34.83895360466224,2.29913389529494,-41.68159701160068,-27.509088584377615,-38.69019183880236,-36.4055844493891,-34.760311653055986,-33.262425418537354,-31.18770764624764,min
1973.5,-34.788847316066885,2.3031261671343635,-41.64338015211022,-27.429851797399095,-38.64387922687045,-36.36139133121657,-34.70712108022295,-33.21409436212403,-31.13100004390125,min
1974,-34.733236343732614,2.3076030817596815,-41.60102296729795,-27.342426360177253,-38.592766497590446,-36.31222683017651,-34.64765244849571,-33.15384059028789,-31.073591234652547,min
1974.5,-34.672107551648146,2.312567915985878,-41.55451271996702,-27.24683065252853,-38.536781543592085,-36.260901139705396,-34.586394662458055,-33.09148858755653,-31.010257692385274,min
1975,-34.60546955111592,2.3180221776309637,-41.503852980115056,-27.143116025405313,-38.47533355217551,-36.20239755740615,-34.52124707645565,-33.01492971700382,-30.94100070884666,min
1975.5,-34.53332812869154,2.323967647216208,-41.44904521512505,-27.031326904875197,-38.410913287692615,-36.141905323564984,-34.45083091373024,-32.937747570932544,-30.866135757821947,min
1976,-34.455700063520844,2.330405199932294,-41.390096492648134,-26.91151653272261,-38.35111261647764,-36.066774818130114,-34.37625617411877,-32.85365829096884,-30.785437573544677,min
1976.5,-34.37262044659566,2.3373340993724616,-41.327035420057115,-26.783785755642555,-38.26720132875246,-35.98140636470576,-34.29656102650769,-32.762258528591325,-30.687733886772797,min
1977,-34.28414388425667,2.3447518652087975,-41.25989736723101,-26.648244250740973,-38.1864932939992,-35.8980513230161,-34.205589281112665,-32.671102481828996,-30.582110846319107,min
1977.5,-34.19033499225493,2.3526551032280354,-41.18872801025808,-26.50502241829622,-38.114266389991705,-35.80953008639862,-34.1103749200457,-32.56346485307115,-30.47024086744949,min
1978,-34.09126863014725,2.3610393610792304,-41.11358014253519,-26.354264058502388,-38.03737706109846,-35.713766683734384,-34.01059781821181,-32.46690057959917,-30.352163023901348,min
1978.5,-33.98702630122199,2.369899573517407,-41.0345121298169,-26.196121977669296,-37.9544881296051,-35.60522077378003,-33.90275429412759,-32.354563855213456,-30.238743492229215,min
1979,-33.877703386865456,2.379229252140176,-40.95159256515002,-26.03076864402709,-37.851153738656784,-35.505767934239984,-33.79161403505698,-32.238379012861,-30.120506441994266,min
1979.5,-33.763398259875316,2.389021545384989,-40.8648923804007,-25.85837919123346,-37.75565661913787,-35.40208860774971,-33.68167619767648,-32.118556441867014,-29.99684613360487,min
1980,-33.64422618371996,2.3992678703794543,-40.77449512403453,-25.679153508085804,-37.6568340219525,-35.289696923582994,-33.56426519752908,-31.98645585324092,-29.867889034493555,min
1980.5,-33.5203049405177,2.4099592712175895,-40.68048631493093,-25.49329325389249,-37.53755708073128,-35.177451305237,-33.440660394986054,-31.86290114507961,-29.733764303079724,min
1981,-33.391754062241446,2.421086334114819,-40.582954046946455,-25.3010031878077,-37.413760954011806,-35.052423852213934,-33.30371050950354,-31.733299353341486,-29.59434403661107,min
1981.5,-33.25869664756677,2.4326394230713526,-40.481985527068055,-25.10248407733895,-37.285880652421966,-34.922194553026586,-33.163086060618355,-31.59224090290316,-29.449834637464285,min
1982,-33.12124942422032,2.4446089600916605,-40.377664822735085,-24.897932868527818,-37.154036170825066,-34.787120410104514,-33.02681147309183,-31.45176552195317,-29.30054402107512,min
1982.5,-32.9795282453116,2.456985404237918,-40.27008047383107,-24.687538458358137,-37.023265965040956,-34.64760598621275,-32.88678054100541,-31.309623313808487,-29.146598761080163,min
1983,-32.833657076635355,2.4697583608622797,-40.15932072626682,-24.471503265833803,-36.89945999862218,-34.50393926595813,-32.74258133389868,-31.159058884561468,-28.988134722870456,min
1983.5,-32.68376697519217,2.4829163563188827,-40.04548110475703,-24.250038122104357,-36.763354189058006,-34.36296625313812,-32.59434147581713,-30.999452475074186,-28.81268860784048,min
1984,-32.52999606181862,2.496447213516665,-39.92866292540798,-24.023364570968432,-36.629006343764395,-34.22419134093272,-32.43539183058325,-30.846596922435857,-28.627091667321814,min
1984.5,-32.372480871006495,2.5103386644230428,-39.80896621050001,-23.791699529144395,-36.49157535200802,-34.078891916682835,-32.26960525643352,-30.67927115199406,-28.437023570552608,min
1985,-32.21135735336198,2.5245782987550585,-39.68649057417606,-23.55525745380005,-36.35110861149301,-33.92898544106279,-32.111613162444655,-30.51873347909448,-28.242652164270368,min
1985.5,-32.046754302092616,2.5391541934199955,-39.561330356678525,-23.314239828601035,-36.2061932761671,-33.77444207315719,-31.93904521468466,-30.352178453019295,-28.0476391535398,min
1986,-31.87880466174222,2.5540538571655103,-39.43358306780998,-23.06885358941324,-36.05990317379877,-33.61507355043919,-31.771856860104585,-30.18405079508868,-27.855256467660013,min
1986.5,-31.707638871566,2.5692648638714366,-39.30334436338478,-22.819300620645187,-35.91013270446922,-33.46184379338468,-31.5966019778619,-30.00340264286486,-27.659319842497638,min
1987,-31.533385221653035,2.5847748338440355,-39.17070849980509,-22.565777498172125,-35.75899189624287,-33.29399883106804,-31.420545441921853,-29.82365495925604,-27.446922100128475,min
1987.5,-31.356169923144737,2.6005714322432976,-39.03576811151665,-22.30847711517825,-35.60674413816928,-33.12866086128793,-31.25148130881894,-29.6265956762467,-27.22850302635776,min
1988,-31.17612339828857,2.6166417776574855,-38.89861904775949,-22.047598023384076,-35.45192664602757,-32.972149187564106,-31.078880613480187,-29.42855458049642,-27.02148297997393,min
1988.5,-30.99336864936397,2.6329734615695943,-38.75935261567464,-21.78332786278525,-35.294709288799694,-32.81806071859458,-30.899096203747035,-29.238570450888847,-26.82062183948803,min
1989,-30.808030225865693,2.649554111538065,-38.61805858489631,-21.515850054009245,-35.13519659536088,-32.64762966950646,-30.711210014622846,-29.043537672275683,-26.617799678391364,min
1989.5,-30.620226369878335,2.666371537589402,-38.47482495101784,-21.245343353650803,-34.979836721719806,-32.46870656489273,-30.522091722316734,-28.82627385825762,-26.412236055972006,min
1990,-30.43007675683523,2.6834134194117243,-38.329739624183624,-20.971985571360264,-34.823691710452664,-32.301175637115044,-30.33413255422468,-28.615741993151005,-26.202566011433813,min
1990.5,-30.237696175680604,2.7006678069789567,-38.18288723281083,-20.695946643432105,-34.665644274009495,-32.11562220641037,-30.141608288497434,-28.417850355496157,-25.97210850178647,min
1991,-30.043196867337095,2.7181229200585126,-38.03435043505821,-20.417391741096246,-34.50578386203591,-31.925936986738982,-29.947768891181227,-28.22060431896592,-25.739420416528382,min
1991.5,-29.84668603707079,2.7357673864803975,-37.88420816745675,-20.136477622030526,-34.34389520045228,-31.736770556876873,-29.74498861485403,-28.01878688950579,-25.504631382790116,min
1992,-29.64827107466055,2.7535897220369088,-37.7325397135263,-19.85335831650803,-34.18016995625779,-31.55106180283729,-29.546219879713508,-27.797392541574183,-25.271873204291758,min
1992.5,-29.44805507098333,2.7715788992820602,-37.57942081894139,-19.568187512574497,-34.014880091695076,-31.3657417770786,-29.33690935914518,-27.588219431015418,-25.03359295797249,min
1993,-29.246137072262528,2.7897241475562446,-37.424924603804975,-19.281105669509913,-33.848105134938386,-31.16664930647797,-29.142834931502048,-27.37209412253,-24.796840728765424,min
1993.5,-29.042615175687196,2.8080147843300796,-37.26912350909173,-18.99225394718229,-33.67992380307877,-30.98355414031201,-28.934956548133773,-27.144978133480354,-24.567007969961917,min
1994,-28.837587856622676,2.8264399993576363,-37.11209004235283,-18.70177329177436,-33.51026254594778,-30.7970885797105,-28.731306006248012,-26.91956461440237,-24.33554616497191,min
1994.5,-28.631153423945623,2.844989021078897,-36.95389692757401,-18.409804823546704,-33.33861897998557,-30.60334775115175,-28.531039689183412,-26.70463408703397,-24.102567061703994,min
1995,-28.423410338628365,2.8636510042044914,-36.79461693785646,-18.116489533283374,-33.16582340057876,-30.403333357763962,-28.334180439520186,-26.479684597484095,-23.868182473015807,min
1995.5,-28.214450764315494,2.8824157104630785,-36.63431822338037,-17.821958102572143,-32.98045486638034,-30.203094909687064,-28.136057920507106,-26.25203250994757,-23.632496832036498,min
1996,-28.00436484880053,2.901273099342727,-36.47306741761391,-17.526337835692573,-32.79160951033672,-30.001879310280724,-27.924384562391936,-26.025909865665636,-23.39502341765768,min
1996.5,-27.79323720229591,2.9202136600563824,-36.31092712438222,-17.22974712790537,-32.61552431729155,-29.799765581784268,-27.720110781718546,-25.80897109665692,-23.156335541718658,min
1997,-27.581152349869694,2.939227882210987,-36.147959934619834,-16.932304462282445,-32.43816677424056,-29.598864073273585,-27.510203973043602,-25.58940197047929,-22.91700056922047,min
1997.5,-27.368192649338752,2.958306474718952,-35.98422687200531,-16.634124634024804,-32.25966158985709,-29.397391665697437,-27.29709408473574,-25.372240097040397,-22.677209168235386,min
1998,-27.154438831313666,2.977440310655869,-35.819787694645115,-16.335319919664528,-32.07193108716485,-29.201215216710292,-27.078647945159183,-25.15586920779309,-22.436597210553327,min
1998.5,-26.939966895867073,2.9966207183013283,-35.654698915180475,-16.03599550317869,-31.87764110349227,-28.997681056547044,-26.86518019378914,-24.926361629873135,-22.19525045700455,min
1999,-26.72485236889825,3.015839143748773,-35.489016317836516,-15.736254980433518,-31.69794200079124,-28.797246526803377,-26.65039569466976,-24.69152605428862,-21.95325350394988,min
1999.5,-26.509167080625385,3.0350873459553083,-35.3227907333693,-15.436197276085583,-31.520238338992772,-28.591490810235182,-26.445045997871176,-24.46180252185309,-21.71068742277834,min
2000,-26.292983207629536,3.0543571089698256,-35.15608127702019,-15.135920743958643,-31.32796628401881,-28.391920267747835,-26.235069960057423,-24.235540807508087,-21.46169187475724,min
2000.5,-26.076368601900164,3.0736406465239248,-34.9889354581826,-14.835518169605933,-31.140216495132552,-28.195275090579727,-26.01680911543969,-24.0106130507696,-21.21010062787232,min
2001,-25.85939017415376,3.092930229001089,-34.82140308900017,-14.535080455311045,-30.947501654300968,-27.996365048411743,-25.798805037183627,-23.788622004802804,-20.968155269796945,min
2001.5,-25.642112743704068,3.1122185200018566,-34.65353245862257,-14.234695068938041,-30.765252760096118,-27.787899895349685,-25.58156932742639,-23.55826173984643,-20.72599971870127,min
2002,-25.424598134104336,3.131498377283921,-34.48536953283332,-13.934444670415157,-30.572350522691988,-27.583379919588868,-25.36162214904758,-23.32799765744609,-20.483700520589018,min
2002.5,-25.206904632059196,3.1507630464407104,-34.31695782186384,-13.634407190817544,-30.395825168310946,-27.378855679030256,-25.141466781532063,-23.099157581521812,-20.24132068959519,min
2003,-24.989091409895433,3.1700057473632857,-34.14834112991583,-13.334661981286743,-30.218075160489015,-27.17990888382049,-24.926767497405855,-22.871283802342795,-19.998924080297908,min
2003.5,-24.771213611028696,3.189220118167301,-33.97956139503322,-13.035282097775047,-30.035835327364246,-26.971400901886103,-24.70794431503154,-22.641740488603347,-19.75388694910976,min
2004,-24.55332569846185,3.2083998859416245,-33.810658822330254,-12.736339776394324,-29.84664521397731,-26.765618461350478,-24.488823192829024,-22.412077949343136,-19.508760134001022,min
2004.5,-24.335480573119007,3.2275389573366335,-33.641673071488576,-12.437904867873772,-29.64948001865915,-26.563668594758145,-24.269680868090227,-22.182499927623333,-19.26400601594718,min
2005,-24.117731834337114,3.24663121898922,-33.47264427209573,-12.140048666369196,-29.452390225811804,-26.36441330606229,-24.05057287417506,-21.953062878319997,-19.012127981418455,min
2005.5,-23.90012977960876,3.265670878552369,-33.303610102629165,-11.84283727987523,-29.25542136114386,-26.165354444594833,-23.83155146563154,-21.723979506740598,-18.759715223207795,min
2006,-23.68272505423773,3.284652196480995,-33.13460860483997,-11.546337826276343,-29.0586193990594,-25.966352752444493,-23.612780271449974,-21.495347259674393,-18.50753791357676,min
2006.5,-23.465565911821347,3.3035696512943056,-32.965676004982456,-11.2506136164513,-28.860822419095374,-25.76288788926753,-23.397317003715834,-21.267511755454713,-18.255655648202456,min
2007,-23.248700648995943,3.322417758902056,-32.79684860639176,-10.955728303614688,-28.674398793640567,-25.54759740367293,-23.182151873821113,-21.041018494690174,-18.004127905887923,min
2007.5,-23.03217556915822,3.341191277830694,-32.62816125677082,-10.661742484851633,-28.501285654418712,-25.341388263854903,-22.96733002139917,-20.81183487173635,-17.75301182318293,min
2008,-22.816038250332365,3.3598848535923533,-32.45964982184435,-10.368719113900028,-28.297354462771263,-25.14595151530316,-22.752898006526024,-20.585810878246484,-17.502365794861742,min
2008.5,-22.60033353773194,3.3784934326533245,-32.2913480977669,-10.076716831371124,-28.113677875716697,-24.944065608607403,-22.541394046409756,-20.364032652591153,-17.249892334249548,min
2009,-22.385105191830295,3.3970121299103297,-32.12328910257045,-9.785792727777466,-27.930950472205243,-24.73953510160995,-22.33200894284709,-20.13983919346382,-16.993597903753468,min
2009.5,-22.170396300982066,3.4154361107980975,-31.955505381557447,-9.496003033877876,-27.748207702644926,-24.536329984163274,-22.115842320305724,-19.90495374939477,-16.738260378351306,min
2010,-21.956248244920438,3.4337608012047207,-31.788028468474174,-9.207401960498075,-27.565508391196424,-24.333877591427132,-21.89992021157594,-19.67498524065936,-16.483928916752166,min
2010.5,-21.74269931034092,3.451981956463246,-31.620887197266857,-8.920037859089568,-27.383295576970202,-24.126625598539285,-21.685476810293814,-19.456509218812702,-16.231990880087228,min
2011,-21.529787770223464,3.470095309247219,-31.45411078764637,-8.633960327416034,-27.20159964950402,-23.924959917266953,-21.47181895158473,-19.238717800537874,-15.990968543102154,min
2011.5,-21.31755092295018,3.4880968056580843,-31.28772697199944,-8.349215817655464,-27.019782423902047,-23.72951946386176,-21.258806522244043,-19.015362532919717,-15.750714880965706,min
2012,-21.106023412273657,3.505982473449247,-31.12176278470624,-8.065849436093675,-26.838540452875232,-23.534637929843974,-21.046476027425378,-18.78960354135112,-15.511271737801023,min
2012.5,-20.895239218508728,3.523748867925698,-30.956244345537122,-7.783904514993112,-26.65485820512663,-23.34005132151468,-20.834862700898903,-18.563609853456313,-15.273108823894855,min
2013,-20.685231604304857,3.541392381964979,-30.791197327246998,-7.5034235739811495,-26.459022377219373,-23.144708669269708,-20.62486804850866,-18.337963799638867,-15.031270086295724,min
2013.5,-20.476035058470494,3.5589089684507793,-30.62664615761723,-7.224446611078794,-26.264008112357534,-22.946765678917487,-20.41858081080394,-18.11323675339274,-14.789219916139302,min
2014,-20.267677804089036,3.5762960874270555,-30.462614972003866,-6.947013133505209,-26.069840070164485,-22.747925134108808,-20.213026290291037,-17.889463702962267,-14.548198706569188,min
2014.5,-20.06019203260275,3.5935500140948538,-30.299127233270106,-6.6711614423750065,-25.87655126892889,-22.547908887014636,-20.00823765921306,-17.66768886067144,-14.308245051363722,min
2015,-19.853608084443497,3.610667751208763,-30.136206761633755,-6.39693053841639,-25.684166753879826,-22.35403193203439,-19.804243387944343,-17.449500064426164,-14.071320270337118,min
2015.5,-19.647956873918176,3.627645968221084,-29.973876900297846,-6.124358621967141,-25.492716667261895,-22.162147315303162,-19.59422173708447,-17.224816423707324,-13.841214095490127,min
2016,-19.4432676056153,3.6444816374478988,-29.812160535734655,-5.853483199153686,-25.30222883370777,-21.964428676449316,-19.383284839821933,-17.001614392868234,-13.61220697123931,min
2016.5,-19.239569210333578,3.661171754365159,-29.65107975250314,-5.584340006485444,-25.123205841553187,-21.775211003261685,-19.174127350058136,-16.785277797413315,-13.384331307589594,min
2017,-19.036893096902173,3.677713138302485,-29.490658902696197,-5.3169698692474565,-24.94640940702054,-21.586869891382698,-18.973338844914537,-16.57753002119061,-13.157622922305425,min
2017.5,-18.835269129222787,3.694102758242072,-29.33092095730472,-5.051410672463952,-24.77046542382794,-21.399705539173752,-18.773606634543526,-16.362685385196777,-12.932115548450186,min
2018,-18.634726965704868,3.710337573672137,-29.171888921936784,-4.787700484019886,-24.59539893428233,-21.213386463374704,-18.574959597435495,-16.152608409750552,-12.707842898889538,min
2018.5,-18.435295473384517,3.7264147189212324,-29.013584815695825,-4.525879523328169,-24.421234032791943,-21.027939774131895,-18.377425277877723,-15.944373551188136,-12.484837492178444,min
2019,-18.23700167086872,3.742331583346367,-28.8560302354518,-4.265974617559509,-24.247994284561262,-20.842176514953515,-18.180937105913287,-15.737312393787171,-12.263130398988773,min
2019.5,-18.039872079510378,3.758085528131925,-28.699245413047137,-4.008022208913831,-24.07570193264701,-20.65529832163229,-17.982655282312578,-15.531452449205508,-12.042751289463446,min
2020,-17.843932712779758,3.7736740071998978,-28.543250952818955,-3.7520555073159434,-23.904378540239637,-20.468918162698415,-17.788150905109603,-15.324591991570767,-11.82373014035539,min
2020.5,-17.64920997342768,3.7890945098575015,-28.38806674132166,-3.498106300554138,-23.734046256380573,-20.28504083776039,-17.591807887944675,-15.121162002787319,-11.604976285980584,min
2021,-17.45572814116912,3.804344716130581,-28.23371267959662,-3.24621292315852,-23.564728904167957,-20.103458966897747,-17.396593192806506,-14.919121399857794,-11.386304127761823,min
2021.5,-17.263510735677325,3.819422411110028,-28.080206956626718,-2.9963904651247875,-23.39644091190209,-19.923027411023668,-17.2030147078287,-14.718135908729945,-11.169079346669964,min
2022,-17.072580464809505,3.834325628372667,-27.927567516424446,-2.7486733772084104,-23.22920423974466,-19.743769534936366,-17.009405692860582,-14.51824378672742,-10.953553303147174,min
2022.5,-16.882959001667267,3.849052277317437,-27.775811322901077,-2.503087501313561,-23.06303706855798,-19.565687740772525,-16.816820355128435,-14.31966852074143,-10.73962975231602,min
2023,-16.69467309409672,3.863599720331537,-27.624955498382064,-2.2596591548401657,-22.898011132464788,-19.389678525422312,-16.625619971781134,-14.122420201735181,-10.527228563410649,min
