Sample_ID,Year,Watershed,Plot,Horizon,OM_TM,OM_OM,OM_LOI
1976-6-101-Oie+a,1976,6,101,Oie+a,10.44,5.21,49.87
1976-6-103-Oie+a,1976,6,103,Oie+a,58.35,10.27,17.6
1976-6-106-Oie+a,1976,6,106,Oie+a,10.07,3.50,34.77
1976-6-108-Oie+a,1976,6,108,Oie+a,27.25,9.70,35.58
1976-6-113-Oie+a,1976,6,113,Oie+a,7.92,4.13,52.22
1976-6-115-Oie+a,1976,6,115,Oie+a,16.22,6.38,39.31
1976-6-117-Oie+a,1976,6,117,Oie+a,10.01,2.40,23.98
1976-6-126-Oie+a,1976,6,126,Oie+a,32.37,7.52,23.24
1976-6-128-Oie+a,1976,6,128,Oie+a,7.28,3.24,44.44
1976-6-12-Oie+a,1976,6,12,Oie+a,43.96,8.78,19.98
1976-6-130-Oie+a,1976,6,130,Oie+a,13.06,3.77,28.83
1976-6-136-Oie+a,1976,6,136,Oie+a,15.63,4.26,27.24
1976-6-138-Oie+a,1976,6,138,Oie+a,37.23,15.77,42.36
1976-6-141-Oie+a,1976,6,141,Oie+a,4.34,3.13,72.17
1976-6-143-Oie+a,1976,6,143,Oie+a,18.71,7.35,39.27
1976-6-146-Oie+a,1976,6,146,Oie+a,17.35,5.67,32.71
1976-6-153-Oie+a,1976,6,153,Oie+a,24.13,7.82,32.4
1976-6-156-Oie+a,1976,6,156,Oie+a,25.19,7.07,28.05
1976-6-160-Oie+a,1976,6,160,Oie+a,12.27,4.49,36.61
1976-6-162-Oie+a,1976,6,162,Oie+a,8.03,5.80,72.17
1976-6-169-Oie+a,1976,6,169,Oie+a,52.59,21.78,41.42
1976-6-172-Oie+a,1976,6,172,Oie+a,6.73,3.36,49.84
1976-6-179-Oie+a,1976,6,179,Oie+a,10.03,6.10,60.79
1976-6-17-Oie+a,1976,6,17,Oie+a,4.32,2.16,50
1976-6-180-Oie+a,1976,6,180,Oie+a,3.56,2.02,56.8
1976-6-183-Oie+a,1976,6,183,Oie+a,6.17,3.22,52.13
1976-6-186-Oie+a,1976,6,186,Oie+a,6.00,3.71,61.84
1976-6-18-Oie+a,1976,6,18,Oie+a,7.40,4.65,62.91
1976-6-190-Oie+a,1976,6,190,Oie+a,12.05,3.89,32.28
1976-6-192-Oie+a,1976,6,192,Oie+a,5.98,3.44,57.53
1976-6-197-Oie+a,1976,6,197,Oie+a,7.37,4.20,56.92
1976-6-1-Oie+a,1976,6,1,Oie+a,5.56,3.85,69.22
1976-6-200-Oie+a,1976,6,200,Oie+a,15.84,11.84,74.73
1976-6-202-Oie+a,1976,6,202,Oie+a,10.73,8.15,75.93
1976-6-203-Oie+a,1976,6,203,Oie+a,23.10,6.86,29.68
1976-6-205-Oie+a,1976,6,205,Oie+a,14.12,5.71,40.46
1976-6-206-Oie+a,1976,6,206,Oie+a,23.28,18.35,78.82
1976-6-207-Oie+a,1976,6,207,Oie+a,13.79,9.62,69.78
1976-6-20-Oie+a,1976,6,20,Oie+a,49.82,19.04,38.21
1976-6-22-Oie+a,1976,6,22,Oie+a,20.64,14.12,68.44
1976-6-33-Oie+a,1976,6,33,Oie+a,16.71,14.75,88.29
1976-6-35-Oie+a,1976,6,35,Oie+a,73.68,11.04,14.98
1976-6-38-Oie+a,1976,6,38,Oie+a,5.03,3.76,74.75
1976-6-41-Oie+a,1976,6,41,Oie+a,7.16,4.29,59.98
1976-6-49-Oie+a,1976,6,49,Oie+a,3.51,2.73,77.72
1976-6-52-Oie+a,1976,6,52,Oie+a,4.33,2.36,54.47
1976-6-55-Oie+a,1976,6,55,Oie+a,4.35,3.25,74.6
1976-6-59-Oie+a,1976,6,59,Oie+a,21.67,5.87,27.07
1976-6-65-Oie+a,1976,6,65,Oie+a,17.33,4.01,23.14
1976-6-68-Oie+a,1976,6,68,Oie+a,2.96,1.88,63.59
1976-6-6-Oie+a,1976,6,6,Oie+a,5.00,4.06,81.15
1976-6-70-Oie+a,1976,6,70,Oie+a,3.99,3.25,81.6
1976-6-77-Oie+a,1976,6,77,Oie+a,6.37,3.12,48.94
1976-6-82-Oie+a,1976,6,82,Oie+a,63.77,10.78,16.91
1976-6-86-Oie+a,1976,6,86,Oie+a,71.55,11.51,16.09
1976-6-88-Oie+a,1976,6,88,Oie+a,34.79,7.99,22.97
1976-6-8-Oie+a,1976,6,8,Oie+a,8.94,5.93,66.28
1976-6-91-Oie+a,1976,6,91,Oie+a,13.83,3.85,27.84
1976-6-97-Oie+a,1976,6,97,Oie+a,49.17,9.94,20.22
1977-6-101-Oie+a,1977,6,101,Oie+a,11.38,3.15,27.66
1977-6-111-Oie+a,1977,6,111,Oie+a,10.84,7.65,70.59
1977-6-116-Oie+a,1977,6,116,Oie+a,11.04,4.35,39.38
1977-6-122-Oie+a,1977,6,122,Oie+a,9.92,4.00,40.35
1977-6-126-Oie+a,1977,6,126,Oie+a,12.57,6.96,55.35
1977-6-12-Oie+a,1977,6,12,Oie+a,4.30,3.34,77.61
1977-6-134-Oie+a,1977,6,134,Oie+a,37.92,9.18,24.19
1977-6-142-Oie+a,1977,6,142,Oie+a,7.66,4.40,57.45
1977-6-143-Oie+a,1977,6,143,Oie+a,91.20,13.23,14.51
1977-6-146-Oie+a,1977,6,146,Oie+a,9.73,3.39,34.85
1977-6-147-Oie+a,1977,6,147,Oie+a,40.34,14.13,35.03
1977-6-152-Oie+a,1977,6,152,Oie+a,10.40,2.71,26.07
1977-6-15-Oie+a,1977,6,15,Oie+a,21.59,19.91,92.25
1977-6-161-Oie+a,1977,6,161,Oie+a,9.46,6.02,63.62
1977-6-164-Oie+a,1977,6,164,Oie+a,12.18,5.38,44.2
1977-6-169-Oie+a,1977,6,169,Oie+a,17.71,5.63,31.78
1977-6-16-Oie+a,1977,6,16,Oie+a,2.60,1.63,62.5
1977-6-170-Oie+a,1977,6,170,Oie+a,6.95,2.39,34.43
1977-6-173-Oie+a,1977,6,173,Oie+a,5.99,2.17,36.28
1977-6-175-Oie+a,1977,6,175,Oie+a,23.07,12.08,52.34
1977-6-178-Oie+a,1977,6,178,Oie+a,12.39,7.11,57.35
1977-6-17-Oie+a,1977,6,17,Oie+a,7.39,4.13,55.87
1977-6-181-Oie+a,1977,6,181,Oie+a,41.30,10.16,24.61
1977-6-186-Oie+a,1977,6,186,Oie+a,15.61,9.90,63.41
1977-6-187-Oie+a,1977,6,187,Oie+a,7.40,5.82,78.67
1977-6-192-Oie+a,1977,6,192,Oie+a,7.01,3.23,46.07
1977-6-194-Oie+a,1977,6,194,Oie+a,6.18,3.72,60.15
1977-6-198-Oie+a,1977,6,198,Oie+a,5.58,1.82,32.64
1977-6-199-Oie+a,1977,6,199,Oie+a,11.56,6.42,55.47
1977-6-1-Oie+a,1977,6,1,Oie+a,9.05,6.31,69.74
1977-6-202-Oie+a,1977,6,202,Oie+a,24.51,9.50,38.75
1977-6-203-Oie+a,1977,6,203,Oie+a,17.73,9.16,51.67
1977-6-205-Oie+a,1977,6,205,Oie+a,6.86,4.73,68.89
1977-6-29-Oie+a,1977,6,29,Oie+a,5.05,3.30,65.31
1977-6-31-Oie+a,1977,6,31,Oie+a,18.92,14.30,75.57
1977-6-34-Oie+a,1977,6,34,Oie+a,11.07,7.43,67.08
1977-6-38-Oie+a,1977,6,38,Oie+a,12.89,8.68,67.38
1977-6-43-Oie+a,1977,6,43,Oie+a,6.81,5.07,74.35
1977-6-45-Oie+a,1977,6,45,Oie+a,8.09,6.06,74.95
1977-6-47-Oie+a,1977,6,47,Oie+a,51.93,11.18,21.53
1977-6-4-Oie+a,1977,6,4,Oie+a,6.73,5.54,82.28
1977-6-50-Oie+a,1977,6,50,Oie+a,3.90,2.21,56.52
1977-6-53-Oie+a,1977,6,53,Oie+a,6.17,4.15,67.31
1977-6-56-Oie+a,1977,6,56,Oie+a,9.48,6.58,69.41
1977-6-59-Oie+a,1977,6,59,Oie+a,4.27,2.58,60.44
1977-6-5-Oie+a,1977,6,5,Oie+a,30.15,18.47,61.27
1977-6-61-Oie+a,1977,6,61,Oie+a,4.16,1.82,43.74
1977-6-62-Oie+a,1977,6,62,Oie+a,4.09,2.77,67.68
1977-6-65-Oie+a,1977,6,65,Oie+a,5.98,2.65,44.25
1977-6-69-Oie+a,1977,6,69,Oie+a,3.45,2.14,61.95
1977-6-71-Oie+a,1977,6,71,Oie+a,4.31,2.76,63.94
1977-6-72-Oie+a,1977,6,72,Oie+a,9.56,6.82,71.38
1977-6-76-Oie+a,1977,6,76,Oie+a,8.73,4.74,54.31
1977-6-7-Oie+a,1977,6,7,Oie+a,1.58,0.40,24.99
1977-6-82-Oie+a,1977,6,82,Oie+a,5.66,2.33,41.12
1977-6-86-Oie+a,1977,6,86,Oie+a,12.48,8.65,69.34
1977-6-93-Oie+a,1977,6,93,Oie+a,10.16,2.97,29.24
1977-6-98-Oie+a,1977,6,98,Oie+a,7.38,4.05,54.87
1978-6-102-Oa,1978,6,102,Oa,4.61,0.89,19.23
1978-6-102-Oie,1978,6,102,Oie,4.32,3.26,-9999.99
1978-6-105-Oa,1978,6,105,Oa,9.52,4.06,42.66
1978-6-105-Oie,1978,6,105,Oie,2.95,2.44,-9999.99
1978-6-107-Oa,1978,6,107,Oa,10.89,5.62,51.62
1978-6-107-Oie,1978,6,107,Oie,2.90,2.57,-9999.99
1978-6-114-Oa,1978,6,114,Oa,6.36,2.60,40.9
1978-6-114-Oie,1978,6,114,Oie,4.38,4.11,-9999.99
1978-6-11-Oa,1978,6,11,Oa,5.78,1.87,32.28
1978-6-11-Oie,1978,6,11,Oie,3.35,2.88,-9999.99
1978-6-120-Oa,1978,6,120,Oa,10.69,2.48,23.21
1978-6-120-Oie,1978,6,120,Oie,2.13,1.67,-9999.99
1978-6-123-Oa,1978,6,123,Oa,21.07,9.68,45.94
1978-6-123-Oie,1978,6,123,Oie,5.18,4.60,-9999.99
1978-6-124-Oa,1978,6,124,Oa,15.27,3.17,20.73
1978-6-124-Oie,1978,6,124,Oie,2.83,2.07,-9999.99
1978-6-129-Oa,1978,6,129,Oa,3.84,1.56,40.57
1978-6-129-Oie,1978,6,129,Oie,2.28,1.70,-9999.99
1978-6-131-Oa,1978,6,131,Oa,14.17,6.45,45.49
1978-6-131-Oie,1978,6,131,Oie,5.55,4.70,-9999.99
1978-6-133-Oa,1978,6,133,Oa,9.09,2.95,32.49
1978-6-133-Oie,1978,6,133,Oie,1.48,0.70,-9999.99
1978-6-139-Oa,1978,6,139,Oa,27.57,12.77,46.33
1978-6-139-Oie,1978,6,139,Oie,2.68,2.39,-9999.99
1978-6-13-Oa,1978,6,13,Oa,6.01,3.57,59.37
1978-6-13-Oie,1978,6,13,Oie,4.36,3.97,-9999.99
1978-6-144-Oa,1978,6,144,Oa,6.06,2.68,44.2
1978-6-144-Oie,1978,6,144,Oie,0.62,0.48,-9999.99
1978-6-148-Oa,1978,6,148,Oa,24.84,5.92,23.84
1978-6-148-Oie,1978,6,148,Oie,1.96,1.75,-9999.99
1978-6-151-Oa,1978,6,151,Oa,26.84,6.60,24.59
1978-6-151-Oie,1978,6,151,Oie,1.94,1.72,-9999.99
1978-6-154-Oa,1978,6,154,Oa,5.72,1.57,27.49
1978-6-154-Oie,1978,6,154,Oie,3.09,1.46,-9999.99
1978-6-155-Oa,1978,6,155,Oa,7.91,3.51,44.4
1978-6-155-Oie,1978,6,155,Oie,2.81,1.81,-9999.99
1978-6-157-Oa,1978,6,157,Oa,0.00,0.00,-9999.99
1978-6-157-Oie,1978,6,157,Oie,1.37,1.18,-9999.99
1978-6-159-Oa,1978,6,159,Oa,3.74,1.23,32.79
1978-6-159-Oie,1978,6,159,Oie,1.88,1.33,-9999.99
1978-6-163-Oa,1978,6,163,Oa,30.18,18.45,-9999.99
1978-6-163-Oie,1978,6,163,Oie,2.04,1.86,-9999.99
1978-6-165-Oa,1978,6,165,Oa,3.84,2.74,71.36
1978-6-165-Oie,1978,6,165,Oie,1.91,1.82,-9999.99
1978-6-168-Oa,1978,6,168,Oa,7.22,2.55,35.29
1978-6-168-Oie,1978,6,168,Oie,1.37,1.07,-9999.99
1978-6-171-Oa,1978,6,171,Oa,5.27,2.20,41.81
1978-6-171-Oie,1978,6,171,Oie,1.78,1.52,-9999.99
1978-6-174-Oa,1978,6,174,Oa,31.00,9.38,30.27
1978-6-174-Oie,1978,6,174,Oie,2.05,1.69,-9999.99
1978-6-177-Oa,1978,6,177,Oa,16.37,6.66,40.68
1978-6-177-Oie,1978,6,177,Oie,1.86,1.62,-9999.99
1978-6-182-Oa,1978,6,182,Oa,20.17,4.84,23.98
1978-6-182-Oie,1978,6,182,Oie,5.34,4.03,-9999.99
1978-6-184-Oa,1978,6,184,Oa,6.51,1.53,23.57
1978-6-184-Oie,1978,6,184,Oie,1.34,1.09,-9999.99
1978-6-185-Oa,1978,6,185,Oa,16.21,11.26,69.45
1978-6-185-Oie,1978,6,185,Oie,2.89,2.64,-9999.99
1978-6-189-Oa,1978,6,189,Oa,6.33,1.96,31
1978-6-189-Oie,1978,6,189,Oie,1.63,1.39,-9999.99
1978-6-193-Oa,1978,6,193,Oa,10.84,8.15,75.15
1978-6-193-Oie,1978,6,193,Oie,1.99,1.75,-9999.99
1978-6-195-Oa,1978,6,195,Oa,4.74,2.10,44.4
1978-6-195-Oie,1978,6,195,Oie,1.79,1.58,-9999.99
1978-6-19-Oa,1978,6,19,Oa,4.64,2.28,49.11
1978-6-19-Oie,1978,6,19,Oie,4.28,3.81,-9999.99
1978-6-201-Oa,1978,6,201,Oa,16.38,10.08,61.51
1978-6-201-Oie,1978,6,201,Oie,3.03,2.73,-9999.99
1978-6-204-Oa,1978,6,204,Oa,1.61,0.64,39.78
1978-6-204-Oie,1978,6,204,Oie,0.99,0.61,-9999.99
1978-6-208-Oa,1978,6,208,Oa,23.10,10.90,47.16
1978-6-208-Oie,1978,6,208,Oie,3.34,3.06,-9999.99
1978-6-21-Oa,1978,6,21,Oa,12.01,6.74,56.16
1978-6-21-Oie,1978,6,21,Oie,4.76,3.88,-9999.99
1978-6-25-Oa,1978,6,25,Oa,8.78,3.97,-9999.99
1978-6-25-Oie,1978,6,25,Oie,2.89,2.60,-9999.99
1978-6-27-Oa,1978,6,27,Oa,8.52,4.52,53.04
1978-6-27-Oie,1978,6,27,Oie,3.42,3.08,-9999.99
1978-6-2-Oa,1978,6,2,Oa,3.49,1.34,38.34
1978-6-2-Oie,1978,6,2,Oie,2.35,2.13,-9999.99
1978-6-32-Oa,1978,6,32,Oa,7.45,5.87,78.83
1978-6-32-Oie,1978,6,32,Oie,3.69,3.43,-9999.99
1978-6-36-Oa,1978,6,36,Oa,14.14,4.25,30.09
1978-6-36-Oie,1978,6,36,Oie,1.89,1.71,-9999.99
1978-6-39-Oa,1978,6,39,Oa,4.65,1.98,42.51
1978-6-39-Oie,1978,6,39,Oie,1.74,1.47,-9999.99
1978-6-42-Oa,1978,6,42,Oa,0.00,0.00,-9999.99
1978-6-42-Oie,1978,6,42,Oie,13.73,12.31,-9999.99
1978-6-48-Oa,1978,6,48,Oa,0.00,0.00,-9999.99
1978-6-48-Oie,1978,6,48,Oie,8.32,4.81,-9999.99
1978-6-51-Oa,1978,6,51,Oa,8.21,1.85,22.55
1978-6-51-Oie,1978,6,51,Oie,1.26,1.09,-9999.99
1978-6-54-Oa,1978,6,54,Oa,6.94,3.03,43.62
1978-6-54-Oie,1978,6,54,Oie,1.15,0.96,-9999.99
1978-6-58-Oa,1978,6,58,Oa,2.09,0.74,35.49
1978-6-58-Oie,1978,6,58,Oie,3.86,2.69,-9999.99
1978-6-60-Oa,1978,6,60,Oa,4.15,1.14,27.52
1978-6-60-Oie,1978,6,60,Oie,4.53,3.06,-9999.99
1978-6-64-Oa,1978,6,64,Oa,7.28,2.81,38.58
1978-6-64-Oie,1978,6,64,Oie,2.91,2.40,-9999.99
1978-6-66-Oa,1978,6,66,Oa,4.61,3.73,80.89
1978-6-66-Oie,1978,6,66,Oie,3.57,3.37,-9999.99
1978-6-74-Oa,1978,6,74,Oa,3.01,1.39,46.04
1978-6-74-Oie,1978,6,74,Oie,2.02,1.77,-9999.99
1978-6-80-Oa,1978,6,80,Oa,3.20,0.89,27.9
1978-6-80-Oie,1978,6,80,Oie,2.49,2.07,-9999.99
1978-6-83-Oa,1978,6,83,Oa,11.91,7.60,63.8
1978-6-83-Oie,1978,6,83,Oie,4.88,4.59,-9999.99
1978-6-84-Oa,1978,6,84,Oa,8.07,3.40,42.1
1978-6-84-Oie,1978,6,84,Oie,2.47,2.18,-9999.99
1978-6-87-Oa,1978,6,87,Oa,9.01,4.89,54.24
1978-6-87-Oie,1978,6,87,Oie,2.51,2.26,-9999.99
1978-6-92-Oa,1978,6,92,Oa,8.17,2.41,29.43
1978-6-92-Oie,1978,6,92,Oie,2.46,1.97,-9999.99
1978-6-95-Oa,1978,6,95,Oa,2.52,1.10,43.73
1978-6-95-Oie,1978,6,95,Oie,4.24,3.54,-9999.99
1978-6-99-Oa,1978,6,99,Oa,5.87,2.68,45.61
1978-6-99-Oie,1978,6,99,Oie,3.12,2.16,-9999.99
1982-6-101-Oie+a,1982,6,101,Oie+a,11.11,5.23,47.09
1982-6-105-Oie+a,1982,6,105,Oie+a,8.87,6.80,76.67
1982-6-107-Oie+a,1982,6,107,Oie+a,16.03,12.36,77.11
1982-6-10-Oie+a,1982,6,10,Oie+a,10.19,4.16,40.89
1982-6-110-Oie+a,1982,6,110,Oie+a,7.10,2.29,32.25
1982-6-114-Oie+a,1982,6,114,Oie+a,7.47,4.67,62.53
1982-6-115-Oie+a,1982,6,115,Oie+a,6.16,3.34,54.2
1982-6-117-Oie+a,1982,6,117,Oie+a,7.68,5.31,69.12
1982-6-120-Oie+a,1982,6,120,Oie+a,7.24,2.08,28.76
1982-6-123-Oie+a,1982,6,123,Oie+a,33.64,25.51,75.82
1982-6-12-Oie+a,1982,6,12,Oie+a,10.98,4.57,41.64
1982-6-130-Oie+a,1982,6,130,Oie+a,8.28,5.92,71.48
1982-6-131-Oie+a,1982,6,131,Oie+a,16.93,7.22,42.62
1982-6-135-Oie+a,1982,6,135,Oie+a,7.98,2.97,37.27
1982-6-139-Oie+a,1982,6,139,Oie+a,3.84,1.65,42.98
1982-6-141-Oie+a,1982,6,141,Oie+a,11.86,4.21,35.53
1982-6-147-Oie+a,1982,6,147,Oie+a,9.25,4.87,52.7
1982-6-150-Oie+a,1982,6,150,Oie+a,18.19,7.98,43.85
1982-6-152-Oie+a,1982,6,152,Oie+a,7.20,3.19,44.27
1982-6-154-Oie+a,1982,6,154,Oie+a,4.40,3.35,76.21
1982-6-157-Oie+a,1982,6,157,Oie+a,9.62,4.10,42.67
1982-6-15-Oie+a,1982,6,15,Oie+a,12.10,7.82,64.66
1982-6-161-Oie+a,1982,6,161,Oie+a,11.37,6.35,55.86
1982-6-163-Oie+a,1982,6,163,Oie+a,10.56,3.71,35.1
1982-6-165-Oie+a,1982,6,165,Oie+a,11.77,4.45,37.85
1982-6-169-Oie+a,1982,6,169,Oie+a,13.43,4.16,30.99
1982-6-171-Oie+a,1982,6,171,Oie+a,22.81,9.73,42.65
1982-6-174-Oie+a,1982,6,174,Oie+a,12.02,6.50,54.07
1982-6-176-Oie+a,1982,6,176,Oie+a,18.67,7.43,39.77
1982-6-179-Oie+a,1982,6,179,Oie+a,15.20,12.66,83.27
1982-6-182-Oie+a,1982,6,182,Oie+a,9.33,6.61,70.88
1982-6-184-Oie+a,1982,6,184,Oie+a,21.26,10.87,51.12
1982-6-186-Oie+a,1982,6,186,Oie+a,10.89,6.03,55.42
1982-6-189-Oie+a,1982,6,189,Oie+a,20.91,10.36,49.57
1982-6-192-Oie+a,1982,6,192,Oie+a,17.71,9.81,55.41
1982-6-194-Oie+a,1982,6,194,Oie+a,13.25,7.18,54.17
1982-6-196-Oie+a,1982,6,196,Oie+a,16.24,9.08,55.87
1982-6-1-Oie+a,1982,6,1,Oie+a,5.28,3.83,72.46
1982-6-200-Oie+a,1982,6,200,Oie+a,10.08,4.64,46.04
1982-6-203-Oie+a,1982,6,203,Oie+a,10.83,6.34,58.56
1982-6-207-Oie+a,1982,6,207,Oie+a,15.76,12.27,77.83
1982-6-20-Oie+a,1982,6,20,Oie+a,8.22,7.20,87.53
1982-6-23-Oie+a,1982,6,23,Oie+a,18.69,17.07,91.33
1982-6-25-Oie+a,1982,6,25,Oie+a,5.18,3.69,71.19
1982-6-27-Oie+a,1982,6,27,Oie+a,4.77,2.62,54.93
1982-6-30-Oie+a,1982,6,30,Oie+a,7.31,4.70,64.31
1982-6-32-Oie+a,1982,6,32,Oie+a,10.11,5.35,52.95
1982-6-34-Oie+a,1982,6,34,Oie+a,10.95,8.47,77.37
1982-6-38-Oie+a,1982,6,38,Oie+a,22.41,16.13,71.97
1982-6-44-Oie+a,1982,6,44,Oie+a,9.11,6.32,69.36
1982-6-48-Oie+a,1982,6,48,Oie+a,13.59,8.89,65.37
1982-6-4-Oie+a,1982,6,4,Oie+a,10.05,8.11,80.68
1982-6-50-Oie+a,1982,6,50,Oie+a,3.90,1.84,47.03
1982-6-53-Oie+a,1982,6,53,Oie+a,4.45,2.41,54.01
1982-6-59-Oie+a,1982,6,59,Oie+a,9.31,5.95,63.87
1982-6-5-Oie+a,1982,6,5,Oie+a,9.22,7.57,82.05
1982-6-62-Oie+a,1982,6,62,Oie+a,7.99,2.60,32.5
1982-6-64-Oie+a,1982,6,64,Oie+a,4.65,2.88,61.93
1982-6-67-Oie+a,1982,6,67,Oie+a,5.63,1.90,33.77
1982-6-71-Oie+a,1982,6,71,Oie+a,9.09,4.57,50.28
1982-6-76-Oie+a,1982,6,76,Oie+a,3.12,1.80,57.72
1982-6-78-Oie+a,1982,6,78,Oie+a,9.20,6.46,70.28
1982-6-81-Oie+a,1982,6,81,Oie+a,10.18,5.79,56.92
1982-6-86-Oie+a,1982,6,86,Oie+a,8.94,8.32,93.03
1982-6-88-Oie+a,1982,6,88,Oie+a,7.47,3.65,48.8
1982-6-92-Oie+a,1982,6,92,Oie+a,7.60,2.94,38.63
1982-6-97-Oie+a,1982,6,97,Oie+a,7.66,4.40,57.53
1982-6-9-Oie+a,1982,6,9,Oie+a,8.61,6.35,73.78
1987-6-104-Oa,1987,6,104,Oa,4.84,2.65,54.8
1987-6-104-Oie,1987,6,104,Oie,2.00,1.79,89.9
1987-6-107-Oa,1987,6,107,Oa,3.54,1.94,54.8
1987-6-107-Oie,1987,6,107,Oie,1.03,0.93,90.6
1987-6-111-Oa,1987,6,111,Oa,1.67,0.64,38.5
1987-6-111-Oie,1987,6,111,Oie,0.80,0.67,84.2
1987-6-112-Oa,1987,6,112,Oa,5.46,3.79,69.4
1987-6-112-Oie,1987,6,112,Oie,0.70,0.58,82.8
1987-6-114-Oa,1987,6,114,Oa,3.50,1.00,28.5
1987-6-114-Oie,1987,6,114,Oie,0.64,0.47,72.4
1987-6-116-Oa,1987,6,116,Oa,14.94,13.83,92.57
1987-6-116-Oie,1987,6,116,Oie,2.24,2.11,94.2
1987-6-119-Oa,1987,6,119,Oa,3.53,1.04,29.6
1987-6-119-Oie,1987,6,119,Oie,3.55,2.38,67.1
1987-6-120-Oa,1987,6,120,Oa,2.33,0.61,26.1
1987-6-120-Oie,1987,6,120,Oie,2.39,1.50,62.9
1987-6-122-Oa,1987,6,122,Oa,8.14,3.75,46.1
1987-6-122-Oie,1987,6,122,Oie,2.16,1.89,87.4
1987-6-123-Oa,1987,6,123,Oa,0.00,0.00,-9999.99
1987-6-123-Oie,1987,6,123,Oie,2.85,2.15,75.5
1987-6-125-Oa,1987,6,125,Oa,10.23,3.68,36
1987-6-125-Oie,1987,6,125,Oie,3.29,1.86,56.5
1987-6-126-Oa,1987,6,126,Oa,4.83,1.74,36.1
1987-6-126-Oie,1987,6,126,Oie,8.87,6.49,73.2
1987-6-127-Oa,1987,6,127,Oa,0.00,0.00,-9999.99
1987-6-127-Oie,1987,6,127,Oie,5.85,5.02,85.8
1987-6-128-Oa,1987,6,128,Oa,9.83,2.33,23.7
1987-6-128-Oie,1987,6,128,Oie,3.50,2.33,66.6
1987-6-130-Oa,1987,6,130,Oa,2.77,0.55,20
1987-6-130-Oie,1987,6,130,Oie,3.19,1.31,41.1
1987-6-132-Oa,1987,6,132,Oa,3.39,0.68,20.2
1987-6-132-Oie,1987,6,132,Oie,4.27,1.34,31.3
1987-6-136-Oa,1987,6,136,Oa,7.18,1.74,24.2
1987-6-136-Oie,1987,6,136,Oie,2.74,1.70,62.1
1987-6-13-Oa,1987,6,13,Oa,4.00,1.47,36.8
1987-6-13-Oie,1987,6,13,Oie,2.52,1.85,73.3
1987-6-145-Oa,1987,6,145,Oa,5.40,0.97,18
1987-6-145-Oie,1987,6,145,Oie,3.61,2.00,55.5
1987-6-151-Oa,1987,6,151,Oa,25.53,4.49,17.6
1987-6-151-Oie,1987,6,151,Oie,4.24,1.53,36.2
1987-6-152-Oa,1987,6,152,Oa,6.36,2.04,32.1
1987-6-152-Oie,1987,6,152,Oie,4.86,4.23,87.1
1987-6-153-Oa,1987,6,153,Oa,34.35,6.05,17.6
1987-6-153-Oie,1987,6,153,Oie,2.24,1.45,64.9
1987-6-157-Oa,1987,6,157,Oa,6.80,1.18,17.4
1987-6-157-Oie,1987,6,157,Oie,2.41,1.44,59.6
1987-6-164-Oa,1987,6,164,Oa,6.61,1.76,26.7
1987-6-164-Oie,1987,6,164,Oie,2.22,1.59,71.9
1987-6-166-Oa,1987,6,166,Oa,11.31,1.66,14.7
1987-6-166-Oie,1987,6,166,Oie,2.91,1.53,52.6
1987-6-168-Oa,1987,6,168,Oa,2.26,0.40,17.7
1987-6-168-Oie,1987,6,168,Oie,4.66,1.66,35.6
1987-6-169-Oa,1987,6,169,Oa,12.16,2.53,20.8
1987-6-169-Oie,1987,6,169,Oie,4.42,2.97,67.2
1987-6-170-Oa,1987,6,170,Oa,24.18,8.97,37.1
1987-6-170-Oie,1987,6,170,Oie,11.06,6.30,57
1987-6-172-Oa,1987,6,172,Oa,2.34,1.07,45.7
1987-6-172-Oie,1987,6,172,Oie,2.03,1.67,82
1987-6-173-Oa,1987,6,173,Oa,1.37,0.72,52.7
1987-6-173-Oie,1987,6,173,Oie,2.50,2.07,82.8
1987-6-175-Oa,1987,6,175,Oa,5.55,4.48,80.8
1987-6-175-Oie,1987,6,175,Oie,4.75,4.23,89.2
1987-6-177-Oa,1987,6,177,Oa,2.82,0.63,22.2
1987-6-177-Oie,1987,6,177,Oie,2.14,1.19,55.6
1987-6-17-Oa,1987,6,17,Oa,7.02,1.89,26.9
1987-6-17-Oie,1987,6,17,Oie,2.44,1.81,74.3
1987-6-180-Oa,1987,6,180,Oa,8.97,4.81,53.6
1987-6-180-Oie,1987,6,180,Oie,4.39,3.56,81
1987-6-183-Oa,1987,6,183,Oa,2.74,1.38,50.5
1987-6-183-Oie,1987,6,183,Oie,3.76,2.66,70.7
1987-6-187-Oa,1987,6,187,Oa,1.59,0.59,37.2
1987-6-187-Oie,1987,6,187,Oie,2.54,2.12,83.4
1987-6-188-Oa,1987,6,188,Oa,9.58,7.69,80.3
1987-6-188-Oie,1987,6,188,Oie,3.32,2.91,87.9
1987-6-18-Oa,1987,6,18,Oa,5.47,2.19,40
1987-6-18-Oie,1987,6,18,Oie,3.61,2.75,76.2
1987-6-190-Oa,1987,6,190,Oa,24.12,5.07,21
1987-6-190-Oie,1987,6,190,Oie,2.24,1.47,65.6
1987-6-191-Oa,1987,6,191,Oa,4.47,0.68,15.3
1987-6-191-Oie,1987,6,191,Oie,3.85,1.51,39.2
1987-6-193-Oa,1987,6,193,Oa,0.00,0.00,-9999.99
1987-6-193-Oie,1987,6,193,Oie,5.75,2.33,40.4
1987-6-194-Oa,1987,6,194,Oa,7.88,5.57,70.7
1987-6-194-Oie,1987,6,194,Oie,5.93,5.32,89.7
1987-6-197-Oa,1987,6,197,Oa,52.32,27.01,51.62
1987-6-197-Oie,1987,6,197,Oie,5.59,4.47,79.9
1987-6-1-Oa,1987,6,1,Oa,4.46,2.12,47.5
1987-6-1-Oie,1987,6,1,Oie,2.98,2.75,92.3
1987-6-201-Oa,1987,6,201,Oa,3.69,0.97,26.3
1987-6-201-Oie,1987,6,201,Oie,3.58,2.81,78.4
1987-6-204-Oa,1987,6,204,Oa,2.83,2.18,77.1
1987-6-204-Oie,1987,6,204,Oie,6.04,1.37,22.7
1987-6-205-Oa,1987,6,205,Oa,13.53,5.33,39.4
1987-6-205-Oie,1987,6,205,Oie,2.08,1.77,85.3
1987-6-206-Oa,1987,6,206,Oa,9.38,5.65,60.2
1987-6-206-Oie,1987,6,206,Oie,3.06,2.27,74.3
1987-6-24-Oa,1987,6,24,Oa,8.42,4.93,58.6
1987-6-24-Oie,1987,6,24,Oie,7.68,7.16,93.3
1987-6-27-Oa,1987,6,27,Oa,2.68,1.78,66.2
1987-6-27-Oie,1987,6,27,Oie,4.91,4.67,95.1
1987-6-2-Oa,1987,6,2,Oa,0.00,0.00,-9999.99
1987-6-2-Oie,1987,6,2,Oie,9.68,8.55,88.3
1987-6-32-Oa,1987,6,32,Oa,5.14,1.83,35.6
1987-6-32-Oie,1987,6,32,Oie,3.75,3.35,89.4
1987-6-36-Oa,1987,6,36,Oa,4.76,1.97,41.5
1987-6-36-Oie,1987,6,36,Oie,2.44,1.78,73
1987-6-39-Oa,1987,6,39,Oa,6.61,3.31,50
1987-6-39-Oie,1987,6,39,Oie,3.06,2.62,85.6
1987-6-45-Oa,1987,6,45,Oa,5.07,2.93,57.8
1987-6-45-Oie,1987,6,45,Oie,1.98,1.53,77.6
1987-6-46-Oa,1987,6,46,Oa,4.56,1.41,31
1987-6-46-Oie,1987,6,46,Oie,2.80,1.66,59.2
1987-6-49-Oa,1987,6,49,Oa,5.21,2.13,40.8
1987-6-49-Oie,1987,6,49,Oie,3.67,3.05,83.2
1987-6-4-Oa,1987,6,4,Oa,6.76,3.60,53.2
1987-6-4-Oie,1987,6,4,Oie,6.10,4.59,75.2
1987-6-52-Oa,1987,6,52,Oa,6.59,1.78,27
1987-6-52-Oie,1987,6,52,Oie,5.55,4.32,77.9
1987-6-57-Oa,1987,6,57,Oa,10.59,6.99,66
1987-6-57-Oie,1987,6,57,Oie,3.89,3.57,91.6
1987-6-64-Oa,1987,6,64,Oa,0.00,0.00,-9999.99
1987-6-64-Oie,1987,6,64,Oie,8.55,3.89,45.5
1987-6-77-Oa,1987,6,77,Oa,9.03,4.52,50
1987-6-77-Oie,1987,6,77,Oie,4.42,3.38,76.6
1987-6-82-Oa,1987,6,82,Oa,7.51,4.31,57.4
1987-6-82-Oie,1987,6,82,Oie,2.13,1.44,67.6
1987-6-84-Oa,1987,6,84,Oa,0.48,0.20,42.4
1987-6-84-Oie,1987,6,84,Oie,0.74,0.56,75.9
1987-6-85-Oa,1987,6,85,Oa,0.48,0.25,51.7
1987-6-85-Oie,1987,6,85,Oie,0.89,0.73,81.5
1987-6-86-Oa,1987,6,86,Oa,6.58,4.16,63.3
1987-6-86-Oie,1987,6,86,Oie,8.26,6.52,79
1987-6-87-Oa,1987,6,87,Oa,120.37,36.50,30.32
1987-6-87-Oie,1987,6,87,Oie,7.51,5.61,74.7
1987-6-8-Oa,1987,6,8,Oa,11.93,3.42,28.7
1987-6-8-Oie,1987,6,8,Oie,6.39,4.31,67.4
1987-6-97-Oa,1987,6,97,Oa,3.59,0.99,27.5
1987-6-97-Oie,1987,6,97,Oie,0.88,0.76,85.5
1987-6-99-Oa,1987,6,99,Oa,10.42,5.34,51.2
1987-6-99-Oie,1987,6,99,Oie,5.10,4.60,90.1
1992-6-103-Oa,1992,6,103,Oa,17.04,9.48,55.62
1992-6-103-Oie,1992,6,103,Oie,4.62,3.91,84.59
1992-6-106-Oa,1992,6,106,Oa,8.74,2.71,30.97
1992-6-106-Oie,1992,6,106,Oie,2.47,1.91,77.14
1992-6-107-Oa,1992,6,107,Oa,15.16,6.63,43.75
1992-6-107-Oie,1992,6,107,Oie,12.50,6.79,54.31
1992-6-110-Oa,1992,6,110,Oa,8.14,2.15,26.37
1992-6-110-Oie,1992,6,110,Oie,4.59,2.93,63.74
1992-6-114-Oa,1992,6,114,Oa,2.54,0.53,20.92
1992-6-114-Oie,1992,6,114,Oie,3.55,1.97,55.47
1992-6-116-Oa,1992,6,116,Oa,8.27,3.78,45.76
1992-6-116-Oie,1992,6,116,Oie,2.86,2.47,86.53
1992-6-117-Oa,1992,6,117,Oa,7.39,3.33,45
1992-6-117-Oie,1992,6,117,Oie,3.63,2.94,80.96
1992-6-11-Oa,1992,6,11,Oa,11.07,4.06,36.68
1992-6-11-Oie,1992,6,11,Oie,2.70,2.46,90.93
1992-6-121-Oa,1992,6,121,Oa,7.46,1.64,21.96
1992-6-121-Oie,1992,6,121,Oie,2.33,1.88,80.75
1992-6-123-Oa,1992,6,123,Oa,63.03,23.69,37.58
1992-6-123-Oie,1992,6,123,Oie,6.22,5.47,87.9
1992-6-125-Oa,1992,6,125,Oa,36.44,24.20,66.42
1992-6-125-Oie,1992,6,125,Oie,3.96,3.35,84.69
1992-6-126-Oa,1992,6,126,Oa,13.11,4.26,32.49
1992-6-126-Oie,1992,6,126,Oie,3.23,2.50,77.55
1992-6-12-Oa,1992,6,12,Oa,9.85,4.36,44.23
1992-6-12-Oie,1992,6,12,Oie,1.90,1.59,83.62
1992-6-133-Oa,1992,6,133,Oa,17.42,5.74,32.93
1992-6-133-Oie,1992,6,133,Oie,2.68,2.01,75.05
1992-6-136-Oa,1992,6,136,Oa,1.68,0.73,43.39
1992-6-136-Oie,1992,6,136,Oie,3.58,2.74,76.66
1992-6-139-Oa,1992,6,139,Oa,11.92,2.96,24.85
1992-6-139-Oie,1992,6,139,Oie,3.22,2.78,86.28
1992-6-141-Oa,1992,6,141,Oa,3.68,2.14,58.03
1992-6-141-Oie,1992,6,141,Oie,4.17,3.84,92.13
1992-6-143-Oa,1992,6,143,Oa,0.87,0.26,30.06
1992-6-143-Oie,1992,6,143,Oie,2.30,1.79,77.97
1992-6-145-Oa,1992,6,145,Oa,27.74,7.57,27.29
1992-6-145-Oie,1992,6,145,Oie,4.24,2.98,70.32
1992-6-151-Oa,1992,6,151,Oa,15.27,8.39,54.93
1992-6-151-Oie,1992,6,151,Oie,2.31,1.88,81.6
1992-6-153-Oa,1992,6,153,Oa,12.98,3.08,23.72
1992-6-153-Oie,1992,6,153,Oie,2.12,1.70,80.07
1992-6-155-Oa,1992,6,155,Oa,6.18,1.45,23.53
1992-6-155-Oie,1992,6,155,Oie,1.70,1.36,79.94
1992-6-157-Oa,1992,6,157,Oa,28.72,9.02,31.42
1992-6-157-Oie,1992,6,157,Oie,4.48,3.12,69.64
1992-6-159-Oa,1992,6,159,Oa,6.99,1.67,23.96
1992-6-159-Oie,1992,6,159,Oie,4.53,3.79,83.67
1992-6-161-Oa,1992,6,161,Oa,12.02,4.72,39.3
1992-6-161-Oie,1992,6,161,Oie,1.53,1.30,84.68
1992-6-163-Oa,1992,6,163,Oa,5.57,0.92,16.58
1992-6-163-Oie,1992,6,163,Oie,1.97,0.69,35.25
1992-6-165-Oa,1992,6,165,Oa,17.75,8.31,46.81
1992-6-165-Oie,1992,6,165,Oie,3.32,2.68,80.59
1992-6-167-Oa,1992,6,167,Oa,2.93,0.92,31.49
1992-6-167-Oie,1992,6,167,Oie,1.88,1.41,74.87
1992-6-169-Oa,1992,6,169,Oa,10.68,4.08,38.19
1992-6-169-Oie,1992,6,169,Oie,4.94,3.29,66.59
1992-6-173-Oa,1992,6,173,Oa,22.37,5.23,23.39
1992-6-173-Oie,1992,6,173,Oie,3.24,2.58,79.63
1992-6-175-Oa,1992,6,175,Oa,5.64,2.59,45.87
1992-6-175-Oie,1992,6,175,Oie,1.13,0.90,79.79
1992-6-177-Oa,1992,6,177,Oa,3.99,0.52,13.14
1992-6-177-Oie,1992,6,177,Oie,2.57,1.40,54.38
1992-6-179-Oa,1992,6,179,Oa,34.10,5.40,15.84
1992-6-179-Oie,1992,6,179,Oie,2.30,1.85,80.22
1992-6-17-Oa,1992,6,17,Oa,4.43,1.61,36.42
1992-6-17-Oie,1992,6,17,Oie,1.20,0.76,63.03
1992-6-180-Oa,1992,6,180,Oa,14.84,5.79,39
1992-6-180-Oie,1992,6,180,Oie,2.19,1.89,86.29
1992-6-183-Oa,1992,6,183,Oa,40.06,16.83,42
1992-6-183-Oie,1992,6,183,Oie,2.80,2.11,75.31
1992-6-184-Oa,1992,6,184,Oa,19.00,5.83,30.69
1992-6-184-Oie,1992,6,184,Oie,1.98,1.66,83.88
1992-6-187-Oa,1992,6,187,Oa,20.67,7.63,36.92
1992-6-187-Oie,1992,6,187,Oie,5.72,2.57,44.88
1992-6-189-Oa,1992,6,189,Oa,34.80,30.84,88.61
1992-6-189-Oie,1992,6,189,Oie,2.68,2.40,89.39
1992-6-191-Oa,1992,6,191,Oa,11.23,5.66,50.42
1992-6-191-Oie,1992,6,191,Oie,3.77,3.43,90.86
1992-6-193-Oa,1992,6,193,Oa,44.62,8.56,19.19
1992-6-193-Oie,1992,6,193,Oie,4.45,3.27,73.4
1992-6-197-Oa,1992,6,197,Oa,13.04,2.57,19.68
1992-6-197-Oie,1992,6,197,Oie,2.89,2.18,75.35
1992-6-199-Oa,1992,6,199,Oa,9.18,3.59,39.08
1992-6-199-Oie,1992,6,199,Oie,1.62,1.35,83.27
1992-6-201-Oa,1992,6,201,Oa,9.94,5.06,50.92
1992-6-201-Oie,1992,6,201,Oie,3.46,3.10,89.57
1992-6-204-Oa,1992,6,204,Oa,3.97,1.83,46.02
1992-6-204-Oie,1992,6,204,Oie,1.36,1.11,81.68
1992-6-207-Oa,1992,6,207,Oa,17.38,4.87,28.01
1992-6-207-Oie,1992,6,207,Oie,3.54,2.68,75.81
1992-6-208-Oa,1992,6,208,Oa,17.22,5.96,34.62
1992-6-208-Oie,1992,6,208,Oie,4.78,4.28,89.54
1992-6-20-Oa,1992,6,20,Oa,6.27,3.91,62.39
1992-6-20-Oie,1992,6,20,Oie,3.64,3.33,91.43
1992-6-21-Oa,1992,6,21,Oa,4.39,3.59,81.83
1992-6-21-Oie,1992,6,21,Oie,4.73,4.37,92.49
1992-6-24-Oa,1992,6,24,Oa,18.19,10.01,55.05
1992-6-24-Oie,1992,6,24,Oie,4.05,3.73,92.21
1992-6-28-Oa,1992,6,28,Oa,3.86,1.22,31.71
1992-6-28-Oie,1992,6,28,Oie,2.58,2.27,87.94
1992-6-29-Oa,1992,6,29,Oa,23.62,5.46,23.12
1992-6-29-Oie,1992,6,29,Oie,6.59,5.97,90.55
1992-6-2-Oa,1992,6,2,Oa,6.82,4.05,59.42
1992-6-2-Oie,1992,6,2,Oie,3.70,3.42,92.32
1992-6-32-Oa,1992,6,32,Oa,10.90,5.22,47.87
1992-6-32-Oie,1992,6,32,Oie,3.86,3.53,91.53
1992-6-33-Oa,1992,6,33,Oa,3.84,1.77,46.11
1992-6-33-Oie,1992,6,33,Oie,6.36,5.89,92.56
1992-6-35-Oa,1992,6,35,Oa,5.23,3.26,62.28
1992-6-35-Oie,1992,6,35,Oie,1.53,1.37,89.48
1992-6-40-Oa,1992,6,40,Oa,5.06,1.91,37.84
1992-6-40-Oie,1992,6,40,Oie,4.98,3.93,78.98
1992-6-44-Oa,1992,6,44,Oa,0.00,0.00,-9999.99
1992-6-44-Oie,1992,6,44,Oie,4.81,3.08,63.93
1992-6-4-Oa,1992,6,4,Oa,7.34,5.11,69.67
1992-6-4-Oie,1992,6,4,Oie,4.69,4.25,90.72
1992-6-50-Oa,1992,6,50,Oa,5.34,3.79,70.92
1992-6-50-Oie,1992,6,50,Oie,5.22,4.56,87.29
1992-6-53-Oa,1992,6,53,Oa,4.24,1.95,45.99
1992-6-53-Oie,1992,6,53,Oie,3.64,3.24,89.02
1992-6-56-Oa,1992,6,56,Oa,0.00,0.00,-9999.99
1992-6-56-Oie,1992,6,56,Oie,4.66,3.06,65.66
1992-6-58-Oa,1992,6,58,Oa,9.21,1.86,20.22
1992-6-58-Oie,1992,6,58,Oie,2.50,1.88,75.02
1992-6-60-Oa,1992,6,60,Oa,7.76,1.73,22.25
1992-6-60-Oie,1992,6,60,Oie,1.16,0.96,82.36
1992-6-67-Oa,1992,6,67,Oa,15.30,4.29,28.02
1992-6-67-Oie,1992,6,67,Oie,2.05,1.78,86.83
1992-6-68-Oa,1992,6,68,Oa,30.19,8.32,27.57
1992-6-68-Oie,1992,6,68,Oie,1.91,1.41,73.96
1992-6-6-Oa,1992,6,6,Oa,3.90,1.05,26.88
1992-6-6-Oie,1992,6,6,Oie,2.81,2.27,80.68
1992-6-70-Oa,1992,6,70,Oa,22.73,4.71,20.71
1992-6-70-Oie,1992,6,70,Oie,2.55,2.08,81.69
1992-6-72-Oa,1992,6,72,Oa,14.87,4.61,31.03
1992-6-72-Oie,1992,6,72,Oie,1.59,1.43,90.05
1992-6-73-Oa,1992,6,73,Oa,16.78,9.85,58.69
1992-6-73-Oie,1992,6,73,Oie,6.10,3.99,65.33
1992-6-76-Oa,1992,6,76,Oa,10.51,2.88,27.37
1992-6-76-Oie,1992,6,76,Oie,1.81,1.56,86.27
1992-6-79-Oa,1992,6,79,Oa,7.43,1.57,21.1
1992-6-79-Oie,1992,6,79,Oie,2.46,1.88,76.45
1992-6-82-Oa,1992,6,82,Oa,5.69,3.35,58.81
1992-6-82-Oie,1992,6,82,Oie,2.55,2.32,90.96
1992-6-84-Oa,1992,6,84,Oa,7.99,1.21,15.2
1992-6-84-Oie,1992,6,84,Oie,2.06,1.30,63.17
1992-6-89-Oa,1992,6,89,Oa,31.84,11.05,34.69
1992-6-89-Oie,1992,6,89,Oie,1.21,1.08,89.5
1992-6-8-Oa,1992,6,8,Oa,13.82,2.53,18.34
1992-6-8-Oie,1992,6,8,Oie,3.40,2.78,81.62
1992-6-93-Oa,1992,6,93,Oa,28.34,14.19,50.06
1992-6-93-Oie,1992,6,93,Oie,2.73,2.46,90.12
1992-6-95-Oa,1992,6,95,Oa,4.70,1.36,28.92
1992-6-95-Oie,1992,6,95,Oie,2.14,1.64,76.78
1992-6-97-Oa,1992,6,97,Oa,15.15,3.41,22.48
1992-6-97-Oie,1992,6,97,Oie,2.03,1.73,85.29
1992-6-99-Oa,1992,6,99,Oa,7.94,3.72,46.85
1992-6-99-Oie,1992,6,99,Oie,2.33,1.85,79.3
1997-6-101-Oa,1997,6,101,Oa,0.00,0.00,-9999.99
1997-6-101-Oie,1997,6,101,Oie,5.16,3.76,72.9
1997-6-105-Oa,1997,6,105,Oa,23.31,11.91,51.07
1997-6-105-Oie,1997,6,105,Oie,8.17,7.35,89.93
1997-6-108-Oa,1997,6,108,Oa,1.76,0.89,50.41
1997-6-108-Oie,1997,6,108,Oie,2.75,2.24,81.69
1997-6-110-Oa,1997,6,110,Oa,0.00,0.00,-9999.99
1997-6-110-Oie,1997,6,110,Oie,7.47,4.35,58.28
1997-6-115-Oa,1997,6,115,Oa,3.13,1.87,59.84
1997-6-115-Oie,1997,6,115,Oie,1.07,1.00,93.37
1997-6-118-Oa,1997,6,118,Oa,2.79,1.52,54.39
1997-6-118-Oie,1997,6,118,Oie,2.20,1.76,79.93
1997-6-121-Oa,1997,6,121,Oa,5.18,4.47,86.23
1997-6-121-Oie,1997,6,121,Oie,5.39,4.83,89.61
1997-6-124-Oa,1997,6,124,Oa,25.06,9.36,37.36
1997-6-124-Oie,1997,6,124,Oie,4.51,3.97,88.01
1997-6-127-Oa,1997,6,127,Oa,1.67,1.16,69.3
1997-6-127-Oie,1997,6,127,Oie,1.83,1.69,92.35
1997-6-12-Oa,1997,6,12,Oa,0.00,0.00,-9999.99
1997-6-12-Oie,1997,6,12,Oie,4.67,2.29,48.95
1997-6-130-Oa,1997,6,130,Oa,13.18,6.59,49.96
1997-6-130-Oie,1997,6,130,Oie,4.56,4.10,89.85
1997-6-131-Oa,1997,6,131,Oa,6.66,1.76,26.4
1997-6-131-Oie,1997,6,131,Oie,4.11,3.01,73.13
1997-6-133-Oa,1997,6,133,Oa,12.97,2.92,22.56
1997-6-133-Oie,1997,6,133,Oie,1.74,1.03,59.1
1997-6-135-Oa,1997,6,135,Oa,11.66,6.62,56.8
1997-6-135-Oie,1997,6,135,Oie,4.66,4.07,87.15
1997-6-137-Oa,1997,6,137,Oa,9.01,2.07,23
1997-6-137-Oie,1997,6,137,Oie,2.87,2.49,87.03
1997-6-140-Oa,1997,6,140,Oa,25.78,4.01,15.55
1997-6-140-Oie,1997,6,140,Oie,4.45,3.50,78.55
1997-6-142-Oa,1997,6,142,Oa,13.29,8.57,64.45
1997-6-142-Oie,1997,6,142,Oie,4.85,4.29,88.42
1997-6-146-Oa,1997,6,146,Oa,2.35,0.71,30.19
1997-6-146-Oie,1997,6,146,Oie,2.29,1.96,85.62
1997-6-149-Oa,1997,6,149,Oa,4.34,2.84,65.37
1997-6-149-Oie,1997,6,149,Oie,2.64,2.44,92.22
1997-6-153-Oa,1997,6,153,Oa,16.37,2.58,15.78
1997-6-153-Oie,1997,6,153,Oie,2.18,1.82,83.18
1997-6-156-Oa,1997,6,156,Oa,3.62,1.36,37.45
1997-6-156-Oie,1997,6,156,Oie,3.40,3.01,88.55
1997-6-159-Oa,1997,6,159,Oa,5.74,1.18,20.51
1997-6-159-Oie,1997,6,159,Oie,3.24,2.76,85.1
1997-6-15-Oa,1997,6,15,Oa,0.00,0.00,-9999.99
1997-6-15-Oie,1997,6,15,Oie,7.70,6.27,81.49
1997-6-161-Oa,1997,6,161,Oa,5.45,1.17,21.43
1997-6-161-Oie,1997,6,161,Oie,2.91,2.49,85.57
1997-6-162-Oa,1997,6,162,Oa,12.35,6.21,50.27
1997-6-162-Oie,1997,6,162,Oie,4.19,3.50,83.41
1997-6-164-Oa,1997,6,164,Oa,6.42,3.12,48.65
1997-6-164-Oie,1997,6,164,Oie,3.46,3.08,89.01
1997-6-166-Oa,1997,6,166,Oa,3.58,1.54,42.92
1997-6-166-Oie,1997,6,166,Oie,1.28,1.14,88.74
1997-6-168-Oa,1997,6,168,Oa,19.69,2.65,13.46
1997-6-168-Oie,1997,6,168,Oie,3.12,1.82,58.49
1997-6-16-Oa,1997,6,16,Oa,36.68,8.21,22.39
1997-6-16-Oie,1997,6,16,Oie,6.36,5.65,88.72
1997-6-170-Oa,1997,6,170,Oa,7.45,1.80,24.18
1997-6-170-Oie,1997,6,170,Oie,3.54,2.78,78.47
1997-6-171-Oa,1997,6,171,Oa,11.05,8.06,72.95
1997-6-171-Oie,1997,6,171,Oie,4.10,3.63,88.59
1997-6-173-Oa,1997,6,173,Oa,6.48,3.82,58.92
1997-6-173-Oie,1997,6,173,Oie,2.01,1.80,89.5
1997-6-176-Oa,1997,6,176,Oa,6.11,2.67,43.68
1997-6-176-Oie,1997,6,176,Oie,2.99,2.55,85.17
1997-6-179-Oa,1997,6,179,Oa,9.85,4.64,47.06
1997-6-179-Oie,1997,6,179,Oie,3.59,3.11,86.75
1997-6-182-Oa,1997,6,182,Oa,15.57,5.74,36.89
1997-6-182-Oie,1997,6,182,Oie,4.21,3.75,88.95
1997-6-185-Oa,1997,6,185,Oa,19.33,16.40,84.81
1997-6-185-Oie,1997,6,185,Oie,5.46,5.15,94.48
1997-6-186-Oa,1997,6,186,Oa,13.11,3.51,26.79
1997-6-186-Oie,1997,6,186,Oie,3.21,1.05,32.77
1997-6-188-Oa,1997,6,188,Oa,24.21,3.04,12.57
1997-6-188-Oie,1997,6,188,Oie,2.31,1.53,66.03
1997-6-190-Oa,1997,6,190,Oa,4.74,1.58,33.36
1997-6-190-Oie,1997,6,190,Oie,1.74,1.32,75.78
1997-6-192-Oa,1997,6,192,Oa,8.88,3.54,39.83
1997-6-192-Oie,1997,6,192,Oie,5.75,5.44,94.59
1997-6-194-Oa,1997,6,194,Oa,9.14,7.17,78.38
1997-6-194-Oie,1997,6,194,Oie,2.79,2.48,89.03
1997-6-196-Oa,1997,6,196,Oa,20.75,11.32,54.57
1997-6-196-Oie,1997,6,196,Oie,3.74,3.12,83.39
1997-6-197-Oa,1997,6,197,Oa,11.02,8.70,78.91
1997-6-197-Oie,1997,6,197,Oie,3.75,3.37,89.93
1997-6-198-Oa,1997,6,198,Oa,6.93,2.77,39.94
1997-6-198-Oie,1997,6,198,Oie,1.84,1.64,88.78
1997-6-199-Oa,1997,6,199,Oa,0.00,0.00,-9999.99
1997-6-199-Oie,1997,6,199,Oie,3.70,1.32,35.62
1997-6-1-Oa,1997,6,1,Oa,0.62,0.33,53.09
1997-6-1-Oie,1997,6,1,Oie,2.87,2.39,83.46
1997-6-201-Oa,1997,6,201,Oa,11.71,5.79,49.42
1997-6-201-Oie,1997,6,201,Oie,3.53,3.07,86.99
1997-6-202-Oa,1997,6,202,Oa,10.82,4.70,43.46
1997-6-202-Oie,1997,6,202,Oie,4.00,3.09,77.33
1997-6-203-Oa,1997,6,203,Oa,12.62,6.64,52.62
1997-6-203-Oie,1997,6,203,Oie,3.23,2.89,89.48
1997-6-205-Oa,1997,6,205,Oa,2.73,1.47,54.08
1997-6-205-Oie,1997,6,205,Oie,2.70,2.46,91.05
1997-6-208-Oa,1997,6,208,Oa,13.01,8.79,67.57
1997-6-208-Oie,1997,6,208,Oie,3.98,3.62,90.84
1997-6-20-Oa,1997,6,20,Oa,2.02,1.46,72.12
1997-6-20-Oie,1997,6,20,Oie,2.58,2.47,95.61
1997-6-23-Oa,1997,6,23,Oa,3.24,2.53,78.07
1997-6-23-Oie,1997,6,23,Oie,1.98,1.86,93.96
1997-6-26-Oa,1997,6,26,Oa,13.73,4.80,34.99
1997-6-26-Oie,1997,6,26,Oie,4.32,3.64,84.17
1997-6-30-Oa,1997,6,30,Oa,0.00,0.00,-9999.99
1997-6-30-Oie,1997,6,30,Oie,1.52,1.24,81.31
1997-6-31-Oa,1997,6,31,Oa,3.18,2.70,85.09
1997-6-31-Oie,1997,6,31,Oie,4.00,3.85,96.31
1997-6-35-Oa,1997,6,35,Oa,5.54,4.34,78.27
1997-6-35-Oie,1997,6,35,Oie,3.02,2.80,92.87
1997-6-37-Oa,1997,6,37,Oa,0.00,0.00,-9999.99
1997-6-37-Oie,1997,6,37,Oie,2.60,2.36,90.69
1997-6-39-Oa,1997,6,39,Oa,2.21,1.06,47.82
1997-6-39-Oie,1997,6,39,Oie,1.79,1.48,82.57
1997-6-3-Oa,1997,6,3,Oa,3.87,0.76,19.54
1997-6-3-Oie,1997,6,3,Oie,2.48,2.23,90.1
1997-6-42-Oa,1997,6,42,Oa,8.03,2.75,34.29
1997-6-42-Oie,1997,6,42,Oie,1.88,1.69,90.33
1997-6-46-Oa,1997,6,46,Oa,8.84,4.63,52.39
1997-6-46-Oie,1997,6,46,Oie,4.81,4.25,88.25
1997-6-50-Oa,1997,6,50,Oa,9.97,3.33,33.4
1997-6-50-Oie,1997,6,50,Oie,2.00,1.57,78.44
1997-6-52-Oa,1997,6,52,Oa,2.75,1.31,47.71
1997-6-52-Oie,1997,6,52,Oie,1.56,1.43,91.06
1997-6-55-Oa,1997,6,55,Oa,0.00,0.00,-9999.99
1997-6-55-Oie,1997,6,55,Oie,4.09,3.46,84.79
1997-6-56-Oa,1997,6,56,Oa,16.75,6.25,37.34
1997-6-56-Oie,1997,6,56,Oie,6.17,5.58,90.4
1997-6-58-Oa,1997,6,58,Oa,0.84,0.37,43.91
1997-6-58-Oie,1997,6,58,Oie,1.75,1.59,90.48
1997-6-5-Oa,1997,6,5,Oa,5.98,2.75,45.89
1997-6-5-Oie,1997,6,5,Oie,3.43,3.28,95.5
1997-6-60-Oa,1997,6,60,Oa,4.20,2.69,63.99
1997-6-60-Oie,1997,6,60,Oie,1.74,1.65,94.94
1997-6-64-Oa,1997,6,64,Oa,12.22,4.24,34.7
1997-6-64-Oie,1997,6,64,Oie,2.85,2.34,82.15
1997-6-66-Oa,1997,6,66,Oa,16.25,11.20,68.94
1997-6-66-Oie,1997,6,66,Oie,5.11,3.77,73.73
1997-6-67-Oa,1997,6,67,Oa,0.00,0.00,-9999.99
1997-6-67-Oie,1997,6,67,Oie,2.17,1.72,78.94
1997-6-70-Oa,1997,6,70,Oa,5.79,1.78,30.74
1997-6-70-Oie,1997,6,70,Oie,4.32,2.33,53.95
1997-6-72-Oa,1997,6,72,Oa,3.99,1.87,46.76
1997-6-72-Oie,1997,6,72,Oie,2.63,2.41,91.62
1997-6-74-Oa,1997,6,74,Oa,0.00,0.00,-9999.99
1997-6-74-Oie,1997,6,74,Oie,3.65,2.16,59.23
1997-6-75-Oa,1997,6,75,Oa,0.00,0.00,-9999.99
1997-6-75-Oie,1997,6,75,Oie,3.35,2.44,72.91
1997-6-77-Oa,1997,6,77,Oa,4.17,2.15,51.46
1997-6-77-Oie,1997,6,77,Oie,3.28,2.98,90.93
1997-6-7-Oa,1997,6,7,Oa,5.05,1.87,36.94
1997-6-7-Oie,1997,6,7,Oie,1.41,1.20,85.1
1997-6-80-Oa,1997,6,80,Oa,6.81,3.09,45.37
1997-6-80-Oie,1997,6,80,Oie,2.51,2.15,85.67
1997-6-83-Oa,1997,6,83,Oa,0.82,0.73,89.7
1997-6-83-Oie,1997,6,83,Oie,1.94,1.78,91.37
1997-6-87-Oa,1997,6,87,Oa,4.70,2.14,45.48
1997-6-87-Oie,1997,6,87,Oie,3.65,3.31,90.77
1997-6-89-Oa,1997,6,89,Oa,1.26,0.74,58.39
1997-6-89-Oie,1997,6,89,Oie,1.82,1.52,83.14
1997-6-92-Oa,1997,6,92,Oa,3.27,0.80,24.53
1997-6-92-Oie,1997,6,92,Oie,1.72,1.30,75.64
1997-6-96-Oa,1997,6,96,Oa,0.00,0.00,-9999.99
1997-6-96-Oie,1997,6,96,Oie,1.74,1.67,95.97
1997-6-98-Oa,1997,6,98,Oa,21.11,7.33,34.73
1997-6-98-Oie,1997,6,98,Oie,1.75,1.56,89.42
1997-6-99-Oa,1997,6,99,Oa,5.38,1.43,26.61
1997-6-99-Oie,1997,6,99,Oie,4.34,4.06,93.48
1997-6-9-Oa,1997,6,9,Oa,26.39,13.56,51.38
1997-6-9-Oie,1997,6,9,Oie,5.47,5.32,97.19
2002-6-100-Oa,2002,6,100,Oa,15.43,7.74,50.14
2002-6-100-Oie,2002,6,100,Oie,3.65,3.34,91.57
2002-6-102-Oa,2002,6,102,Oa,2.16,1.60,74.02
2002-6-102-Oie,2002,6,102,Oie,2.24,1.97,87.93
2002-6-103-Oa,2002,6,103,Oa,0.00,0.00,-9999.99
2002-6-103-Oie,2002,6,103,Oie,3.33,2.49,74.72
2002-6-107-Oa,2002,6,107,Oa,8.88,3.83,43.14
2002-6-107-Oie,2002,6,107,Oie,4.50,3.83,85.22
2002-6-10-Oa,2002,6,10,Oa,0.00,0.00,-9999.99
2002-6-10-Oie,2002,6,10,Oie,5.40,3.21,59.48
2002-6-110-Oa,2002,6,110,Oa,1.54,0.75,48.88
2002-6-110-Oie,2002,6,110,Oie,4.00,3.21,80.23
2002-6-111-Oa,2002,6,111,Oa,6.86,4.95,72.19
2002-6-111-Oie,2002,6,111,Oie,2.35,2.18,92.93
2002-6-114-Oa,2002,6,114,Oa,4.85,2.58,53.21
2002-6-114-Oie,2002,6,114,Oie,2.03,1.82,89.58
2002-6-118-Oa,2002,6,118,Oa,11.38,3.91,34.41
2002-6-118-Oie,2002,6,118,Oie,1.96,1.66,84.71
2002-6-120-Oa,2002,6,120,Oa,9.85,4.24,43.06
2002-6-120-Oie,2002,6,120,Oie,3.62,3.12,86.18
2002-6-121-Oa,2002,6,121,Oa,9.04,2.08,23.01
2002-6-121-Oie,2002,6,121,Oie,1.05,0.82,77.97
2002-6-125-Oa,2002,6,125,Oa,2.30,0.82,35.72
2002-6-125-Oie,2002,6,125,Oie,2.63,1.57,59.7
2002-6-128-Oa,2002,6,128,Oa,4.13,2.25,54.47
2002-6-128-Oie,2002,6,128,Oie,1.03,0.92,89.64
2002-6-129-Oa,2002,6,129,Oa,12.05,8.04,66.79
2002-6-129-Oie,2002,6,129,Oie,4.21,3.90,92.84
2002-6-12-Oa,2002,6,12,Oa,8.34,3.62,43.35
2002-6-12-Oie,2002,6,12,Oie,2.36,1.84,77.78
2002-6-130-Oa,2002,6,130,Oa,12.81,4.29,33.51
2002-6-130-Oie,2002,6,130,Oie,2.56,2.27,88.66
2002-6-131-Oa,2002,6,131,Oa,17.39,14.35,82.49
2002-6-131-Oie,2002,6,131,Oie,5.28,4.81,91.02
2002-6-132-Oa,2002,6,132,Oa,24.71,14.93,60.41
2002-6-132-Oie,2002,6,132,Oie,4.77,3.93,82.28
2002-6-135-Oa,2002,6,135,Oa,4.18,2.17,51.92
2002-6-135-Oie,2002,6,135,Oie,5.31,4.13,77.76
2002-6-139-Oa,2002,6,139,Oa,9.00,2.14,23.77
2002-6-139-Oie,2002,6,139,Oie,2.10,1.53,72.93
2002-6-140-Oa,2002,6,140,Oa,9.80,7.01,71.61
2002-6-140-Oie,2002,6,140,Oie,2.57,2.35,91.28
2002-6-141-Oa,2002,6,141,Oa,4.80,2.17,45.17
2002-6-141-Oie,2002,6,141,Oie,1.88,1.57,83.4
2002-6-144-Oa,2002,6,144,Oa,13.33,2.80,21.03
2002-6-144-Oie,2002,6,144,Oie,2.58,2.14,83.12
2002-6-145-Oa,2002,6,145,Oa,0.00,0.00,-9999.99
2002-6-145-Oie,2002,6,145,Oie,3.45,2.83,81.85
2002-6-148-Oa,2002,6,148,Oa,6.57,1.87,28.48
2002-6-148-Oie,2002,6,148,Oie,4.87,4.21,86.36
2002-6-149-Oa,2002,6,149,Oa,0.00,0.00,-9999.99
2002-6-149-Oie,2002,6,149,Oie,2.75,2.32,84.68
2002-6-153-Oa,2002,6,153,Oa,8.32,3.33,40.04
2002-6-153-Oie,2002,6,153,Oie,2.39,2.08,87.39
2002-6-156-Oa,2002,6,156,Oa,12.02,2.65,22.05
2002-6-156-Oie,2002,6,156,Oie,2.37,2.17,91.46
2002-6-157-Oa,2002,6,157,Oa,3.47,2.33,67.27
2002-6-157-Oie,2002,6,157,Oie,6.81,5.57,81.79
2002-6-160-Oa,2002,6,160,Oa,18.45,9.26,50.2
2002-6-160-Oie,2002,6,160,Oie,4.03,3.43,85.07
2002-6-161-Oa,2002,6,161,Oa,0.00,0.00,-9999.99
2002-6-161-Oie,2002,6,161,Oie,4.92,2.75,55.81
2002-6-162-Oa,2002,6,162,Oa,15.31,12.36,80.74
2002-6-162-Oie,2002,6,162,Oie,4.09,3.72,90.98
2002-6-164-Oa,2002,6,164,Oa,5.78,3.54,61.35
2002-6-164-Oie,2002,6,164,Oie,2.47,2.23,90.11
2002-6-165-Oa,2002,6,165,Oa,9.85,5.93,60.2
2002-6-165-Oie,2002,6,165,Oie,2.17,1.97,90.88
2002-6-166-Oa,2002,6,166,Oa,8.96,3.86,43.06
2002-6-166-Oie,2002,6,166,Oie,3.48,2.58,74.1
2002-6-168-Oa,2002,6,168,Oa,15.99,6.46,40.4
2002-6-168-Oie,2002,6,168,Oie,2.31,1.86,80.69
2002-6-169-Oa,2002,6,169,Oa,6.22,1.92,30.88
2002-6-169-Oie,2002,6,169,Oie,2.50,2.19,87.57
2002-6-16-Oa,2002,6,16,Oa,3.60,2.20,61.08
2002-6-16-Oie,2002,6,16,Oie,2.76,2.53,91.49
2002-6-171-Oa,2002,6,171,Oa,3.55,1.43,40.33
2002-6-171-Oie,2002,6,171,Oie,2.78,2.31,82.97
2002-6-173-Oa,2002,6,173,Oa,5.15,3.40,65.92
2002-6-173-Oie,2002,6,173,Oie,2.84,2.52,88.52
2002-6-175-Oa,2002,6,175,Oa,10.24,2.12,20.67
2002-6-175-Oie,2002,6,175,Oie,3.06,2.00,65.27
2002-6-176-Oa,2002,6,176,Oa,5.92,4.29,72.51
2002-6-176-Oie,2002,6,176,Oie,2.70,2.43,89.96
2002-6-177-Oa,2002,6,177,Oa,5.01,1.10,21.88
2002-6-177-Oie,2002,6,177,Oie,1.28,0.79,61.93
2002-6-179-Oa,2002,6,179,Oa,11.53,8.78,76.14
2002-6-179-Oie,2002,6,179,Oie,1.14,1.01,89.22
2002-6-180-Oa,2002,6,180,Oa,5.23,3.19,60.96
2002-6-180-Oie,2002,6,180,Oie,2.26,2.03,89.65
2002-6-182-Oa,2002,6,182,Oa,1.02,0.29,28.4
2002-6-182-Oie,2002,6,182,Oie,1.99,1.20,60.04
2002-6-183-Oa,2002,6,183,Oa,50.49,30.55,60.51
2002-6-183-Oie,2002,6,183,Oie,3.76,3.26,86.71
2002-6-185-Oa,2002,6,185,Oa,9.30,7.54,81.01
2002-6-185-Oie,2002,6,185,Oie,2.96,2.78,93.69
2002-6-186-Oa,2002,6,186,Oa,3.81,1.44,37.87
2002-6-186-Oie,2002,6,186,Oie,3.04,2.65,86.94
2002-6-189-Oa,2002,6,189,Oa,9.43,7.61,80.72
2002-6-189-Oie,2002,6,189,Oie,4.83,4.46,92.39
2002-6-190-Oa,2002,6,190,Oa,0.00,0.00,-9999.99
2002-6-190-Oie,2002,6,190,Oie,3.57,2.41,67.46
2002-6-193-Oa,2002,6,193,Oa,0.00,0.00,-9999.99
2002-6-193-Oie,2002,6,193,Oie,2.33,1.88,80.58
2002-6-194-Oa,2002,6,194,Oa,0.00,0.00,-9999.99
2002-6-194-Oie,2002,6,194,Oie,12.93,3.89,30.1
2002-6-195-Oa,2002,6,195,Oa,3.12,1.43,45.89
2002-6-195-Oie,2002,6,195,Oie,2.56,2.14,83.67
2002-6-196-Oa,2002,6,196,Oa,8.98,6.58,73.24
2002-6-196-Oie,2002,6,196,Oie,3.12,2.88,92.32
2002-6-198-Oa,2002,6,198,Oa,6.95,2.78,39.94
2002-6-198-Oie,2002,6,198,Oie,3.16,2.77,87.69
2002-6-1-Oa,2002,6,1,Oa,8.14,4.46,54.87
2002-6-1-Oie,2002,6,1,Oie,2.04,1.93,94.56
2002-6-200-Oa,2002,6,200,Oa,16.81,11.09,65.99
2002-6-200-Oie,2002,6,200,Oie,6.33,5.91,93.42
2002-6-201-Oa,2002,6,201,Oa,0.00,0.00,-9999.99
2002-6-201-Oie,2002,6,201,Oie,7.10,5.70,80.33
2002-6-203-Oa,2002,6,203,Oa,10.75,6.72,62.49
2002-6-203-Oie,2002,6,203,Oie,3.65,3.21,87.86
2002-6-204-Oa,2002,6,204,Oa,3.86,2.46,63.93
2002-6-204-Oie,2002,6,204,Oie,1.63,1.47,90.16
2002-6-205-Oa,2002,6,205,Oa,1.07,0.71,65.85
2002-6-205-Oie,2002,6,205,Oie,4.89,4.45,90.97
2002-6-207-Oa,2002,6,207,Oa,8.15,6.02,73.92
2002-6-207-Oie,2002,6,207,Oie,2.57,2.27,88.47
2002-6-208-Oa,2002,6,208,Oa,2.74,1.13,41.3
2002-6-208-Oie,2002,6,208,Oie,3.04,2.48,81.65
2002-6-20-Oa,2002,6,20,Oa,9.37,5.11,54.47
2002-6-20-Oie,2002,6,20,Oie,2.82,2.64,93.59
2002-6-22-Oa,2002,6,22,Oa,31.48,28.54,90.65
2002-6-22-Oie,2002,6,22,Oie,3.97,3.61,91.05
2002-6-23-Oa,2002,6,23,Oa,11.28,6.72,59.59
2002-6-23-Oie,2002,6,23,Oie,5.18,5.02,96.85
2002-6-27-Oa,2002,6,27,Oa,0.00,0.00,-9999.99
2002-6-27-Oie,2002,6,27,Oie,2.56,2.01,78.46
2002-6-30-Oa,2002,6,30,Oa,5.29,3.46,65.38
2002-6-30-Oie,2002,6,30,Oie,1.17,1.08,92.26
2002-6-33-Oa,2002,6,33,Oa,7.93,7.39,93.23
2002-6-33-Oie,2002,6,33,Oie,7.38,7.12,96.51
2002-6-34-Oa,2002,6,34,Oa,4.09,2.91,71.16
2002-6-34-Oie,2002,6,34,Oie,4.78,4.44,92.84
2002-6-35-Oa,2002,6,35,Oa,12.01,6.63,55.22
2002-6-35-Oie,2002,6,35,Oie,2.42,2.27,93.89
2002-6-41-Oa,2002,6,41,Oa,17.18,5.81,33.85
2002-6-41-Oie,2002,6,41,Oie,2.64,2.28,86.45
2002-6-44-Oa,2002,6,44,Oa,0.00,0.00,-9999.99
2002-6-44-Oie,2002,6,44,Oie,4.28,3.02,70.62
2002-6-46-Oa,2002,6,46,Oa,26.30,10.32,39.25
2002-6-46-Oie,2002,6,46,Oie,2.44,2.21,90.5
2002-6-47-Oa,2002,6,47,Oa,1.92,0.99,51.8
2002-6-47-Oie,2002,6,47,Oie,4.18,3.79,90.65
2002-6-4-Oa,2002,6,4,Oa,10.58,4.79,45.31
2002-6-4-Oie,2002,6,4,Oie,3.39,3.12,92.06
2002-6-50-Oa,2002,6,50,Oa,1.75,0.61,34.75
2002-6-50-Oie,2002,6,50,Oie,3.47,1.89,54.51
2002-6-52-Oa,2002,6,52,Oa,11.97,2.75,22.93
2002-6-52-Oie,2002,6,52,Oie,1.84,1.58,86.17
2002-6-55-Oa,2002,6,55,Oa,3.54,2.00,56.47
2002-6-55-Oie,2002,6,55,Oie,1.59,1.45,91.25
2002-6-57-Oa,2002,6,57,Oa,22.26,11.75,52.77
2002-6-57-Oie,2002,6,57,Oie,4.62,4.09,88.54
2002-6-58-Oa,2002,6,58,Oa,8.64,2.54,29.46
2002-6-58-Oie,2002,6,58,Oie,2.89,2.33,80.52
2002-6-61-Oa,2002,6,61,Oa,14.44,8.30,57.5
2002-6-61-Oie,2002,6,61,Oie,4.59,3.22,70.11
2002-6-63-Oa,2002,6,63,Oa,3.18,1.52,47.83
2002-6-63-Oie,2002,6,63,Oie,2.05,1.63,79.55
2002-6-66-Oa,2002,6,66,Oa,15.60,5.12,32.84
2002-6-66-Oie,2002,6,66,Oie,2.83,1.76,62.39
2002-6-6-Oa,2002,6,6,Oa,0.00,0.00,-9999.99
2002-6-6-Oie,2002,6,6,Oie,2.92,2.27,77.61
2002-6-72-Oa,2002,6,72,Oa,5.63,3.32,59
2002-6-72-Oie,2002,6,72,Oie,2.53,2.20,86.75
2002-6-74-Oa,2002,6,74,Oa,1.51,1.14,75.32
2002-6-74-Oie,2002,6,74,Oie,1.78,1.53,86.05
2002-6-77-Oa,2002,6,77,Oa,6.01,2.16,36
2002-6-77-Oie,2002,6,77,Oie,9.99,8.11,81.14
2002-6-78-Oa,2002,6,78,Oa,14.39,7.62,52.99
2002-6-78-Oie,2002,6,78,Oie,3.38,2.96,87.49
2002-6-81-Oa,2002,6,81,Oa,6.33,3.95,62.43
2002-6-81-Oie,2002,6,81,Oie,2.26,2.08,92.05
2002-6-84-Oa,2002,6,84,Oa,12.25,3.69,30.14
2002-6-84-Oie,2002,6,84,Oie,2.77,2.36,85.22
2002-6-88-Oa,2002,6,88,Oa,0.98,0.54,55.34
2002-6-88-Oie,2002,6,88,Oie,3.62,3.17,87.63
2002-6-8-Oa,2002,6,8,Oa,8.14,5.62,69.09
2002-6-8-Oie,2002,6,8,Oie,4.23,4.04,95.49
2002-6-91-Oa,2002,6,91,Oa,0.00,0.00,-9999.99
2002-6-91-Oie,2002,6,91,Oie,4.30,3.69,85.75
2002-6-93-Oa,2002,6,93,Oa,0.00,0.00,-9999.99
2002-6-93-Oie,2002,6,93,Oie,3.83,1.38,35.98
2002-6-94-Oa,2002,6,94,Oa,2.23,1.26,56.59
2002-6-94-Oie,2002,6,94,Oie,1.90,1.66,87.41
2002-6-96-Oa,2002,6,96,Oa,0.00,0.00,-9999.99
2002-6-96-Oie,2002,6,96,Oie,1.87,1.04,55.42
2002-6-97-Oa,2002,6,97,Oa,1.76,1.07,60.93
2002-6-97-Oie,2002,6,97,Oie,4.01,3.32,82.73
2002-6-9-Oa,2002,6,9,Oa,7.97,5.01,62.92
2002-6-9-Oie,2002,6,9,Oie,2.97,2.85,95.92
2013-6-108-min,2013,6,108,min,26.86,4.30,15.99
2013-6-108-Oa,2013,6,108,Oa,2.95,1.48,50
2013-6-108-Oie,2013,6,108,Oie,4.98,4.40,88.34
2013-6-109-min,2013,6,109,min,43.31,4.73,10.92
2013-6-109-Oa,2013,6,109,Oa,0.00,0.00,-9999.99
2013-6-109-Oie,2013,6,109,Oie,3.87,3.24,83.67
2013-6-10-min,2013,6,10,min,38.56,4.17,10.81
2013-6-10-Oa,2013,6,10,Oa,0.32,0.21,67.07
2013-6-10-Oie,2013,6,10,Oie,3.13,2.70,86.34
2013-6-111-min,2013,6,111,min,40.31,3.01,7.46
2013-6-111-Oa,2013,6,111,Oa,18.19,3.31,18.22
2013-6-111-Oie,2013,6,111,Oie,0.84,0.61,71.99
2013-6-112-min,2013,6,112,min,21.42,6.33,29.56
2013-6-112-Oa,2013,6,112,Oa,7.56,2.81,37.18
2013-6-112-Oie,2013,6,112,Oie,2.54,2.24,88.34
2013-6-114-min,2013,6,114,min,53.37,6.97,13.06
2013-6-114-Oa,2013,6,114,Oa,2.61,0.65,24.95
2013-6-114-Oie,2013,6,114,Oie,2.96,1.22,41.15
2013-6-123-min,2013,6,123,min,34.26,3.19,9.3
2013-6-123-Oa,2013,6,123,Oa,8.21,2.65,32.33
2013-6-123-Oie,2013,6,123,Oie,1.49,1.12,75.16
2013-6-127-min,2013,6,127,min,38.86,5.66,14.56
2013-6-127-Oa,2013,6,127,Oa,2.04,0.92,45.19
2013-6-127-Oie,2013,6,127,Oie,5.49,3.88,70.67
2013-6-12-min,2013,6,12,min,58.47,4.13,7.06
2013-6-12-Oa,2013,6,12,Oa,16.56,6.23,37.62
2013-6-12-Oie,2013,6,12,Oie,2.52,2.15,85.24
2013-6-130-min,2013,6,130,min,27.47,3.68,13.39
2013-6-130-Oa,2013,6,130,Oa,8.06,3.32,41.22
2013-6-130-Oie,2013,6,130,Oie,2.79,2.42,86.72
2013-6-131-min,2013,6,131,min,9.12,4.81,52.77
2013-6-131-Oa,2013,6,131,Oa,1.38,0.92,66.48
2013-6-131-Oie,2013,6,131,Oie,6.20,4.80,77.35
2013-6-134-min,2013,6,134,min,20.30,3.87,19.05
2013-6-134-Oa,2013,6,134,Oa,9.83,3.73,37.9
2013-6-134-Oie,2013,6,134,Oie,2.56,2.24,87.71
2013-6-138-min,2013,6,138,min,54.81,6.83,12.46
2013-6-138-Oa,2013,6,138,Oa,0.00,0.00,-9999.99
2013-6-138-Oie,2013,6,138,Oie,0.37,0.17,45.51
2013-6-13-min,2013,6,13,min,54.19,2.40,4.42
2013-6-13-Oa,2013,6,13,Oa,4.44,2.91,65.56
2013-6-13-Oie,2013,6,13,Oie,2.14,2.00,93.73
2013-6-141-min,2013,6,141,min,3.84,0.28,7.18
2013-6-141-Oa,2013,6,141,Oa,0.00,0.00,-9999.99
2013-6-141-Oie,2013,6,141,Oie,2.92,2.43,83.46
2013-6-147-min,2013,6,147,min,36.60,5.16,14.1
2013-6-147-Oa,2013,6,147,Oa,7.79,2.38,30.58
2013-6-147-Oie,2013,6,147,Oie,2.80,2.32,82.8
2013-6-148-min,2013,6,148,min,40.99,4.19,10.21
2013-6-148-Oa,2013,6,148,Oa,1.31,0.85,64.93
2013-6-148-Oie,2013,6,148,Oie,4.56,4.00,87.76
2013-6-149-min,2013,6,149,min,56.83,6.26,11.02
2013-6-149-Oa,2013,6,149,Oa,0.98,0.20,20.44
2013-6-149-Oie,2013,6,149,Oie,6.04,1.68,27.88
2013-6-150-min,2013,6,150,min,29.05,4.19,14.41
2013-6-150-Oa,2013,6,150,Oa,1.36,0.80,58.51
2013-6-150-Oie,2013,6,150,Oie,7.15,6.25,87.38
2013-6-152-min,2013,6,152,min,42.04,4.85,11.53
2013-6-152-Oa,2013,6,152,Oa,1.92,0.94,48.69
2013-6-152-Oie,2013,6,152,Oie,2.08,1.61,77.51
2013-6-154-min,2013,6,154,min,30.96,2.71,8.77
2013-6-154-Oa,2013,6,154,Oa,6.15,4.67,75.99
2013-6-154-Oie,2013,6,154,Oie,6.39,5.85,91.59
2013-6-155-min,2013,6,155,min,30.57,3.11,10.17
2013-6-155-Oa,2013,6,155,Oa,1.99,1.04,52.22
2013-6-155-Oie,2013,6,155,Oie,3.53,2.99,84.9
2013-6-156.1-min,2013,6,156,min,14.33,3.89,27.18
2013-6-156.1-Oa,2013,6,156,Oa,6.10,1.74,28.62
2013-6-156.1-Oie,2013,6,156,Oie,0.82,0.68,82.67
2013-6-156.2-min,2013,6,156,min,20.99,5.33,25.38
2013-6-156.2-Oa,2013,6,156,Oa,6.86,2.08,30.34
2013-6-156.2-Oie,2013,6,156,Oie,2.76,2.13,77.27
2013-6-157-min,2013,6,157,min,28.87,2.62,9.07
2013-6-157-Oa,2013,6,157,Oa,2.80,0.82,29.27
2013-6-157-Oie,2013,6,157,Oie,2.29,1.86,81.19
2013-6-161-min,2013,6,161,min,29.89,2.68,8.97
2013-6-161-Oa,2013,6,161,Oa,0.95,0.23,23.73
2013-6-161-Oie,2013,6,161,Oie,6.20,4.77,76.87
2013-6-163-min,2013,6,163,min,49.85,5.45,10.92
2013-6-163-Oa,2013,6,163,Oa,0.00,0.00,-9999.99
2013-6-163-Oie,2013,6,163,Oie,0.65,0.44,67.62
2013-6-164-min,2013,6,164,min,47.04,5.46,11.62
2013-6-164-Oa,2013,6,164,Oa,1.93,0.56,28.96
2013-6-164-Oie,2013,6,164,Oie,4.40,3.62,82.28
2013-6-167-min,2013,6,167,min,24.93,4.36,17.51
2013-6-167-Oa,2013,6,167,Oa,18.37,3.23,17.59
2013-6-167-Oie,2013,6,167,Oie,1.41,0.88,62.07
2013-6-168-min,2013,6,168,min,19.31,1.47,7.61
2013-6-168-Oa,2013,6,168,Oa,1.39,1.04,74.76
2013-6-168-Oie,2013,6,168,Oie,3.62,3.25,89.89
2013-6-169-min,2013,6,169,min,13.90,4.32,31.05
2013-6-169-Oa,2013,6,169,Oa,3.98,2.61,65.65
2013-6-169-Oie,2013,6,169,Oie,3.71,3.38,91.23
2013-6-16-min,2013,6,16,min,0.00,0.00,-9999.99
2013-6-16-Oa,2013,6,16,Oa,1.86,1.28,68.66
2013-6-16-Oie,2013,6,16,Oie,3.56,3.21,90.1
2013-6-171-min,2013,6,171,min,45.32,4.56,10.05
2013-6-171-Oa,2013,6,171,Oa,10.13,1.35,13.28
2013-6-171-Oie,2013,6,171,Oie,5.68,1.82,32.05
2013-6-175-min,2013,6,175,min,53.45,4.64,8.68
2013-6-175-Oa,2013,6,175,Oa,15.82,3.95,25
2013-6-175-Oie,2013,6,175,Oie,2.12,1.59,74.97
2013-6-177-min,2013,6,177,min,44.22,4.78,10.8
2013-6-177-Oa,2013,6,177,Oa,2.09,0.53,25.22
2013-6-177-Oie,2013,6,177,Oie,3.93,2.24,57.05
2013-6-178-min,2013,6,178,min,33.66,3.81,11.31
2013-6-178-Oa,2013,6,178,Oa,5.80,2.30,39.63
2013-6-178-Oie,2013,6,178,Oie,1.93,1.49,77.36
2013-6-17-min,2013,6,17,min,53.77,4.80,8.93
2013-6-17-Oa,2013,6,17,Oa,2.27,1.10,48.54
2013-6-17-Oie,2013,6,17,Oie,3.62,3.22,89.04
2013-6-180-min,2013,6,180,min,68.84,7.26,10.54
2013-6-180-Oa,2013,6,180,Oa,4.45,2.33,52.29
2013-6-180-Oie,2013,6,180,Oie,3.68,3.12,84.63
2013-6-181-min,2013,6,181,min,34.93,6.75,19.34
2013-6-181-Oa,2013,6,181,Oa,2.43,1.91,78.51
2013-6-181-Oie,2013,6,181,Oie,5.47,4.74,86.8
2013-6-182-min,2013,6,182,min,45.03,3.41,7.56
2013-6-182-Oa,2013,6,182,Oa,12.23,3.79,31
2013-6-182-Oie,2013,6,182,Oie,3.01,2.34,77.55
2013-6-184-min,2013,6,184,min,51.74,3.11,6.01
2013-6-184-Oa,2013,6,184,Oa,6.95,5.59,80.37
2013-6-184-Oie,2013,6,184,Oie,3.57,3.20,89.52
2013-6-188-min,2013,6,188,min,13.79,5.44,39.44
2013-6-188-Oa,2013,6,188,Oa,0.50,0.33,66.48
2013-6-188-Oie,2013,6,188,Oie,2.34,2.08,88.98
2013-6-190-min,2013,6,190,min,18.33,5.08,27.73
2013-6-190-Oa,2013,6,190,Oa,3.87,1.64,42.51
2013-6-190-Oie,2013,6,190,Oie,3.52,3.02,85.95
2013-6-191-min,2013,6,191,min,31.50,4.72,14.98
2013-6-191-Oa,2013,6,191,Oa,6.94,1.93,27.82
2013-6-191-Oie,2013,6,191,Oie,2.42,2.07,85.67
2013-6-192-min,2013,6,192,min,53.89,6.78,12.58
2013-6-192-Oa,2013,6,192,Oa,0.00,0.00,-9999.99
2013-6-192-Oie,2013,6,192,Oie,6.03,2.62,43.53
2013-6-195-min,2013,6,195,min,26.05,4.28,16.44
2013-6-195-Oa,2013,6,195,Oa,3.20,0.96,29.97
2013-6-195-Oie,2013,6,195,Oie,2.78,1.79,64.35
2013-6-196-min,2013,6,196,min,0.80,0.70,88.49
2013-6-196-Oa,2013,6,196,Oa,0.70,0.58,82.66
2013-6-196-Oie,2013,6,196,Oie,3.21,2.91,90.41
2013-6-198-min,2013,6,198,min,38.12,3.81,10
2013-6-198-Oa,2013,6,198,Oa,4.71,4.18,88.8
2013-6-198-Oie,2013,6,198,Oie,6.04,5.50,91.12
2013-6-199-min,2013,6,199,min,62.22,5.12,8.22
2013-6-199-Oa,2013,6,199,Oa,0.00,0.00,-9999.99
2013-6-199-Oie,2013,6,199,Oie,0.00,0.00,-9999.99
2013-6-19-min,2013,6,19,min,0.00,0.00,-9999.99
2013-6-19-Oa,2013,6,19,Oa,5.17,2.19,42.26
2013-6-19-Oie,2013,6,19,Oie,6.62,4.79,72.36
2013-6-202-min,2013,6,202,min,32.14,4.31,13.41
2013-6-202-Oa,2013,6,202,Oa,0.87,0.34,39.26
2013-6-202-Oie,2013,6,202,Oie,3.87,3.13,80.86
2013-6-23-min,2013,6,23,min,34.84,4.72,13.54
2013-6-23-Oa,2013,6,23,Oa,22.27,3.31,14.87
2013-6-23-Oie,2013,6,23,Oie,7.09,5.81,81.99
2013-6-29-min,2013,6,29,min,51.85,3.88,7.49
2013-6-29-Oa,2013,6,29,Oa,3.85,1.01,26.25
2013-6-29-Oie,2013,6,29,Oie,4.63,3.53,76.12
2013-6-30-min,2013,6,30,min,0.00,0.00,-9999.99
2013-6-30-Oa,2013,6,30,Oa,14.29,4.60,32.2
2013-6-30-Oie,2013,6,30,Oie,3.05,2.80,91.86
2013-6-35-min,2013,6,35,min,28.03,7.68,27.4
2013-6-35-Oa,2013,6,35,Oa,30.27,10.11,33.39
2013-6-35-Oie,2013,6,35,Oie,3.83,3.59,93.72
2013-6-41-min,2013,6,41,min,51.01,4.90,9.61
2013-6-41-Oa,2013,6,41,Oa,8.17,2.61,31.99
2013-6-41-Oie,2013,6,41,Oie,1.43,1.15,80.5
2013-6-45-min,2013,6,45,min,43.65,5.00,11.44
2013-6-45-Oa,2013,6,45,Oa,7.13,3.71,52.06
2013-6-45-Oie,2013,6,45,Oie,3.23,2.72,84.23
2013-6-47-min,2013,6,47,min,29.92,4.39,14.66
2013-6-47-Oa,2013,6,47,Oa,17.38,3.53,20.3
2013-6-47-Oie,2013,6,47,Oie,1.90,1.24,64.9
2013-6-49-min,2013,6,49,min,31.26,8.50,27.18
2013-6-49-Oa,2013,6,49,Oa,8.37,5.92,70.69
2013-6-49-Oie,2013,6,49,Oie,2.63,2.44,92.48
2013-6-52-min,2013,6,52,min,13.16,3.40,25.83
2013-6-52-Oa,2013,6,52,Oa,9.03,2.55,28.2
2013-6-52-Oie,2013,6,52,Oie,2.20,1.85,84.08
2013-6-53-min,2013,6,53,min,23.26,5.60,24.07
2013-6-53-Oa,2013,6,53,Oa,6.48,5.61,86.46
2013-6-53-Oie,2013,6,53,Oie,3.66,3.40,93.15
2013-6-56-min,2013,6,56,min,49.11,9.90,20.16
2013-6-56-Oa,2013,6,56,Oa,3.15,2.36,74.95
2013-6-56-Oie,2013,6,56,Oie,2.77,2.57,92.55
2013-6-57-min,2013,6,57,min,26.41,3.81,14.41
2013-6-57-Oa,2013,6,57,Oa,5.48,3.21,58.6
2013-6-57-Oie,2013,6,57,Oie,1.79,1.62,90.8
2013-6-59-min,2013,6,59,min,23.96,3.17,13.23
2013-6-59-Oa,2013,6,59,Oa,2.72,1.15,42.11
2013-6-59-Oie,2013,6,59,Oie,2.04,1.65,80.97
2013-6-60-min,2013,6,60,min,36.08,4.22,11.71
2013-6-60-Oa,2013,6,60,Oa,3.02,2.27,75.21
2013-6-60-Oie,2013,6,60,Oie,2.14,1.93,90.23
2013-6-62-min,2013,6,62,min,46.23,1.88,4.06
2013-6-62-Oa,2013,6,62,Oa,1.40,1.12,79.5
2013-6-62-Oie,2013,6,62,Oie,2.60,2.32,89.08
2013-6-68-min,2013,6,68,min,16.91,4.29,25.34
2013-6-68-Oa,2013,6,68,Oa,5.21,2.77,53.11
2013-6-68-Oie,2013,6,68,Oie,7.48,6.27,83.82
2013-6-69-min,2013,6,69,min,46.01,5.18,11.26
2013-6-69-Oa,2013,6,69,Oa,1.03,0.59,56.96
2013-6-69-Oie,2013,6,69,Oie,5.67,5.19,91.5
2013-6-70-min,2013,6,70,min,32.43,6.14,18.94
2013-6-70-Oa,2013,6,70,Oa,4.97,2.92,58.76
2013-6-70-Oie,2013,6,70,Oie,1.00,0.90,89.69
2013-6-71-min,2013,6,71,min,6.56,2.62,39.92
2013-6-71-Oa,2013,6,71,Oa,5.10,4.11,80.54
2013-6-71-Oie,2013,6,71,Oie,2.76,2.58,93.35
2013-6-76-min,2013,6,76,min,45.18,3.26,7.22
2013-6-76-Oa,2013,6,76,Oa,1.75,0.96,55.09
2013-6-76-Oie,2013,6,76,Oie,2.51,1.99,79.29
2013-6-7-min,2013,6,7,min,25.66,4.31,16.79
2013-6-7-Oa,2013,6,7,Oa,4.29,0.88,20.41
2013-6-7-Oie,2013,6,7,Oie,4.24,3.05,71.9
2013-6-81-min,2013,6,81,min,32.49,9.42,29.01
2013-6-81-Oa,2013,6,81,Oa,9.31,3.99,42.84
2013-6-81-Oie,2013,6,81,Oie,3.12,2.76,88.31
2013-6-83-min,2013,6,83,min,53.00,4.11,7.75
2013-6-83-Oa,2013,6,83,Oa,7.44,5.24,70.47
2013-6-83-Oie,2013,6,83,Oie,7.43,6.51,87.58
2013-6-84-min,2013,6,84,min,30.38,6.22,20.48
2013-6-84-Oa,2013,6,84,Oa,6.11,3.41,55.76
2013-6-84-Oie,2013,6,84,Oie,2.75,1.98,71.73
2013-6-87-min,2013,6,87,min,0.00,0.00,-9999.99
2013-6-87-Oa,2013,6,87,Oa,26.44,12.23,46.27
2013-6-87-Oie,2013,6,87,Oie,7.25,5.69,78.49
2013-6-89-min,2013,6,89,min,50.73,5.32,10.49
2013-6-89-Oa,2013,6,89,Oa,2.20,1.25,56.94
2013-6-89-Oie,2013,6,89,Oie,1.51,1.21,80.15
2013-6-8-min,2013,6,8,min,50.66,2.16,4.26
2013-6-8-Oa,2013,6,8,Oa,4.95,1.64,33.04
2013-6-8-Oie,2013,6,8,Oie,6.49,5.25,80.86
2013-6-91-min,2013,6,91,min,41.43,2.44,5.89
2013-6-91-Oa,2013,6,91,Oa,5.82,2.17,37.38
2013-6-91-Oie,2013,6,91,Oie,2.93,2.56,87.34
2013-6-95-min,2013,6,95,min,0.00,0.00,-9999.99
2013-6-95-Oa,2013,6,95,Oa,0.00,0.00,-9999.99
2013-6-95-Oie,2013,6,95,Oie,2.45,1.68,68.61
2018-6-1-Oie,2018,6,1,Oie,4.73,4.32,91.17
2018-6-1-Oa,2018,6,1,Oa,2.45,1.17,47.69
2018-6-1-min,2018,6,1,min,48.95,7.53,15.37
2018-6-2-Oie,2018,6,2,Oie,5.54,5.19,93.63
2018-6-2-Oa,2018,6,2,Oa,2.67,1.97,73.98
2018-6-2-min,2018,6,2,min,0.00,0.00,-9999.99
2018-6-3-Oie,2018,6,3,Oie,5.96,5.81,97.56
2018-6-3-Oa,2018,6,3,Oa,9.50,7.51,79.06
2018-6-3-min,2018,6,3,min,48.78,6.45,13.23
2018-6-5-Oie,2018,6,5,Oie,2.94,2.81,95.75
2018-6-5-Oa,2018,6,5,Oa,5.54,4.86,87.8
2018-6-5-min,2018,6,5,min,63.00,8.85,14.04
2018-6-15-Oie,2018,6,15,Oie,5.17,4.76,92.06
2018-6-15-Oa,2018,6,15,Oa,9.04,5.59,61.87
2018-6-15-min,2018,6,15,min,67.18,8.65,12.88
2018-6-16-Oie,2018,6,16,Oie,3.16,2.94,93.26
2018-6-16-Oa,2018,6,16,Oa,5.70,4.48,78.55
2018-6-16-min,2018,6,16,min,34.49,5.57,16.15
2018-6-17-Oie,2018,6,17,Oie,2.48,2.18,87.83
2018-6-17-Oa,2018,6,17,Oa,1.59,0.68,43.19
2018-6-17-min,2018,6,17,min,42.00,5.76,13.72
2018-6-19-Oie,2018,6,19,Oie,1.56,1.20,76.68
2018-6-19-Oa,2018,6,19,Oa,11.82,3.14,26.59
2018-6-19-min,2018,6,19,min,36.49,5.52,15.14
2018-6-20-Oie,2018,6,20,Oie,2.08,1.89,90.82
2018-6-20-Oa,2018,6,20,Oa,4.33,2.88,66.57
2018-6-20-min,2018,6,20,min,33.59,3.44,10.23
2018-6-23-Oie,2018,6,23,Oie,4.56,4.35,95.37
2018-6-23-Oa,2018,6,23,Oa,10.51,9.20,87.56
2018-6-23-min,2018,6,23,min,93.75,3.16,3.37
2018-6-24-Oie,2018,6,24,Oie,5.95,5.71,95.94
2018-6-24-Oa,2018,6,24,Oa,9.78,7.34,75
2018-6-24-min,2018,6,24,min,0.00,0.00,-9999.99
2018-6-26-Oie,2018,6,26,Oie,2.17,0.80,36.68
2018-6-26-Oa,2018,6,26,Oa,6.78,1.20,17.64
2018-6-26-min,2018,6,26,min,40.48,5.91,14.6
2018-6-28-Oie,2018,6,28,Oie,1.98,1.79,90.09
2018-6-28-Oa,2018,6,28,Oa,9.13,3.80,41.59
2018-6-28-min,2018,6,28,min,0.00,0.00,-9999.99
2018-6-29-Oie,2018,6,29,Oie,2.60,2.43,93.43
2018-6-29-Oa,2018,6,29,Oa,3.56,2.72,76.46
2018-6-29-min,2018,6,29,min,137.66,9.23,6.7
2018-6-31-Oie,2018,6,31,Oie,4.46,4.30,96.49
2018-6-31-Oa,2018,6,31,Oa,11.28,9.51,84.28
2018-6-31-min,2018,6,31,min,116.53,3.96,3.4
2018-6-32-Oie,2018,6,32,Oie,3.63,2.91,80.13
2018-6-32-Oa,2018,6,32,Oa,0.00,0.00,-9999.99
2018-6-32-min,2018,6,32,min,19.47,8.79,45.14
2018-6-34-Oie,2018,6,34,Oie,4.38,3.23,73.72
2018-6-34-Oa,2018,6,34,Oa,1.09,0.56,51.71
2018-6-34-min,2018,6,34,min,52.34,5.84,11.17
2018-6-36.1-Oie,2018,6,36.1,Oie,3.04,2.59,85.27
2018-6-36.1-Oa,2018,6,36.1,Oa,1.52,0.99,64.99
2018-6-36.1-min,2018,6,36.1,min,41.73,2.86,6.84
2018-6-36.2-Oie,2018,6,36.2,Oie,3.70,3.16,85.23
2018-6-36.2-Oa,2018,6,36.2,Oa,0.00,0.00,-9999.99
2018-6-36.2-min,2018,6,36.2,min,2.76,1.53,55.6
2018-6-38-Oie,2018,6,38,Oie,2.14,1.57,73.35
2018-6-38-Oa,2018,6,38,Oa,2.99,1.40,46.84
2018-6-38-min,2018,6,38,min,0.00,0.00,-9999.99
2018-6-39-Oie,2018,6,39,Oie,1.92,1.29,67.45
2018-6-39-Oa,2018,6,39,Oa,0.00,0.00,-9999.99
2018-6-39-min,2018,6,39,min,40.76,6.67,16.37
2018-6-42-Oie,2018,6,42,Oie,1.28,0.87,68.09
2018-6-42-Oa,2018,6,42,Oa,6.28,3.75,59.81
2018-6-42-min,2018,6,42,min,16.22,3.50,21.56
2018-6-43-Oie,2018,6,43,Oie,3.87,3.04,78.52
2018-6-43-Oa,2018,6,43,Oa,1.06,0.60,57.06
2018-6-43-min,2018,6,43,min,33.34,7.88,23.65
2018-6-45-Oie,2018,6,45,Oie,1.47,1.22,82.77
2018-6-45-Oa,2018,6,45,Oa,0.00,0.00,-9999.99
2018-6-45-min,2018,6,45,min,27.90,4.99,17.88
2018-6-47-Oie,2018,6,47,Oie,1.16,1.03,88.73
2018-6-47-Oa,2018,6,47,Oa,1.34,0.91,68.24
2018-6-47-min,2018,6,47,min,66.50,8.00,12.03
2018-6-48-Oie,2018,6,48,Oie,3.16,2.99,94.5
2018-6-48-Oa,2018,6,48,Oa,6.39,4.95,77.43
2018-6-48-min,2018,6,48,min,72.33,2.15,2.98
2018-6-50-Oie,2018,6,50,Oie,3.28,2.75,83.89
2018-6-50-Oa,2018,6,50,Oa,18.96,6.05,31.89
2018-6-50-min,2018,6,50,min,50.75,6.54,12.88
2018-6-52-Oie,2018,6,52,Oie,4.06,3.42,84.25
2018-6-52-Oa,2018,6,52,Oa,13.13,3.82,29.09
2018-6-52-min,2018,6,52,min,31.41,5.22,16.64
2018-6-54-Oie,2018,6,54,Oie,2.58,1.64,63.45
2018-6-54-Oa,2018,6,54,Oa,6.79,1.98,29.13
2018-6-54-min,2018,6,54,min,22.65,3.92,17.29
2018-6-59-Oie,2018,6,59,Oie,1.62,1.38,85.22
2018-6-59-Oa,2018,6,59,Oa,3.23,1.76,54.49
2018-6-59-min,2018,6,59,min,38.84,3.80,9.78
2018-6-60-Oie,2018,6,60,Oie,2.67,2.51,93.88
2018-6-60-Oa,2018,6,60,Oa,2.88,1.84,63.88
2018-6-60-min,2018,6,60,min,78.53,8.86,11.28
2018-6-61-Oie,2018,6,61,Oie,3.11,1.95,62.84
2018-6-61-Oa,2018,6,61,Oa,8.20,1.87,22.84
2018-6-61-min,2018,6,61,min,91.53,5.62,6.14
2018-6-63-Oie,2018,6,63,Oie,4.21,3.70,87.91
2018-6-63-Oa,2018,6,63,Oa,22.68,11.08,48.88
2018-6-63-min,2018,6,63,min,29.35,7.27,24.76
2018-6-64-Oie,2018,6,64,Oie,1.48,0.71,48.19
2018-6-64-Oa,2018,6,64,Oa,1.26,0.52,41.11
2018-6-64-min,2018,6,64,min,58.70,6.21,10.59
2018-6-66-Oie,2018,6,66,Oie,1.99,1.66,83.12
2018-6-66-Oa,2018,6,66,Oa,8.71,2.59,29.7
2018-6-66-min,2018,6,66,min,38.87,2.98,7.67
2018-6-67-Oie,2018,6,67,Oie,2.00,1.83,91.32
2018-6-67-Oa,2018,6,67,Oa,2.19,1.26,57.49
2018-6-67-min,2018,6,67,min,65.12,8.42,12.93
2018-6-69-Oie,2018,6,69,Oie,3.07,2.88,93.77
2018-6-69-Oa,2018,6,69,Oa,2.36,1.62,68.75
2018-6-69-min,2018,6,69,min,46.72,6.21,13.3
2018-6-71-Oie,2018,6,71,Oie,3.36,3.02,89.9
2018-6-71-Oa,2018,6,71,Oa,2.72,1.28,47.02
2018-6-71-min,2018,6,71,min,38.28,6.48,16.94
2018-6-73-Oie,2018,6,73,Oie,2.85,2.51,88.13
2018-6-73-Oa,2018,6,73,Oa,4.82,3.23,66.9
2018-6-73-min,2018,6,73,min,28.38,4.98,17.56
2018-6-76-Oie,2018,6,76,Oie,2.35,1.50,63.65
2018-6-76-Oa,2018,6,76,Oa,6.14,2.21,35.99
2018-6-76-min,2018,6,76,min,56.39,4.49,7.97
2018-6-79-Oie,2018,6,79,Oie,2.83,2.50,88.5
2018-6-79-Oa,2018,6,79,Oa,2.28,0.99,43.58
2018-6-79-min,2018,6,79,min,47.22,5.26,11.15
2018-6-80-Oie,2018,6,80,Oie,2.04,1.71,83.64
2018-6-80-Oa,2018,6,80,Oa,2.76,1.25,45.18
2018-6-80-min,2018,6,80,min,25.04,3.04,12.13
2018-6-83-Oie,2018,6,83,Oie,3.09,2.80,90.75
2018-6-83-Oa,2018,6,83,Oa,3.78,2.49,65.84
2018-6-83-min,2018,6,83,min,99.25,3.65,3.68
2018-6-84-Oie,2018,6,84,Oie,2.38,2.09,87.71
2018-6-84-Oa,2018,6,84,Oa,3.71,2.01,54.14
2018-6-84-min,2018,6,84,min,45.42,7.09,15.61
2018-6-85-Oie,2018,6,85,Oie,1.34,1.23,92.37
2018-6-85-Oa,2018,6,85,Oa,3.60,2.43,67.68
2018-6-85-min,2018,6,85,min,70.15,7.29,10.39
2018-6-86-Oie,2018,6,86,Oie,3.72,2.92,78.61
2018-6-86-Oa,2018,6,86,Oa,0.72,0.31,42.86
2018-6-86-min,2018,6,86,min,0.00,0.00,-9999.99
2018-6-89-Oie,2018,6,89,Oie,3.44,2.92,84.89
2018-6-89-Oa,2018,6,89,Oa,7.12,2.36,33.16
2018-6-89-min,2018,6,89,min,32.17,4.03,12.53
2018-6-90-Oie,2018,6,90,Oie,5.43,4.94,91
2018-6-90-Oa,2018,6,90,Oa,4.43,2.02,45.48
2018-6-90-min,2018,6,90,min,61.61,9.85,15.98
2018-6-91-Oie,2018,6,91,Oie,3.23,2.49,77.01
2018-6-91-Oa,2018,6,91,Oa,3.35,1.15,34.37
2018-6-91-min,2018,6,91,min,40.60,5.02,12.37
2018-6-92-Oie,2018,6,92,Oie,3.00,2.54,84.79
2018-6-92-Oa,2018,6,92,Oa,2.11,0.71,33.72
2018-6-92-min,2018,6,92,min,83.83,2.91,3.47
2018-6-93-Oie,2018,6,93,Oie,2.01,1.81,89.84
2018-6-93-Oa,2018,6,93,Oa,3.93,3.15,79.98
2018-6-93-min,2018,6,93,min,35.83,5.09,14.22
2018-6-95-Oie,2018,6,95,Oie,3.12,2.84,90.82
2018-6-95-Oa,2018,6,95,Oa,27.77,12.62,45.44
2018-6-95-min,2018,6,95,min,47.37,7.18,15.15
2018-6-98-Oie,2018,6,98,Oie,2.04,1.43,70.03
2018-6-98-Oa,2018,6,98,Oa,0.00,0.00,-9999.99
2018-6-98-min,2018,6,98,min,56.12,6.45,11.5
2018-6-99-Oie,2018,6,99,Oie,2.41,2.24,93.09
2018-6-99-Oa,2018,6,99,Oa,1.72,1.38,79.98
2018-6-99-min,2018,6,99,min,76.92,4.44,5.77
2018-6-103-Oie,2018,6,103,Oie,2.67,2.48,93.08
2018-6-103-Oa,2018,6,103,Oa,5.75,3.80,66.09
2018-6-103-min,2018,6,103,min,0.00,0.00,-9999.99
2018-6-107-Oie,2018,6,107,Oie,5.93,5.09,85.91
2018-6-107-Oa,2018,6,107,Oa,36.66,8.43,22.99
2018-6-107-min,2018,6,107,min,35.07,4.80,13.68
2018-6-108-Oie,2018,6,108,Oie,2.35,0.94,39.86
2018-6-108-Oa,2018,6,108,Oa,12.46,1.89,15.14
2018-6-108-min,2018,6,108,min,23.05,3.94,17.11
2018-6-110-Oie,2018,6,110,Oie,5.61,1.35,23.99
2018-6-110-Oa,2018,6,110,Oa,6.38,1.05,16.51
2018-6-110-min,2018,6,110,min,52.96,6.24,11.77
2018-6-111-Oie,2018,6,111,Oie,2.12,1.46,68.98
2018-6-111-Oa,2018,6,111,Oa,15.09,3.80,25.17
2018-6-111-min,2018,6,111,min,36.78,5.40,14.69
2018-6-113-Oie,2018,6,113,Oie,2.01,1.83,91.3
2018-6-113-Oa,2018,6,113,Oa,5.73,2.23,38.81
2018-6-113-min,2018,6,113,min,105.06,4.70,4.47
2018-6-117-Oie,2018,6,117,Oie,3.20,1.77,55.32
2018-6-117-Oa,2018,6,117,Oa,5.07,0.78,15.32
2018-6-117-min,2018,6,117,min,50.72,7.12,14.03
2018-6-118-Oie,2018,6,118,Oie,6.18,4.76,77.07
2018-6-118-Oa,2018,6,118,Oa,40.23,10.71,26.62
2018-6-118-min,2018,6,118,min,79.91,5.40,6.76
2018-6-120-Oie,2018,6,120,Oie,2.57,1.81,70.23
2018-6-120-Oa,2018,6,120,Oa,14.01,4.06,28.99
2018-6-120-min,2018,6,120,min,72.85,5.88,8.07
2018-6-121-Oie,2018,6,121,Oie,10.34,7.78,75.22
2018-6-121-Oa,2018,6,121,Oa,15.32,9.04,58.99
2018-6-121-min,2018,6,121,min,41.56,4.54,10.91
2018-6-123-Oie,2018,6,123,Oie,5.97,4.34,72.83
2018-6-123-Oa,2018,6,123,Oa,24.01,11.28,46.99
2018-6-123-min,2018,6,123,min,26.52,1.76,6.65
2018-6-128-Oie,2018,6,128,Oie,3.97,3.64,91.8
2018-6-128-Oa,2018,6,128,Oa,5.05,1.00,19.87
2018-6-128-min,2018,6,128,min,72.63,2.34,3.23
2018-6-133-Oie,2018,6,133,Oie,2.63,2.35,89.35
2018-6-133-Oa,2018,6,133,Oa,20.24,7.08,34.97
2018-6-133-min,2018,6,133,min,57.36,5.93,10.35
2018-6-134-Oie,2018,6,134,Oie,1.24,0.59,47.18
2018-6-134-Oa,2018,6,134,Oa,11.59,1.94,16.77
2018-6-134-min,2018,6,134,min,76.39,5.69,7.45
2018-6-137-Oie,2018,6,137,Oie,2.52,1.57,62.23
2018-6-137-Oa,2018,6,137,Oa,17.64,3.72,21.06
2018-6-137-min,2018,6,137,min,41.71,7.66,18.36
2018-6-138-Oie,2018,6,138,Oie,1.94,1.06,54.61
2018-6-138-Oa,2018,6,138,Oa,0.00,0.00,-9999.99
2018-6-138-min,2018,6,138,min,48.62,6.67,13.73
2018-6-144-Oie,2018,6,144,Oie,1.93,1.33,69.22
2018-6-144-Oa,2018,6,144,Oa,4.55,1.13,24.92
2018-6-144-min,2018,6,144,min,48.61,7.47,15.37
2018-6-146-Oie,2018,6,146,Oie,1.79,1.22,68.08
2018-6-146-Oa,2018,6,146,Oa,7.96,1.36,17.12
2018-6-146-min,2018,6,146,min,58.73,7.05,12.01
2018-6-147-Oie,2018,6,147,Oie,2.89,1.40,48.37
2018-6-147-Oa,2018,6,147,Oa,12.47,1.55,12.41
2018-6-147-min,2018,6,147,min,72.28,5.23,7.23
2018-6-148-Oie,2018,6,148,Oie,6.33,5.47,86.4
2018-6-148-Oa,2018,6,148,Oa,17.94,4.34,24.19
2018-6-148-min,2018,6,148,min,41.77,5.81,13.91
2018-6-150-Oie,2018,6,150,Oie,2.27,2.19,96.57
2018-6-150-Oa,2018,6,150,Oa,7.38,6.27,84.89
2018-6-150-min,2018,6,150,min,19.26,4.72,24.52
2018-6-154-Oie,2018,6,154,Oie,14.96,8.00,53.45
2018-6-154-Oa,2018,6,154,Oa,10.20,2.92,28.62
2018-6-154-min,2018,6,154,min,29.10,2.96,10.18
2018-6-158-Oie,2018,6,158,Oie,1.97,1.38,70.05
2018-6-158-Oa,2018,6,158,Oa,4.92,1.91,38.94
2018-6-158-min,2018,6,158,min,63.08,7.49,11.88
2018-6-159-Oie,2018,6,159,Oie,2.37,2.09,87.85
2018-6-159-Oa,2018,6,159,Oa,9.12,2.76,30.24
2018-6-159-min,2018,6,159,min,31.52,4.35,13.8
2018-6-160-Oie,2018,6,160,Oie,4.54,4.21,92.75
2018-6-160-Oa,2018,6,160,Oa,6.77,4.14,61.21
2018-6-160-min,2018,6,160,min,25.32,6.58,25.98
2018-6-161-Oie,2018,6,161,Oie,2.82,2.58,91.29
2018-6-161-Oa,2018,6,161,Oa,5.37,4.33,80.7
2018-6-161-min,2018,6,161,min,85.88,4.55,5.3
2018-6-163-Oie,2018,6,163,Oie,4.62,2.65,57.29
2018-6-163-Oa,2018,6,163,Oa,4.88,0.87,17.89
2018-6-163-min,2018,6,163,min,32.53,3.88,11.94
2018-6-165-Oie,2018,6,165,Oie,3.18,2.63,82.58
2018-6-165-Oa,2018,6,165,Oa,6.08,2.96,48.76
2018-6-165-min,2018,6,165,min,69.21,9.34,13.5
2018-6-169-Oie,2018,6,169,Oie,1.08,0.78,72.63
2018-6-169-Oa,2018,6,169,Oa,2.25,0.48,21.5
2018-6-169-min,2018,6,169,min,23.47,2.72,11.61
2018-6-171-Oie,2018,6,171,Oie,4.47,3.86,86.38
2018-6-171-Oa,2018,6,171,Oa,7.16,3.75,52.37
2018-6-171-min,2018,6,171,min,72.52,5.22,7.2
2018-6-172-Oie,2018,6,172,Oie,3.09,2.84,91.92
2018-6-172-Oa,2018,6,172,Oa,15.42,8.35,54.19
2018-6-172-min,2018,6,172,min,27.97,3.31,11.83
2018-6-174-Oie,2018,6,174,Oie,3.24,3.09,95.26
2018-6-174-Oa,2018,6,174,Oa,12.43,9.88,79.51
2018-6-174-min,2018,6,174,min,63.60,6.63,10.42
2018-6-177-Oie,2018,6,177,Oie,1.48,1.13,76.43
2018-6-177-Oa,2018,6,177,Oa,6.66,1.95,29.27
2018-6-177-min,2018,6,177,min,79.71,5.33,6.68
2018-6-178-Oie,2018,6,178,Oie,4.26,2.83,66.37
2018-6-178-Oa,2018,6,178,Oa,3.68,1.79,48.66
2018-6-178-min,2018,6,178,min,51.33,8.70,16.95
2018-6-179-Oie,2018,6,179,Oie,4.35,2.05,47.11
2018-6-179-Oa,2018,6,179,Oa,0.00,0.00,-9999.99
2018-6-179-min,2018,6,179,min,46.46,9.18,19.76
2018-6-182-Oie,2018,6,182,Oie,1.64,1.02,62.27
2018-6-182-Oa,2018,6,182,Oa,1.79,0.65,36.36
2018-6-182-min,2018,6,182,min,41.18,3.87,9.39
2018-6-184-Oie,2018,6,184,Oie,8.04,7.02,87.35
2018-6-184-Oa,2018,6,184,Oa,13.31,8.57,64.42
2018-6-184-min,2018,6,184,min,44.31,6.97,15.73
2018-6-186-Oie,2018,6,186,Oie,2.78,2.20,79.3
2018-6-186-Oa,2018,6,186,Oa,1.78,0.43,24.3
2018-6-186-min,2018,6,186,min,51.79,4.82,9.31
2018-6-187-Oie,2018,6,187,Oie,2.17,1.95,89.62
2018-6-187-Oa,2018,6,187,Oa,0.95,0.63,66.35
2018-6-187-min,2018,6,187,min,55.60,9.00,16.19
2018-6-189-Oie,2018,6,189,Oie,5.74,5.20,90.65
2018-6-189-Oa,2018,6,189,Oa,6.41,4.35,67.85
2018-6-189-min,2018,6,189,min,58.26,4.65,7.99
2018-6-194-Oie,2018,6,194,Oie,5.27,3.54,67.25
2018-6-194-Oa,2018,6,194,Oa,10.99,3.21,29.18
2018-6-194-min,2018,6,194,min,74.81,5.34,7.14
2018-6-199-Oie,2018,6,199,Oie,4.04,1.46,36.09
2018-6-199-Oa,2018,6,199,Oa,30.60,1.62,5.28
2018-6-199-min,2018,6,199,min,41.08,3.61,8.79
2018-6-200-Oie,2018,6,200,Oie,2.76,2.36,85.77
2018-6-200-Oa,2018,6,200,Oa,7.31,1.89,25.87
2018-6-200-min,2018,6,200,min,76.51,8.26,10.8
2018-6-203-Oie,2018,6,203,Oie,5.66,4.92,86.84
2018-6-203-Oa,2018,6,203,Oa,21.26,5.42,25.51
2018-6-203-min,2018,6,203,min,34.98,4.51,12.91
2018-6-205-Oie,2018,6,205,Oie,6.30,5.73,90.96
2018-6-205-Oa,2018,6,205,Oa,1.91,1.28,67.02
2018-6-205-min,2018,6,205,min,0.00,0.00,-9999.99
2018-6-207-Oie,2018,6,207,Oie,3.49,3.16,90.56
2018-6-207-Oa,2018,6,207,Oa,9.55,6.45,67.51
2018-6-207-min,2018,6,207,min,65.84,7.88,11.97
