Site_ID,Year,Plot,Horizon,Watershed,PerCentN,PerCentC
1976-6-1-Oie+a,1976,1,Oie+a,6,1.79,37.99
1976-6-6-Oie+a,1976,6,Oie+a,6,2.22,43.71
1976-6-8-Oie+a,1976,8,Oie+a,6,2.11,35.67
1976-6-12-Oie+a,1976,12,Oie+a,6,0.53,9.72
1976-6-17-Oie+a,1976,17,Oie+a,6,1.45,31.04
1976-6-18-Oie+a,1976,18,Oie+a,6,1.64,33.27
1976-6-20-Oie+a,1976,20,Oie+a,6,1.07,18.40
1976-6-22-Oie+a,1976,22,Oie+a,6,1.52,35.27
1976-6-33-Oie+a,1976,33,Oie+a,6,1.71,44.96
1976-6-35-Oie+a,1976,35,Oie+a,6,0.36,6.51
1976-6-38-Oie+a,1976,38,Oie+a,6,1.83,41.07
1976-6-41-Oie+a,1976,41,Oie+a,6,1.45,33.97
1976-6-49-Oie+a,1976,49,Oie+a,6,1.78,37.91
1976-6-52-Oie+a,1976,52,Oie+a,6,1.57,30.58
1976-6-55-Oie+a,1976,55,Oie+a,6,1.90,39.40
1976-6-59-Oie+a,1976,59,Oie+a,6,0.72,14.95
1976-6-65-Oie+a,1976,65,Oie+a,6,0.62,11.45
1976-6-68-Oie+a,1976,68,Oie+a,6,1.66,32.20
1976-6-70-Oie+a,1976,70,Oie+a,6,1.98,43.78
1976-6-77-Oie+a,1976,77,Oie+a,6,1.24,26.74
1976-6-82-Oie+a,1976,82,Oie+a,6,0.40,8.49
1976-6-86-Oie+a,1976,86,Oie+a,6,0.43,7.78
1976-6-88-Oie+a,1976,88,Oie+a,6,0.68,12.58
1976-6-91-Oie+a,1976,91,Oie+a,6,0.65,13.06
1976-6-97-Oie+a,1976,97,Oie+a,6,0.47,9.54
1976-6-101-Oie+a,1976,101,Oie+a,6,1.20,24.36
1976-6-103-Oie+a,1976,103,Oie+a,6,0.48,9.22
1976-6-106-Oie+a,1976,106,Oie+a,6,0.94,17.88
1976-6-108-Oie+a,1976,108,Oie+a,6,0.68,13.50
1976-6-113-Oie+a,1976,113,Oie+a,6,1.38,26.60
1976-6-115-Oie+a,1976,115,Oie+a,6,0.94,20.14
1976-6-117-Oie+a,1976,117,Oie+a,6,0.70,13.85
1976-6-126-Oie+a,1976,126,Oie+a,6,0.55,12.88
1976-6-128-Oie+a,1976,128,Oie+a,6,1.09,23.30
1976-6-130-Oie+a,1976,130,Oie+a,6,0.72,15.33
1976-6-136-Oie+a,1976,136,Oie+a,6,0.70,14.87
1976-6-138-Oie+a,1976,138,Oie+a,6,1.13,22.87
1976-6-141-Oie+a,1976,141,Oie+a,6,1.76,38.25
1976-6-143-Oie+a,1976,143,Oie+a,6,0.90,21.55
1976-6-146-Oie+a,1976,146,Oie+a,6,0.77,15.53
1976-6-153-Oie+a,1976,153,Oie+a,6,0.89,17.52
1976-6-156-Oie+a,1976,156,Oie+a,6,0.82,14.94
1976-6-160-Oie+a,1976,160,Oie+a,6,1.02,19.59
1976-6-162-Oie+a,1976,162,Oie+a,6,1.68,39.82
1976-6-169-Oie+a,1976,169,Oie+a,6,0.67,22.70
1976-6-172-Oie+a,1976,172,Oie+a,6,1.22,24.81
1976-6-179-Oie+a,1976,179,Oie+a,6,1.78,34.20
1976-6-180-Oie+a,1976,180,Oie+a,6,1.32,27.69
1976-6-183-Oie+a,1976,183,Oie+a,6,1.33,26.98
1976-6-186-Oie+a,1976,186,Oie+a,6,1.55,34.49
1976-6-190-Oie+a,1976,190,Oie+a,6,0.86,18.59
1976-6-192-Oie+a,1976,192,Oie+a,6,1.52,30.25
1976-6-197-Oie+a,1976,197,Oie+a,6,1.35,31.60
1976-6-200-Oie+a,1976,200,Oie+a,6,1.83,39.76
1976-6-202-Oie+a,1976,202,Oie+a,6,1.70,40.56
1976-6-203-Oie+a,1976,203,Oie+a,6,0.76,15.54
1976-6-205-Oie+a,1976,205,Oie+a,6,1.23,28.92
1976-6-206-Oie+a,1976,206,Oie+a,6,1.00,19.03
1976-6-207-Oie+a,1976,207,Oie+a,6,1.81,37.84
1977-6-1-Oie+a,1977,1,Oie+a,6,2.07,38.90
1977-6-4-Oie+a,1977,4,Oie+a,6,2.34,43.68
1977-6-5-Oie+a,1977,5,Oie+a,6,1.87,30.60
1977-6-7-Oie+a,1977,7,Oie+a,6,1.41,28.48
1977-6-12-Oie+a,1977,12,Oie+a,6,2.26,36.98
1977-6-15-Oie+a,1977,15,Oie+a,6,1.29,26.78
1977-6-16-Oie+a,1977,16,Oie+a,6,1.70,33.08
1977-6-17-Oie+a,1977,17,Oie+a,6,1.90,29.36
1977-6-29-Oie+a,1977,29,Oie+a,6,1.65,36.44
1977-6-31-Oie+a,1977,31,Oie+a,6,2.03,39.11
1977-6-34-Oie+a,1977,34,Oie+a,6,1.55,40.79
1977-6-38-Oie+a,1977,38,Oie+a,6,2.22,34.76
1977-6-43-Oie+a,1977,43,Oie+a,6,2.07,39.94
1977-6-45-Oie+a,1977,45,Oie+a,6,2.36,39.06
1977-6-47-Oie+a,1977,47,Oie+a,6,0.84,15.25
1977-6-50-Oie+a,1977,50,Oie+a,6,1.87,39.23
1977-6-53-Oie+a,1977,53,Oie+a,6,2.03,39.38
1977-6-56-Oie+a,1977,56,Oie+a,6,2.08,37.13
1977-6-59-Oie+a,1977,59,Oie+a,6,2.11,35.83
1977-6-61-Oie+a,1977,61,Oie+a,6,1.16,24.76
1977-6-62-Oie+a,1977,62,Oie+a,6,1.28,27.38
1977-6-65-Oie+a,1977,65,Oie+a,6,1.31,25.08
1977-6-69-Oie+a,1977,69,Oie+a,6,1.72,36.52
1977-6-71-Oie+a,1977,71,Oie+a,6,2.07,35.27
1977-6-72-Oie+a,1977,72,Oie+a,6,2.02,38.39
1977-6-76-Oie+a,1977,76,Oie+a,6,1.76,32.88
1977-6-82-Oie+a,1977,82,Oie+a,6,1.47,25.27
1977-6-86-Oie+a,1977,86,Oie+a,6,1.50,31.65
1977-6-93-Oie+a,1977,93,Oie+a,6,0.81,16.34
1977-6-98-Oie+a,1977,98,Oie+a,6,1.57,33.47
1977-6-101-Oie+a,1977,101,Oie+a,6,1.65,26.89
1977-6-111-Oie+a,1977,111,Oie+a,6,1.83,37.62
1977-6-116-Oie+a,1977,116,Oie+a,6,1.50,31.32
1977-6-122-Oie+a,1977,122,Oie+a,6,1.42,28.83
1977-6-126-Oie+a,1977,126,Oie+a,6,1.05,30.87
1977-6-134-Oie+a,1977,134,Oie+a,6,1.04,23.21
1977-6-142-Oie+a,1977,142,Oie+a,6,1.62,33.42
1977-6-143-Oie+a,1977,143,Oie+a,6,1.25,23.33
1977-6-146-Oie+a,1977,146,Oie+a,6,1.27,25.80
1977-6-147-Oie+a,1977,147,Oie+a,6,1.36,28.10
1977-6-152-Oie+a,1977,152,Oie+a,6,0.95,17.40
1977-6-161-Oie+a,1977,161,Oie+a,6,1.81,36.26
1977-6-164-Oie+a,1977,164,Oie+a,6,1.65,27.34
1977-6-169-Oie+a,1977,169,Oie+a,6,0.99,18.34
1977-6-170-Oie+a,1977,170,Oie+a,6,1.13,28.78
1977-6-173-Oie+a,1977,173,Oie+a,6,1.63,24.71
1977-6-175-Oie+a,1977,175,Oie+a,6,1.90,34.49
1977-6-178-Oie+a,1977,178,Oie+a,6,2.07,37.50
1977-6-181-Oie+a,1977,181,Oie+a,6,0.62,15.64
1977-6-186-Oie+a,1977,186,Oie+a,6,2.63,37.41
1977-6-187-Oie+a,1977,187,Oie+a,6,2.01,43.51
1977-6-192-Oie+a,1977,192,Oie+a,6,1.95,30.10
1977-6-194-Oie+a,1977,194,Oie+a,6,2.17,32.36
1977-6-198-Oie+a,1977,198,Oie+a,6,1.75,28.67
1977-6-199-Oie+a,1977,199,Oie+a,6,2.01,32.27
1977-6-202-Oie+a,1977,202,Oie+a,6,1.74,28.63
1977-6-203-Oie+a,1977,203,Oie+a,6,1.91,40.61
1977-6-205-Oie+a,1977,205,Oie+a,6,2.66,41.13
1978-6-2-Oie,1978,2,Oie,6,-99.99,-99.99
1978-6-2-Oa,1978,2,Oa,6,-99.99,-99.99
1978-6-11-Oie,1978,11,Oie,6,-99.99,-99.99
1978-6-11-Oa,1978,11,Oa,6,-99.99,-99.99
1978-6-13-Oie,1978,13,Oie,6,-99.99,-99.99
1978-6-13-Oa,1978,13,Oa,6,-99.99,-99.99
1978-6-19-Oie,1978,19,Oie,6,-99.99,-99.99
1978-6-19-Oa,1978,19,Oa,6,-99.99,-99.99
1978-6-21-Oie,1978,21,Oie,6,-99.99,-99.99
1978-6-21-Oa,1978,21,Oa,6,-99.99,-99.99
1978-6-25-Oie,1978,25,Oie,6,-99.99,-99.99
1978-6-25-Oa,1978,25,Oa,6,-99.99,-99.99
1978-6-27-Oie,1978,27,Oie,6,-99.99,-99.99
1978-6-27-Oa,1978,27,Oa,6,-99.99,-99.99
1978-6-32-Oie,1978,32,Oie,6,-99.99,-99.99
1978-6-32-Oa,1978,32,Oa,6,-99.99,-99.99
1978-6-36-Oie,1978,36,Oie,6,-99.99,-99.99
1978-6-36-Oa,1978,36,Oa,6,-99.99,-99.99
1978-6-39-Oie,1978,39,Oie,6,-99.99,-99.99
1978-6-39-Oa,1978,39,Oa,6,-99.99,-99.99
1978-6-42-Oie,1978,42,Oie,6,-99.99,-99.99
1978-6-42-Oa,1978,42,Oa,6,-99.99,-99.99
1978-6-48-Oie,1978,48,Oie,6,-99.99,-99.99
1978-6-48-Oa,1978,48,Oa,6,-99.99,-99.99
1978-6-51-Oie,1978,51,Oie,6,-99.99,-99.99
1978-6-51-Oa,1978,51,Oa,6,-99.99,-99.99
1978-6-54-Oie,1978,54,Oie,6,-99.99,-99.99
1978-6-54-Oa,1978,54,Oa,6,-99.99,-99.99
1978-6-58-Oie,1978,58,Oie,6,-99.99,-99.99
1978-6-58-Oa,1978,58,Oa,6,-99.99,-99.99
1978-6-60-Oie,1978,60,Oie,6,-99.99,-99.99
1978-6-60-Oa,1978,60,Oa,6,-99.99,-99.99
1978-6-64-Oie,1978,64,Oie,6,-99.99,-99.99
1978-6-64-Oa,1978,64,Oa,6,-99.99,-99.99
1978-6-66-Oie,1978,66,Oie,6,-99.99,-99.99
1978-6-66-Oa,1978,66,Oa,6,-99.99,-99.99
1978-6-74-Oie,1978,74,Oie,6,-99.99,-99.99
1978-6-74-Oa,1978,74,Oa,6,-99.99,-99.99
1978-6-80-Oie,1978,80,Oie,6,-99.99,-99.99
1978-6-80-Oa,1978,80,Oa,6,-99.99,-99.99
1978-6-83-Oie,1978,83,Oie,6,-99.99,-99.99
1978-6-83-Oa,1978,83,Oa,6,-99.99,-99.99
1978-6-84-Oie,1978,84,Oie,6,-99.99,-99.99
1978-6-84-Oa,1978,84,Oa,6,-99.99,-99.99
1978-6-87-Oie,1978,87,Oie,6,-99.99,-99.99
1978-6-87-Oa,1978,87,Oa,6,-99.99,-99.99
1978-6-92-Oie,1978,92,Oie,6,-99.99,-99.99
1978-6-92-Oa,1978,92,Oa,6,-99.99,-99.99
1978-6-95-Oie,1978,95,Oie,6,-99.99,-99.99
1978-6-95-Oa,1978,95,Oa,6,-99.99,-99.99
1978-6-99-Oie,1978,99,Oie,6,-99.99,-99.99
1978-6-99-Oa,1978,99,Oa,6,-99.99,-99.99
1978-6-102-Oie,1978,102,Oie,6,-99.99,-99.99
1978-6-102-Oa,1978,102,Oa,6,-99.99,-99.99
1978-6-105-Oie,1978,105,Oie,6,-99.99,-99.99
1978-6-105-Oa,1978,105,Oa,6,-99.99,-99.99
1978-6-107-Oie,1978,107,Oie,6,-99.99,-99.99
1978-6-107-Oa,1978,107,Oa,6,-99.99,-99.99
1978-6-114-Oie,1978,114,Oie,6,-99.99,-99.99
1978-6-114-Oa,1978,114,Oa,6,-99.99,-99.99
1978-6-120-Oie,1978,120,Oie,6,-99.99,-99.99
1978-6-120-Oa,1978,120,Oa,6,-99.99,-99.99
1978-6-123-Oie,1978,123,Oie,6,-99.99,-99.99
1978-6-123-Oa,1978,123,Oa,6,-99.99,-99.99
1978-6-124-Oie,1978,124,Oie,6,-99.99,-99.99
1978-6-124-Oa,1978,124,Oa,6,-99.99,-99.99
1978-6-129-Oie,1978,129,Oie,6,-99.99,-99.99
1978-6-129-Oa,1978,129,Oa,6,-99.99,-99.99
1978-6-131-Oie,1978,131,Oie,6,-99.99,-99.99
1978-6-131-Oa,1978,131,Oa,6,-99.99,-99.99
1978-6-133-Oie,1978,133,Oie,6,-99.99,-99.99
1978-6-133-Oa,1978,133,Oa,6,-99.99,-99.99
1978-6-139-Oie,1978,139,Oie,6,-99.99,-99.99
1978-6-139-Oa,1978,139,Oa,6,-99.99,-99.99
1978-6-144-Oie,1978,144,Oie,6,-99.99,-99.99
1978-6-144-Oa,1978,144,Oa,6,-99.99,-99.99
1978-6-148-Oie,1978,148,Oie,6,-99.99,-99.99
1978-6-148-Oa,1978,148,Oa,6,-99.99,-99.99
1978-6-151-Oie,1978,151,Oie,6,-99.99,-99.99
1978-6-151-Oa,1978,151,Oa,6,-99.99,-99.99
1978-6-154-Oie,1978,154,Oie,6,-99.99,-99.99
1978-6-154-Oa,1978,154,Oa,6,-99.99,-99.99
1978-6-155-Oie,1978,155,Oie,6,-99.99,-99.99
1978-6-155-Oa,1978,155,Oa,6,-99.99,-99.99
1978-6-157-Oie,1978,157,Oie,6,-99.99,-99.99
1978-6-157-Oa,1978,157,Oa,6,-99.99,-99.99
1978-6-159-Oie,1978,159,Oie,6,-99.99,-99.99
1978-6-159-Oa,1978,159,Oa,6,-99.99,-99.99
1978-6-163-Oie,1978,163,Oie,6,-99.99,-99.99
1978-6-163-Oa,1978,163,Oa,6,-99.99,-99.99
1978-6-165-Oie,1978,165,Oie,6,-99.99,-99.99
1978-6-165-Oa,1978,165,Oa,6,-99.99,-99.99
1978-6-168-Oie,1978,168,Oie,6,-99.99,-99.99
1978-6-168-Oa,1978,168,Oa,6,-99.99,-99.99
1978-6-171-Oie,1978,171,Oie,6,-99.99,-99.99
1978-6-171-Oa,1978,171,Oa,6,-99.99,-99.99
1978-6-174-Oie,1978,174,Oie,6,-99.99,-99.99
1978-6-174-Oa,1978,174,Oa,6,-99.99,-99.99
1978-6-177-Oie,1978,177,Oie,6,-99.99,-99.99
1978-6-177-Oa,1978,177,Oa,6,-99.99,-99.99
1978-6-182-Oie,1978,182,Oie,6,-99.99,-99.99
1978-6-182-Oa,1978,182,Oa,6,-99.99,-99.99
1978-6-184-Oie,1978,184,Oie,6,-99.99,-99.99
1978-6-184-Oa,1978,184,Oa,6,-99.99,-99.99
1978-6-185-Oie,1978,185,Oie,6,-99.99,-99.99
1978-6-185-Oa,1978,185,Oa,6,-99.99,-99.99
1978-6-189-Oie,1978,189,Oie,6,-99.99,-99.99
1978-6-189-Oa,1978,189,Oa,6,-99.99,-99.99
1978-6-193-Oie,1978,193,Oie,6,-99.99,-99.99
1978-6-193-Oa,1978,193,Oa,6,-99.99,-99.99
1978-6-195-Oie,1978,195,Oie,6,-99.99,-99.99
1978-6-195-Oa,1978,195,Oa,6,-99.99,-99.99
1978-6-201-Oie,1978,201,Oie,6,-99.99,-99.99
1978-6-201-Oa,1978,201,Oa,6,-99.99,-99.99
1978-6-204-Oie,1978,204,Oie,6,-99.99,-99.99
1978-6-204-Oa,1978,204,Oa,6,-99.99,-99.99
1978-6-208-Oie,1978,208,Oie,6,-99.99,-99.99
1978-6-208-Oa,1978,208,Oa,6,-99.99,-99.99
1982-6-1-Oie+a,1982,1,Oie+a,6,1.80,38.20
1982-6-4-Oie+a,1982,4,Oie+a,6,1.94,46.57
1982-6-5-Oie+a,1982,5,Oie+a,6,2.36,41.00
1982-6-9-Oie+a,1982,9,Oie+a,6,1.99,40.42
1982-6-10-Oie+a,1982,10,Oie+a,6,1.08,22.89
1982-6-12-Oie+a,1982,12,Oie+a,6,1.31,29.00
1982-6-15-Oie+a,1982,15,Oie+a,6,1.90,40.50
1982-6-20-Oie+a,1982,20,Oie+a,6,3.62,43.23
1982-6-23-Oie+a,1982,23,Oie+a,6,1.77,48.26
1982-6-25-Oie+a,1982,25,Oie+a,6,2.03,39.96
1982-6-27-Oie+a,1982,27,Oie+a,6,1.45,29.68
1982-6-30-Oie+a,1982,30,Oie+a,6,1.59,33.11
1982-6-32-Oie+a,1982,32,Oie+a,6,1.32,32.34
1982-6-34-Oie+a,1982,34,Oie+a,6,1.77,42.10
1982-6-38-Oie+a,1982,38,Oie+a,6,2.17,35.84
1982-6-44-Oie+a,1982,44,Oie+a,6,1.75,42.04
1982-6-48-Oie+a,1982,48,Oie+a,6,1.38,35.85
1982-6-50-Oie+a,1982,50,Oie+a,6,1.36,28.21
1982-6-53-Oie+a,1982,53,Oie+a,6,2.09,36.63
1982-6-59-Oie+a,1982,59,Oie+a,6,1.98,36.73
1982-6-62-Oie+a,1982,62,Oie+a,6,1.37,25.75
1982-6-64-Oie+a,1982,64,Oie+a,6,1.77,37.20
1982-6-67-Oie+a,1982,67,Oie+a,6,1.26,21.71
1982-6-71-Oie+a,1982,71,Oie+a,6,0.99,23.10
1982-6-76-Oie+a,1982,76,Oie+a,6,1.41,30.51
1982-6-78-Oie+a,1982,78,Oie+a,6,1.91,36.29
1982-6-81-Oie+a,1982,81,Oie+a,6,1.52,29.27
1982-6-86-Oie+a,1982,86,Oie+a,6,1.42,47.94
1982-6-88-Oie+a,1982,88,Oie+a,6,1.36,26.17
1982-6-92-Oie+a,1982,92,Oie+a,6,1.00,24.08
1982-6-97-Oie+a,1982,97,Oie+a,6,1.83,36.16
1982-6-101-Oie+a,1982,101,Oie+a,6,1.21,26.82
1982-6-105-Oie+a,1982,105,Oie+a,6,2.00,37.76
1982-6-107-Oie+a,1982,107,Oie+a,6,2.16,38.86
1982-6-110-Oie+a,1982,110,Oie+a,6,0.89,21.41
1982-6-114-Oie+a,1982,114,Oie+a,6,1.78,37.22
1982-6-115-Oie+a,1982,115,Oie+a,6,1.62,33.57
1982-6-117-Oie+a,1982,117,Oie+a,6,1.59,36.61
1982-6-120-Oie+a,1982,120,Oie+a,6,0.78,17.27
1982-6-123-Oie+a,1982,123,Oie+a,6,2.11,36.72
1982-6-130-Oie+a,1982,130,Oie+a,6,1.56,32.91
1982-6-131-Oie+a,1982,131,Oie+a,6,1.12,24.51
1982-6-135-Oie+a,1982,135,Oie+a,6,0.99,18.55
1982-6-139-Oie+a,1982,139,Oie+a,6,1.24,25.86
1982-6-141-Oie+a,1982,141,Oie+a,6,1.07,20.12
1982-6-147-Oie+a,1982,147,Oie+a,6,1.46,33.51
1982-6-150-Oie+a,1982,150,Oie+a,6,1.27,23.93
1982-6-152-Oie+a,1982,152,Oie+a,6,1.18,24.69
1982-6-154-Oie+a,1982,154,Oie+a,6,2.12,35.91
1982-6-157-Oie+a,1982,157,Oie+a,6,1.44,27.96
1982-6-161-Oie+a,1982,161,Oie+a,6,1.67,32.81
1982-6-163-Oie+a,1982,163,Oie+a,6,0.99,21.50
1982-6-165-Oie+a,1982,165,Oie+a,6,1.38,28.38
1982-6-169-Oie+a,1982,169,Oie+a,6,0.94,18.49
1982-6-171-Oie+a,1982,171,Oie+a,6,1.27,24.81
1982-6-174-Oie+a,1982,174,Oie+a,6,1.56,28.87
1982-6-176-Oie+a,1982,176,Oie+a,6,0.96,21.53
1982-6-179-Oie+a,1982,179,Oie+a,6,1.89,42.63
1982-6-182-Oie+a,1982,182,Oie+a,6,1.83,38.16
1982-6-184-Oie+a,1982,184,Oie+a,6,1.60,30.24
1982-6-186-Oie+a,1982,186,Oie+a,6,1.63,38.26
1982-6-189-Oie+a,1982,189,Oie+a,6,1.43,30.51
1982-6-192-Oie+a,1982,192,Oie+a,6,1.67,30.38
1982-6-194-Oie+a,1982,194,Oie+a,6,1.38,30.97
1982-6-196-Oie+a,1982,196,Oie+a,6,1.85,30.56
1982-6-200-Oie+a,1982,200,Oie+a,6,1.42,25.64
1982-6-203-Oie+a,1982,203,Oie+a,6,1.29,31.50
1982-6-207-Oie+a,1982,207,Oie+a,6,2.16,44.30
1987-6-1-Oie,1987,1,Oie,6,2.65,47.25
1987-6-1-Oa,1987,1,Oa,6,1.51,28.15
1987-6-2-Oie,1987,2,Oie,6,1.87,46.93
1987-6-2-Oa,1987,2,Oa,6,-88.88,-88.88
1987-6-4-Oie,1987,4,Oie,6,2.05,38.38
1987-6-4-Oa,1987,4,Oa,6,1.71,30.48
1987-6-8-Oie,1987,8,Oie,6,1.55,33.21
1987-6-8-Oa,1987,8,Oa,6,0.71,14.15
1987-6-13-Oie,1987,13,Oie,6,2.02,39.48
1987-6-13-Oa,1987,13,Oa,6,0.91,24.68
1987-6-17-Oie,1987,17,Oie,6,1.97,41.31
1987-6-17-Oa,1987,17,Oa,6,0.56,13.31
1987-6-18-Oie,1987,18,Oie,6,2.08,41.30
1987-6-18-Oa,1987,18,Oa,6,1.12,21.57
1987-6-24-Oie,1987,24,Oie,6,2.21,48.91
1987-6-24-Oa,1987,24,Oa,6,1.37,32.16
1987-6-27-Oie,1987,27,Oie,6,2.42,49.25
1987-6-27-Oa,1987,27,Oa,6,1.76,36.86
1987-6-32-Oie,1987,32,Oie,6,2.27,45.79
1987-6-32-Oa,1987,32,Oa,6,1.06,23.39
1987-6-36-Oie,1987,36,Oie,6,1.97,40.70
1987-6-36-Oa,1987,36,Oa,6,1.21,28.21
1987-6-39-Oie,1987,39,Oie,6,2.65,44.80
1987-6-39-Oa,1987,39,Oa,6,1.38,22.17
1987-6-45-Oie,1987,45,Oie,6,2.42,42.02
1987-6-45-Oa,1987,45,Oa,6,1.65,30.52
1987-6-46-Oie,1987,46,Oie,6,1.79,32.18
1987-6-46-Oa,1987,46,Oa,6,1.21,24.25
1987-6-49-Oie,1987,49,Oie,6,2.26,43.24
1987-6-49-Oa,1987,49,Oa,6,1.27,28.13
1987-6-52-Oie,1987,52,Oie,6,2.14,40.90
1987-6-52-Oa,1987,52,Oa,6,0.68,14.41
1987-6-57-Oie,1987,57,Oie,6,2.29,48.12
1987-6-57-Oa,1987,57,Oa,6,1.79,35.95
1987-6-64-Oie,1987,64,Oie,6,0.93,22.69
1987-6-64-Oa,1987,64,Oa,6,-88.88,-88.88
1987-6-77-Oie,1987,77,Oie,6,1.83,38.14
1987-6-77-Oa,1987,77,Oa,6,0.97,26.21
1987-6-82-Oie,1987,82,Oie,6,1.88,36.90
1987-6-82-Oa,1987,82,Oa,6,1.90,31.86
1987-6-84-Oie,1987,84,Oie,6,2.03,42.97
1987-6-84-Oa,1987,84,Oa,6,1.35,25.21
1987-6-85-Oie,1987,85,Oie,6,2.02,43.03
1987-6-85-Oa,1987,85,Oa,6,1.49,28.49
1987-6-86-Oie,1987,86,Oie,6,2.48,41.05
1987-6-86-Oa,1987,86,Oa,6,1.94,31.72
1987-6-87-Oie,1987,87,Oie,6,2.28,39.66
1987-6-87-Oa,1987,87,Oa,6,0.81,14.89
1987-6-97-Oie,1987,97,Oie,6,1.93,40.57
1987-6-97-Oa,1987,97,Oa,6,0.88,16.40
1987-6-99-Oie,1987,99,Oie,6,2.17,45.89
1987-6-99-Oa,1987,99,Oa,6,1.51,26.77
1987-6-104-Oie,1987,104,Oie,6,2.10,44.95
1987-6-104-Oa,1987,104,Oa,6,1.51,26.50
1987-6-107-Oie,1987,107,Oie,6,2.04,45.83
1987-6-107-Oa,1987,107,Oa,6,1.14,26.71
1987-6-111-Oie,1987,111,Oie,6,2.25,43.25
1987-6-111-Oa,1987,111,Oa,6,1.22,24.10
1987-6-112-Oie,1987,112,Oie,6,2.00,42.57
1987-6-112-Oa,1987,112,Oa,6,2.00,39.67
1987-6-114-Oie,1987,114,Oie,6,2.03,39.38
1987-6-114-Oa,1987,114,Oa,6,1.11,21.65
1987-6-116-Oie,1987,116,Oie,6,2.09,49.71
1987-6-116-Oa,1987,116,Oa,6,1.59,48.66
1987-6-119-Oie,1987,119,Oie,6,1.34,37.03
1987-6-119-Oa,1987,119,Oa,6,0.74,17.81
1987-6-120-Oie,1987,120,Oie,6,1.75,33.50
1987-6-120-Oa,1987,120,Oa,6,0.74,14.53
1987-6-122-Oie,1987,122,Oie,6,2.04,43.94
1987-6-122-Oa,1987,122,Oa,6,1.35,28.45
1987-6-123-Oie,1987,123,Oie,6,2.11,39.16
1987-6-123-Oa,1987,123,Oa,6,-88.88,-88.88
1987-6-125-Oie,1987,125,Oie,6,1.56,31.70
1987-6-125-Oa,1987,125,Oa,6,1.08,19.73
1987-6-126-Oie,1987,126,Oie,6,1.24,24.97
1987-6-126-Oa,1987,126,Oa,6,1.17,19.90
1987-6-127-Oie,1987,127,Oie,6,0.78,49.77
1987-6-127-Oa,1987,127,Oa,6,-88.88,-88.88
1987-6-128-Oie,1987,128,Oie,6,1.77,35.63
1987-6-128-Oa,1987,128,Oa,6,0.79,13.41
1987-6-130-Oie,1987,130,Oie,6,1.26,39.35
1987-6-130-Oa,1987,130,Oa,6,0.63,10.68
1987-6-132-Oie,1987,132,Oie,6,0.89,15.67
1987-6-132-Oa,1987,132,Oa,6,0.74,12.92
1987-6-136-Oie,1987,136,Oie,6,1.50,31.93
1987-6-136-Oa,1987,136,Oa,6,0.81,15.89
1987-6-145-Oie,1987,145,Oie,6,1.55,32.08
1987-6-145-Oa,1987,145,Oa,6,0.57,11.10
1987-6-147-Oie,1987,147,Oie,6,2.01,42.44
1987-6-147-Oa,1987,147,Oa,6,1.44,27.47
1987-6-151-Oie,1987,151,Oie,6,0.94,20.40
1987-6-151-Oa,1987,151,Oa,6,0.39,8.92
1987-6-152-Oie,1987,152,Oie,6,2.22,45.88
1987-6-152-Oa,1987,152,Oa,6,1.01,20.49
1987-6-153-Oie,1987,153,Oie,6,1.70,38.48
1987-6-153-Oa,1987,153,Oa,6,0.54,10.31
1987-6-157-Oie,1987,157,Oie,6,1.49,31.16
1987-6-157-Oa,1987,157,Oa,6,0.56,11.13
1987-6-164-Oie,1987,164,Oie,6,2.12,38.65
1987-6-164-Oa,1987,164,Oa,6,0.89,14.94
1987-6-166-Oie,1987,166,Oie,6,1.41,28.90
1987-6-166-Oa,1987,166,Oa,6,0.53,9.68
1987-6-168-Oie,1987,168,Oie,6,1.12,23.15
1987-6-168-Oa,1987,168,Oa,6,0.59,10.81
1987-6-169-Oie,1987,169,Oie,6,1.83,35.70
1987-6-169-Oa,1987,169,Oa,6,0.75,14.70
1987-6-170-Oie,1987,170,Oie,6,1.49,26.31
1987-6-170-Oa,1987,170,Oa,6,1.00,18.94
1987-6-172-Oie,1987,172,Oie,6,2.27,42.17
1987-6-172-Oa,1987,172,Oa,6,1.32,24.84
1987-6-173-Oie,1987,173,Oie,6,2.28,41.36
1987-6-173-Oa,1987,173,Oa,6,1.80,32.79
1987-6-175-Oie,1987,175,Oie,6,2.46,47.33
1987-6-175-Oa,1987,175,Oa,6,1.98,42.93
1987-6-177-Oie,1987,177,Oie,6,1.82,33.55
1987-6-177-Oa,1987,177,Oa,6,0.91,15.40
1987-6-180-Oie,1987,180,Oie,6,2.19,43.01
1987-6-180-Oa,1987,180,Oa,6,1.39,29.74
1987-6-183-Oie,1987,183,Oie,6,2.23,36.12
1987-6-183-Oa,1987,183,Oa,6,1.73,28.28
1987-6-187-Oie,1987,187,Oie,6,2.13,43.62
1987-6-187-Oa,1987,187,Oa,6,1.01,16.98
1987-6-188-Oie,1987,188,Oie,6,2.44,46.66
1987-6-188-Oa,1987,188,Oa,6,2.22,42.40
1987-6-190-Oie,1987,190,Oie,6,1.96,35.54
1987-6-190-Oa,1987,190,Oa,6,0.87,13.48
1987-6-191-Oie,1987,191,Oie,6,1.19,21.69
1987-6-191-Oa,1987,191,Oa,6,0.62,7.75
1987-6-193-Oie,1987,193,Oie,6,1.27,24.05
1987-6-193-Oa,1987,193,Oa,6,-88.88,-88.88
1987-6-194-Oie,1987,194,Oie,6,2.23,45.24
1987-6-194-Oa,1987,194,Oa,6,2.00,37.68
1987-6-201-Oie,1987,201,Oie,6,1.82,45.20
1987-6-201-Oa,1987,201,Oa,6,0.86,17.44
1987-6-204-Oie,1987,204,Oie,6,0.65,12.33
1987-6-204-Oa,1987,204,Oa,6,1.98,41.10
1987-6-205-Oie,1987,205,Oie,6,2.31,45.19
1987-6-205-Oa,1987,205,Oa,6,0.92,22.90
1987-6-206-Oie,1987,206,Oie,6,1.70,36.80
1987-6-206-Oa,1987,206,Oa,6,1.68,36.24
1992-6-2-Oie,1992,2,Oie,6,2.19,47.30
1992-6-2-Oa,1992,2,Oa,6,1.29,32.55
1992-6-4-Oie,1992,4,Oie,6,2.45,47.55
1992-6-4-Oa,1992,4,Oa,6,2.32,37.19
1992-6-6-Oie,1992,6,Oie,6,2.01,43.92
1992-6-6-Oa,1992,6,Oa,6,0.85,18.90
1992-6-8-Oie,1992,8,Oie,6,2.14,42.06
1992-6-8-Oa,1992,8,Oa,6,0.67,12.91
1992-6-11-Oie,1992,11,Oie,6,2.04,45.56
1992-6-11-Oa,1992,11,Oa,6,1.16,28.00
1992-6-12-Oie,1992,12,Oie,6,2.48,40.58
1992-6-12-Oa,1992,12,Oa,6,1.47,23.35
1992-6-17-Oie,1992,17,Oie,6,1.54,34.08
1992-6-17-Oa,1992,17,Oa,6,1.14,23.93
1992-6-20-Oie,1992,20,Oie,6,2.32,47.53
1992-6-20-Oa,1992,20,Oa,6,1.91,35.09
1992-6-21-Oie,1992,21,Oie,6,2.04,49.68
1992-6-21-Oa,1992,21,Oa,6,1.98,44.19
1992-6-24-Oie,1992,24,Oie,6,2.24,47.90
1992-6-24-Oa,1992,24,Oa,6,1.65,39.78
1992-6-28-Oie,1992,28,Oie,6,2.59,46.48
1992-6-28-Oa,1992,28,Oa,6,1.50,27.20
1992-6-29-Oie,1992,29,Oie,6,2.31,45.83
1992-6-29-Oa,1992,29,Oa,6,1.03,18.56
1992-6-32-Oie,1992,32,Oie,6,2.08,48.19
1992-6-32-Oa,1992,32,Oa,6,1.14,31.19
1992-6-33-Oie,1992,33,Oie,6,2.15,49.06
1992-6-33-Oa,1992,33,Oa,6,1.06,28.13
1992-6-35-Oie,1992,35,Oie,6,2.26,46.27
1992-6-35-Oa,1992,35,Oa,6,1.89,35.18
1992-6-40-Oie,1992,40,Oie,6,2.17,41.77
1992-6-40-Oa,1992,40,Oa,6,1.47,25.30
1992-6-44-Oie,1992,44,Oie,6,1.84,35.76
1992-6-44-Oa,1992,44,Oa,6,-88.88,-88.88
1992-6-50-Oie,1992,50,Oie,6,2.20,46.55
1992-6-50-Oa,1992,50,Oa,6,1.40,40.26
1992-6-53-Oie,1992,53,Oie,6,2.51,45.33
1992-6-53-Oa,1992,53,Oa,6,1.71,34.91
1992-6-56-Oie,1992,56,Oie,6,1.54,31.97
1992-6-56-Oa,1992,56,Oa,6,-88.88,-88.88
1992-6-58-Oie,1992,58,Oie,6,1.80,35.00
1992-6-58-Oa,1992,58,Oa,6,0.55,11.83
1992-6-60-Oie,1992,60,Oie,6,2.15,40.09
1992-6-60-Oa,1992,60,Oa,6,0.94,23.84
1992-6-67-Oie,1992,67,Oie,6,2.08,45.22
1992-6-67-Oa,1992,67,Oa,6,1.12,22.48
1992-6-68-Oie,1992,68,Oie,6,1.86,40.31
1992-6-68-Oa,1992,68,Oa,6,0.87,17.92
1992-6-70-Oie,1992,70,Oie,6,2.02,40.78
1992-6-70-Oa,1992,70,Oa,6,0.56,11.22
1992-6-72-Oie,1992,72,Oie,6,2.03,46.48
1992-6-72-Oa,1992,72,Oa,6,1.10,19.37
1992-6-73-Oie,1992,73,Oie,6,1.84,33.93
1992-6-73-Oa,1992,73,Oa,6,1.41,24.49
1992-6-76-Oie,1992,76,Oie,6,1.84,42.10
1992-6-76-Oa,1992,76,Oa,6,1.31,26.26
1992-6-79-Oie,1992,79,Oie,6,1.64,38.98
1992-6-79-Oa,1992,79,Oa,6,0.81,19.25
1992-6-82-Oie,1992,82,Oie,6,1.70,45.88
1992-6-82-Oa,1992,82,Oa,6,1.47,32.65
1992-6-84-Oie,1992,84,Oie,6,1.14,29.90
1992-6-84-Oa,1992,84,Oa,6,0.60,14.64
1992-6-89-Oie,1992,89,Oie,6,2.31,43.97
1992-6-89-Oa,1992,89,Oa,6,1.15,20.29
1992-6-93-Oie,1992,93,Oie,6,2.09,47.62
1992-6-93-Oa,1992,93,Oa,6,1.60,32.07
1992-6-95-Oie,1992,95,Oie,6,1.70,37.90
1992-6-95-Oa,1992,95,Oa,6,1.20,21.70
1992-6-97-Oie,1992,97,Oie,6,1.90,41.72
1992-6-97-Oa,1992,97,Oa,6,0.96,19.67
1992-6-99-Oie,1992,99,Oie,6,2.19,38.20
1992-6-99-Oa,1992,99,Oa,6,0.95,15.87
1992-6-103-Oie,1992,103,Oie,6,2.05,46.46
1992-6-103-Oa,1992,103,Oa,6,1.55,34.07
1992-6-106-Oie,1992,106,Oie,6,1.83,37.81
1992-6-106-Oa,1992,106,Oa,6,1.06,20.71
1992-6-107-Oie,1992,107,Oie,6,1.37,26.08
1992-6-107-Oa,1992,107,Oa,6,1.44,26.91
1992-6-110-Oie,1992,110,Oie,6,1.29,30.07
1992-6-110-Oa,1992,110,Oa,6,0.84,16.58
1992-6-114-Oie,1992,114,Oie,6,1.47,29.86
1992-6-114-Oa,1992,114,Oa,6,1.08,21.18
1992-6-116-Oie,1992,116,Oie,6,1.97,46.15
1992-6-116-Oa,1992,116,Oa,6,1.31,29.02
1992-6-117-Oie,1992,117,Oie,6,2.03,40.50
1992-6-117-Oa,1992,117,Oa,6,1.58,28.96
1992-6-121-Oie,1992,121,Oie,6,1.91,38.80
1992-6-121-Oa,1992,121,Oa,6,0.88,18.50
1992-6-123-Oie,1992,123,Oie,6,2.20,42.77
1992-6-123-Oa,1992,123,Oa,6,1.11,21.81
1992-6-125-Oie,1992,125,Oie,6,2.27,43.05
1992-6-125-Oa,1992,125,Oa,6,1.68,29.39
1992-6-126-Oie,1992,126,Oie,6,2.19,41.18
1992-6-126-Oa,1992,126,Oa,6,1.13,17.93
1992-6-133-Oie,1992,133,Oie,6,1.84,38.06
1992-6-133-Oa,1992,133,Oa,6,0.55,12.00
1992-6-136-Oie,1992,136,Oie,6,1.86,38.83
1992-6-136-Oa,1992,136,Oa,6,1.61,30.30
1992-6-139-Oie,1992,139,Oie,6,2.03,46.58
1992-6-139-Oa,1992,139,Oa,6,0.98,21.22
1992-6-141-Oie,1992,141,Oie,6,2.01,46.28
1992-6-141-Oa,1992,141,Oa,6,1.55,33.97
1992-6-143-Oie,1992,143,Oie,6,1.58,38.39
1992-6-143-Oa,1992,143,Oa,6,1.22,28.85
1992-6-145-Oie,1992,145,Oie,6,1.76,36.08
1992-6-145-Oa,1992,145,Oa,6,0.72,15.72
1992-6-151-Oie,1992,151,Oie,6,1.71,42.51
1992-6-151-Oa,1992,151,Oa,6,1.38,31.11
1992-6-153-Oie,1992,153,Oie,6,1.94,39.29
1992-6-153-Oa,1992,153,Oa,6,1.02,19.34
1992-6-155-Oie,1992,155,Oie,6,2.00,43.41
1992-6-155-Oa,1992,155,Oa,6,1.22,20.71
1992-6-157-Oie,1992,157,Oie,6,1.71,36.61
1992-6-157-Oa,1992,157,Oa,6,1.15,20.61
1992-6-159-Oie,1992,159,Oie,6,1.98,41.72
1992-6-159-Oa,1992,159,Oa,6,1.16,24.18
1992-6-161-Oie,1992,161,Oie,6,2.03,43.92
1992-6-161-Oa,1992,161,Oa,6,1.19,27.62
1992-6-163-Oie,1992,163,Oie,6,1.08,18.84
1992-6-163-Oa,1992,163,Oa,6,0.49,9.34
1992-6-165-Oie,1992,165,Oie,6,1.82,39.46
1992-6-165-Oa,1992,165,Oa,6,1.17,23.21
1992-6-167-Oie,1992,167,Oie,6,1.92,37.07
1992-6-167-Oa,1992,167,Oa,6,1.10,19.59
1992-6-169-Oie,1992,169,Oie,6,1.89,32.39
1992-6-169-Oa,1992,169,Oa,6,1.35,24.06
1992-6-173-Oie,1992,173,Oie,6,1.96,41.05
1992-6-173-Oa,1992,173,Oa,6,0.51,11.40
1992-6-175-Oie,1992,175,Oie,6,2.01,41.50
1992-6-175-Oa,1992,175,Oa,6,1.55,23.94
1992-6-177-Oie,1992,177,Oie,6,1.66,28.91
1992-6-177-Oa,1992,177,Oa,6,0.43,7.87
1992-6-179-Oie,1992,179,Oie,6,1.98,43.39
1992-6-179-Oa,1992,179,Oa,6,0.49,10.79
1992-6-180-Oie,1992,180,Oie,6,2.24,43.79
1992-6-180-Oa,1992,180,Oa,6,1.08,25.27
1992-6-183-Oie,1992,183,Oie,6,2.23,41.79
1992-6-183-Oa,1992,183,Oa,6,1.10,19.85
1992-6-184-Oie,1992,184,Oie,6,2.16,42.12
1992-6-184-Oa,1992,184,Oa,6,0.90,18.32
1992-6-187-Oie,1992,187,Oie,6,1.06,23.08
1992-6-187-Oa,1992,187,Oa,6,1.01,20.90
1992-6-189-Oie,1992,189,Oie,6,2.05,46.27
1992-6-189-Oa,1992,189,Oa,6,1.58,47.96
1992-6-191-Oie,1992,191,Oie,6,2.10,46.62
1992-6-191-Oa,1992,191,Oa,6,1.22,25.21
1992-6-193-Oie,1992,193,Oie,6,1.48,36.92
1992-6-193-Oa,1992,193,Oa,6,0.71,14.38
1992-6-197-Oie,1992,197,Oie,6,1.52,38.34
1992-6-197-Oa,1992,197,Oa,6,0.45,10.31
1992-6-199-Oie,1992,199,Oie,6,2.10,42.50
1992-6-199-Oa,1992,199,Oa,6,1.15,31.96
1992-6-201-Oie,1992,201,Oie,6,2.17,44.67
1992-6-201-Oa,1992,201,Oa,6,1.48,26.96
1992-6-204-Oie,1992,204,Oie,6,1.92,41.16
1992-6-204-Oa,1992,204,Oa,6,1.02,26.89
1992-6-207-Oie,1992,207,Oie,6,1.86,38.94
1992-6-207-Oa,1992,207,Oa,6,1.05,18.01
1992-6-208-Oie,1992,208,Oie,6,2.12,47.90
1992-6-208-Oa,1992,208,Oa,6,1.12,23.01
1997-6-1-Oie,1997,1,Oie,6,2.28,49.78
1997-6-1-Oa,1997,1,Oa,6,1.51,32.59
1997-6-1-min,1997,1,min,6,-88.88,-88.88
1997-6-3-Oie,1997,3,Oie,6,2.02,46.64
1997-6-3-Oa,1997,3,Oa,6,0.71,14.02
1997-6-3-min,1997,3,min,6,-88.88,-88.88
1997-6-5-Oie,1997,5,Oie,6,2.21,52.17
1997-6-5-Oa,1997,5,Oa,6,1.53,32.44
1997-6-5-min,1997,5,min,6,-99.99,-99.99
1997-6-7-Oie,1997,7,Oie,6,2.44,47.46
1997-6-7-Oa,1997,7,Oa,6,0.84,22.14
1997-6-7-min,1997,7,min,6,-99.99,-99.99
1997-6-9-Oie,1997,9,Oie,6,2.22,50.81
1997-6-9-Oa,1997,9,Oa,6,1.63,31.58
1997-6-9-min,1997,9,min,6,-99.99,-99.99
1997-6-12-Oie,1997,12,Oie,6,1.51,29.47
1997-6-12-Oa,1997,12,Oa,6,-88.88,-88.88
1997-6-12-min,1997,12,min,6,-99.99,-99.99
1997-6-15-Oie,1997,15,Oie,6,1.95,47.93
1997-6-15-Oa,1997,15,Oa,6,-88.88,-88.88
1997-6-15-min,1997,15,min,6,-99.99,-99.99
1997-6-16-Oie,1997,16,Oie,6,2.35,46.19
1997-6-16-Oa,1997,16,Oa,6,0.92,14.65
1997-6-16-min,1997,16,min,6,-88.88,-88.88
1997-6-20-Oie,1997,20,Oie,6,2.51,51.78
1997-6-20-Oa,1997,20,Oa,6,2.12,40.14
1997-6-20-min,1997,20,min,6,-99.99,-99.99
1997-6-23-Oie,1997,23,Oie,6,2.07,51.26
1997-6-23-Oa,1997,23,Oa,6,1.96,45.53
1997-6-23-min,1997,23,min,6,-88.88,-88.88
1997-6-26-Oie,1997,26,Oie,6,2.36,45.06
1997-6-26-Oa,1997,26,Oa,6,1.02,17.66
1997-6-26-min,1997,26,min,6,-99.99,-99.99
1997-6-30-Oie,1997,30,Oie,6,2.06,45.37
1997-6-30-Oa,1997,30,Oa,6,-88.88,-88.88
1997-6-30-min,1997,30,min,6,-88.88,-88.88
1997-6-31-Oie,1997,31,Oie,6,2.22,50.13
1997-6-31-Oa,1997,31,Oa,6,1.67,44.23
1997-6-31-min,1997,31,min,6,-88.88,-88.88
1997-6-35-Oie,1997,35,Oie,6,2.39,50.72
1997-6-35-Oa,1997,35,Oa,6,1.48,43.43
1997-6-35-min,1997,35,min,6,-99.99,-99.99
1997-6-37-Oie,1997,37,Oie,6,2.14,49.22
1997-6-37-Oa,1997,37,Oa,6,-88.88,-88.88
1997-6-37-min,1997,37,min,6,-88.88,-88.88
1997-6-39-Oie,1997,39,Oie,6,1.90,45.00
1997-6-39-Oa,1997,39,Oa,6,0.71,16.42
1997-6-39-min,1997,39,min,6,-99.99,-99.99
1997-6-42-Oie,1997,42,Oie,6,2.06,48.82
1997-6-42-Oa,1997,42,Oa,6,1.09,23.90
1997-6-42-min,1997,42,min,6,-99.99,-99.99
1997-6-46-Oie,1997,46,Oie,6,2.60,45.08
1997-6-46-Oa,1997,46,Oa,6,1.60,25.57
1997-6-46-min,1997,46,min,6,-99.99,-99.99
1997-6-50-Oie,1997,50,Oie,6,2.25,43.56
1997-6-50-Oa,1997,50,Oa,6,1.25,31.42
1997-6-50-min,1997,50,min,6,-99.99,-99.99
1997-6-52-Oie,1997,52,Oie,6,2.36,48.94
1997-6-52-Oa,1997,52,Oa,6,1.91,35.51
1997-6-52-min,1997,52,min,6,-99.99,-99.99
1997-6-55-Oie,1997,55,Oie,6,1.93,44.25
1997-6-55-Oa,1997,55,Oa,6,-88.88,-88.88
1997-6-55-min,1997,55,min,6,-99.99,-99.99
1997-6-56-Oie,1997,56,Oie,6,2.42,47.89
1997-6-56-Oa,1997,56,Oa,6,0.87,17.42
1997-6-56-min,1997,56,min,6,-99.99,-99.99
1997-6-58-Oie,1997,58,Oie,6,2.44,48.95
1997-6-58-Oa,1997,58,Oa,6,1.03,20.86
1997-6-58-min,1997,58,min,6,-99.99,-99.99
1997-6-60-Oie,1997,60,Oie,6,2.32,50.61
1997-6-60-Oa,1997,60,Oa,6,2.13,46.05
1997-6-60-min,1997,60,min,6,-99.99,-99.99
1997-6-64-Oie,1997,64,Oie,6,2.17,44.62
1997-6-64-Oa,1997,64,Oa,6,1.33,23.54
1997-6-64-min,1997,64,min,6,-99.99,-99.99
1997-6-66-Oie,1997,66,Oie,6,2.41,44.85
1997-6-66-Oa,1997,66,Oa,6,1.81,37.49
1997-6-66-min,1997,66,min,6,-99.99,-99.99
1997-6-67-Oie,1997,67,Oie,6,2.42,46.01
1997-6-67-Oa,1997,67,Oa,6,-88.88,-88.88
1997-6-67-min,1997,67,min,6,-99.99,-99.99
1997-6-70-Oie,1997,70,Oie,6,1.50,26.50
1997-6-70-Oa,1997,70,Oa,6,0.70,13.53
1997-6-70-min,1997,70,min,6,-99.99,-99.99
1997-6-72-Oie,1997,72,Oie,6,2.17,48.65
1997-6-72-Oa,1997,72,Oa,6,1.50,31.46
1997-6-72-min,1997,72,min,6,-99.99,-99.99
1997-6-74-Oie,1997,74,Oie,6,1.76,33.16
1997-6-74-Oa,1997,74,Oa,6,-88.88,-88.88
1997-6-74-min,1997,74,min,6,-99.99,-99.99
1997-6-75-Oie,1997,75,Oie,6,1.55,38.47
1997-6-75-Oa,1997,75,Oa,6,-88.88,-88.88
1997-6-75-min,1997,75,min,6,-88.88,-88.88
1997-6-77-Oie,1997,77,Oie,6,2.20,48.47
1997-6-77-Oa,1997,77,Oa,6,1.32,29.10
1997-6-77-min,1997,77,min,6,-99.99,-99.99
1997-6-80-Oie,1997,80,Oie,6,1.90,44.39
1997-6-80-Oa,1997,80,Oa,6,1.45,26.41
1997-6-80-min,1997,80,min,6,-99.99,-99.99
1997-6-83-Oie,1997,83,Oie,6,2.13,49.03
1997-6-83-Oa,1997,83,Oa,6,2.23,46.16
1997-6-83-min,1997,83,min,6,-99.99,-99.99
1997-6-87-Oie,1997,87,Oie,6,2.06,47.87
1997-6-87-Oa,1997,87,Oa,6,1.37,27.89
1997-6-87-min,1997,87,min,6,-99.99,-99.99
1997-6-89-Oie,1997,89,Oie,6,1.90,43.19
1997-6-89-Oa,1997,89,Oa,6,1.47,27.56
1997-6-89-min,1997,89,min,6,-88.88,-88.88
1997-6-92-Oie,1997,92,Oie,6,1.77,41.60
1997-6-92-Oa,1997,92,Oa,6,0.78,14.56
1997-6-92-min,1997,92,min,6,-99.99,-99.99
1997-6-96-Oie,1997,96,Oie,6,1.71,41.57
1997-6-96-Oa,1997,96,Oa,6,-88.88,-88.88
1997-6-96-min,1997,96,min,6,-99.99,-99.99
1997-6-98-Oie,1997,98,Oie,6,2.30,47.54
1997-6-98-Oa,1997,98,Oa,6,1.33,21.64
1997-6-98-min,1997,98,min,6,-99.99,-99.99
1997-6-99-Oie,1997,99,Oie,6,1.97,49.47
1997-6-99-Oa,1997,99,Oa,6,0.87,17.96
1997-6-99-min,1997,99,min,6,-99.99,-99.99
1997-6-101-Oie,1997,101,Oie,6,1.76,38.52
1997-6-101-Oa,1997,101,Oa,6,-88.88,-88.88
1997-6-101-min,1997,101,min,6,-99.99,-99.99
1997-6-105-Oie,1997,105,Oie,6,2.51,46.88
1997-6-105-Oa,1997,105,Oa,6,1.35,24.34
1997-6-105-min,1997,105,min,6,-99.99,-99.99
1997-6-108-Oie,1997,108,Oie,6,2.07,47.06
1997-6-108-Oa,1997,108,Oa,6,1.06,20.62
1997-6-108-min,1997,108,min,6,-99.99,-99.99
1997-6-110-Oie,1997,110,Oie,6,1.19,25.27
1997-6-110-Oa,1997,110,Oa,6,-88.88,-88.88
1997-6-110-min,1997,110,min,6,-99.99,-99.99
1997-6-115-Oie,1997,115,Oie,6,2.07,50.15
1997-6-115-Oa,1997,115,Oa,6,1.35,28.79
1997-6-115-min,1997,115,min,6,-88.88,-88.88
1997-6-118-Oie,1997,118,Oie,6,1.97,44.31
1997-6-118-Oa,1997,118,Oa,6,1.54,33.91
1997-6-118-min,1997,118,min,6,-99.99,-99.99
1997-6-121-Oie,1997,121,Oie,6,2.42,48.37
1997-6-121-Oa,1997,121,Oa,6,1.53,43.75
1997-6-121-min,1997,121,min,6,-99.99,-99.99
1997-6-124-Oie,1997,124,Oie,6,2.05,47.32
1997-6-124-Oa,1997,124,Oa,6,1.15,21.58
1997-6-124-min,1997,124,min,6,-99.99,-99.99
1997-6-127-Oie,1997,127,Oie,6,2.33,49.08
1997-6-127-Oa,1997,127,Oa,6,1.99,42.79
1997-6-127-min,1997,127,min,6,-99.99,-99.99
1997-6-130-Oie,1997,130,Oie,6,2.17,45.39
1997-6-130-Oa,1997,130,Oa,6,1.50,26.16
1997-6-130-min,1997,130,min,6,-99.99,-99.99
1997-6-131-Oie,1997,131,Oie,6,2.04,43.08
1997-6-131-Oa,1997,131,Oa,6,0.99,19.00
1997-6-131-min,1997,131,min,6,-88.88,-88.88
1997-6-133-Oie,1997,133,Oie,6,1.71,34.46
1997-6-133-Oa,1997,133,Oa,6,0.82,14.47
1997-6-133-min,1997,133,min,6,-99.99,-99.99
1997-6-135-Oie,1997,135,Oie,6,2.36,43.46
1997-6-135-Oa,1997,135,Oa,6,1.55,29.97
1997-6-135-min,1997,135,min,6,-99.99,-99.99
1997-6-137-Oie,1997,137,Oie,6,2.21,43.97
1997-6-137-Oa,1997,137,Oa,6,0.92,18.79
1997-6-137-min,1997,137,min,6,-99.99,-99.99
1997-6-140-Oie,1997,140,Oie,6,1.85,41.69
1997-6-140-Oa,1997,140,Oa,6,0.55,11.39
1997-6-140-min,1997,140,min,6,-99.99,-99.99
1997-6-142-Oie,1997,142,Oie,6,2.24,47.70
1997-6-142-Oa,1997,142,Oa,6,1.90,38.51
1997-6-142-min,1997,142,min,6,-99.99,-99.99
1997-6-146-Oie,1997,146,Oie,6,2.14,42.59
1997-6-146-Oa,1997,146,Oa,6,1.14,18.24
1997-6-146-min,1997,146,min,6,-99.99,-99.99
1997-6-149-Oie,1997,149,Oie,6,2.23,47.96
1997-6-149-Oa,1997,149,Oa,6,2.20,36.40
1997-6-149-min,1997,149,min,6,-99.99,-99.99
1997-6-153-Oie,1997,153,Oie,6,2.08,44.05
1997-6-153-Oa,1997,153,Oa,6,0.57,9.37
1997-6-153-min,1997,153,min,6,-99.99,-99.99
1997-6-156-Oie,1997,156,Oie,6,1.95,48.69
1997-6-156-Oa,1997,156,Oa,6,1.30,24.80
1997-6-156-min,1997,156,min,6,-99.99,-99.99
1997-6-159-Oie,1997,159,Oie,6,2.25,49.90
1997-6-159-Oa,1997,159,Oa,6,0.72,14.93
1997-6-159-min,1997,159,min,6,-99.99,-99.99
1997-6-161-Oie,1997,161,Oie,6,1.89,48.57
1997-6-161-Oa,1997,161,Oa,6,0.67,12.43
1997-6-161-min,1997,161,min,6,-99.99,-99.99
1997-6-162-Oie,1997,162,Oie,6,2.43,46.67
1997-6-162-Oa,1997,162,Oa,6,0.91,17.59
1997-6-162-min,1997,162,min,6,-99.99,-99.99
1997-6-164-Oie,1997,164,Oie,6,2.39,49.82
1997-6-164-Oa,1997,164,Oa,6,1.55,27.16
1997-6-164-min,1997,164,min,6,-99.99,-99.99
1997-6-166-Oie,1997,166,Oie,6,2.49,48.89
1997-6-166-Oa,1997,166,Oa,6,1.37,31.00
1997-6-166-min,1997,166,min,6,-99.99,-99.99
1997-6-168-Oie,1997,168,Oie,6,1.74,30.64
1997-6-168-Oa,1997,168,Oa,6,0.46,8.28
1997-6-168-min,1997,168,min,6,-99.99,-99.99
1997-6-170-Oie,1997,170,Oie,6,2.22,44.52
1997-6-170-Oa,1997,170,Oa,6,0.92,18.56
1997-6-170-min,1997,170,min,6,-99.99,-99.99
1997-6-171-Oie,1997,171,Oie,6,2.73,47.85
1997-6-171-Oa,1997,171,Oa,6,1.71,30.96
1997-6-171-min,1997,171,min,6,-99.99,-99.99
1997-6-173-Oie,1997,173,Oie,6,2.47,49.43
1997-6-173-Oa,1997,173,Oa,6,1.75,30.76
1997-6-173-min,1997,173,min,6,-88.88,-88.88
1997-6-176-Oie,1997,176,Oie,6,2.05,49.69
1997-6-176-Oa,1997,176,Oa,6,0.69,14.43
1997-6-176-min,1997,176,min,6,-99.99,-99.99
1997-6-179-Oie,1997,179,Oie,6,2.18,47.63
1997-6-179-Oa,1997,179,Oa,6,1.07,24.75
1997-6-179-min,1997,179,min,6,-99.99,-99.99
1997-6-182-Oie,1997,182,Oie,6,2.80,49.10
1997-6-182-Oa,1997,182,Oa,6,1.25,18.43
1997-6-182-min,1997,182,min,6,-99.99,-99.99
1997-6-185-Oie,1997,185,Oie,6,2.03,52.11
1997-6-185-Oa,1997,185,Oa,6,1.69,51.03
1997-6-185-min,1997,185,min,6,-99.99,-99.99
1997-6-186-Oie,1997,186,Oie,6,1.45,25.29
1997-6-186-Oa,1997,186,Oa,6,0.58,9.98
1997-6-186-min,1997,186,min,6,-99.99,-99.99
1997-6-188-Oie,1997,188,Oie,6,1.65,37.14
1997-6-188-Oa,1997,188,Oa,6,0.51,9.01
1997-6-188-min,1997,188,min,6,-88.88,-88.88
1997-6-190-Oie,1997,190,Oie,6,2.13,43.72
1997-6-190-Oa,1997,190,Oa,6,1.25,23.71
1997-6-190-min,1997,190,min,6,-99.99,-99.99
1997-6-192-Oie,1997,192,Oie,6,1.75,52.82
1997-6-192-Oa,1997,192,Oa,6,0.84,18.51
1997-6-192-min,1997,192,min,6,-99.99,-99.99
1997-6-194-Oie,1997,194,Oie,6,2.39,49.78
1997-6-194-Oa,1997,194,Oa,6,2.16,45.36
1997-6-194-min,1997,194,min,6,-99.99,-99.99
1997-6-196-Oie,1997,196,Oie,6,2.56,45.27
1997-6-196-Oa,1997,196,Oa,6,1.67,33.47
1997-6-196-min,1997,196,min,6,-99.99,-99.99
1997-6-197-Oie,1997,197,Oie,6,2.50,49.25
1997-6-197-Oa,1997,197,Oa,6,1.86,40.09
1997-6-197-min,1997,197,min,6,-99.99,-99.99
1997-6-198-Oie,1997,198,Oie,6,2.07,45.39
1997-6-198-Oa,1997,198,Oa,6,1.34,25.21
1997-6-198-min,1997,198,min,6,-99.99,-99.99
1997-6-199-Oie,1997,199,Oie,6,1.58,25.40
1997-6-199-Oa,1997,199,Oa,6,-88.88,-88.88
1997-6-199-min,1997,199,min,6,-99.99,-99.99
1997-6-201-Oie,1997,201,Oie,6,2.66,48.86
1997-6-201-Oa,1997,201,Oa,6,1.32,22.74
1997-6-201-min,1997,201,min,6,-99.99,-99.99
1997-6-202-Oie,1997,202,Oie,6,2.36,47.28
1997-6-202-Oa,1997,202,Oa,6,1.19,24.83
1997-6-202-min,1997,202,min,6,-99.99,-99.99
1997-6-203-Oie,1997,203,Oie,6,2.40,48.99
1997-6-203-Oa,1997,203,Oa,6,1.77,33.59
1997-6-203-min,1997,203,min,6,-99.99,-99.99
1997-6-205-Oie,1997,205,Oie,6,1.99,50.01
1997-6-205-Oa,1997,205,Oa,6,1.62,26.94
1997-6-205-min,1997,205,min,6,-88.88,-88.88
1997-6-208-Oie,1997,208,Oie,6,2.71,47.84
1997-6-208-Oa,1997,208,Oa,6,1.88,35.21
1997-6-208-min,1997,208,min,6,-99.99,-99.99
2002-6-1-Oie,2002,1,Oie,6,2.52,51.12
2002-6-1-Oa,2002,1,Oa,6,1.52,30.24
2002-6-1-min,2002,1,min,6,0.40,4.43
2002-6-4-Oie,2002,4,Oie,6,2.19,50.14
2002-6-4-Oa,2002,4,Oa,6,1.44,25.06
2002-6-4-min,2002,4,min,6,0.43,8.27
2002-6-6-Oie,2002,6,Oie,6,1.98,43.41
2002-6-6-Oa,2002,6,Oa,6,-88.88,-88.88
2002-6-6-min,2002,6,min,6,0.29,7.22
2002-6-8-Oie,2002,8,Oie,6,2.22,51.86
2002-6-8-Oa,2002,8,Oa,6,2.03,37.00
2002-6-8-min,2002,8,min,6,0.03,1.01
2002-6-9-Oie,2002,9,Oie,6,2.34,51.37
2002-6-9-Oa,2002,9,Oa,6,2.02,32.48
2002-6-9-min,2002,9,min,6,0.11,3.08
2002-6-10-Oie,2002,10,Oie,6,1.39,28.69
2002-6-10-Oa,2002,10,Oa,6,-88.88,-88.88
2002-6-10-min,2002,10,min,6,-88.88,-88.88
2002-6-12-Oie,2002,12,Oie,6,1.76,34.41
2002-6-12-Oa,2002,12,Oa,6,1.43,23.27
2002-6-12-min,2002,12,min,6,0.31,6.03
2002-6-16-Oie,2002,16,Oie,6,2.18,49.05
2002-6-16-Oa,2002,16,Oa,6,1.78,34.26
2002-6-16-min,2002,16,min,6,0.41,7.33
2002-6-20-Oie,2002,20,Oie,6,2.56,50.43
2002-6-20-Oa,2002,20,Oa,6,1.75,26.83
2002-6-20-min,2002,20,min,6,0.77,11.71
2002-6-22-Oie,2002,22,Oie,6,2.16,49.30
2002-6-22-Oa,2002,22,Oa,6,1.78,50.43
2002-6-22-min,2002,22,min,6,-88.88,-88.88
2002-6-23-Oie,2002,23,Oie,6,2.03,53.06
2002-6-23-Oa,2002,23,Oa,6,1.56,31.78
2002-6-23-min,2002,23,min,6,0.04,1.09
2002-6-27-Oie,2002,27,Oie,6,1.88,42.61
2002-6-27-Oa,2002,27,Oa,6,-88.88,-88.88
2002-6-27-min,2002,27,min,6,0.30,5.29
2002-6-30-Oie,2002,30,Oie,6,2.03,49.22
2002-6-30-Oa,2002,30,Oa,6,2.11,36.48
2002-6-30-min,2002,30,min,6,0.18,4.22
2002-6-33-Oie,2002,33,Oie,6,1.26,54.57
2002-6-33-Oa,2002,33,Oa,6,1.51,52.86
2002-6-33-min,2002,33,min,6,-88.88,-88.88
2002-6-34-Oie,2002,34,Oie,6,2.42,51.85
2002-6-34-Oa,2002,34,Oa,6,1.92,41.53
2002-6-34-min,2002,34,min,6,0.24,6.35
2002-6-35-Oie,2002,35,Oie,6,2.22,52.68
2002-6-35-Oa,2002,35,Oa,6,1.19,26.43
2002-6-35-min,2002,35,min,6,-88.88,-88.88
2002-6-41-Oie,2002,41,Oie,6,1.99,46.25
2002-6-41-Oa,2002,41,Oa,6,0.95,19.23
2002-6-41-min,2002,41,min,6,0.55,9.21
2002-6-44-Oie,2002,44,Oie,6,1.93,38.82
2002-6-44-Oa,2002,44,Oa,6,-88.88,-88.88
2002-6-44-min,2002,44,min,6,0.05,1.53
2002-6-46-Oie,2002,46,Oie,6,2.32,48.90
2002-6-46-Oa,2002,46,Oa,6,1.34,20.45
2002-6-46-min,2002,46,min,6,1.03,15.76
2002-6-47-Oie,2002,47,Oie,6,2.55,49.10
2002-6-47-Oa,2002,47,Oa,6,1.38,28.92
2002-6-47-min,2002,47,min,6,0.26,5.61
2002-6-50-Oie,2002,50,Oie,6,1.34,27.61
2002-6-50-Oa,2002,50,Oa,6,0.76,13.80
2002-6-50-min,2002,50,min,6,-88.88,-88.88
2002-6-52-Oie,2002,52,Oie,6,2.39,47.01
2002-6-52-Oa,2002,52,Oa,6,0.69,12.28
2002-6-52-min,2002,52,min,6,0.19,3.65
2002-6-55-Oie,2002,55,Oie,6,2.37,48.45
2002-6-55-Oa,2002,55,Oa,6,1.51,30.92
2002-6-55-min,2002,55,min,6,0.24,5.55
2002-6-57-Oie,2002,57,Oie,6,2.29,47.32
2002-6-57-Oa,2002,57,Oa,6,1.63,29.58
2002-6-57-min,2002,57,min,6,0.65,11.96
2002-6-58-Oie,2002,58,Oie,6,2.32,43.30
2002-6-58-Oa,2002,58,Oa,6,0.84,15.85
2002-6-58-min,2002,58,min,6,0.44,7.66
2002-6-61-Oie,2002,61,Oie,6,1.71,34.91
2002-6-61-Oa,2002,61,Oa,6,1.54,26.41
2002-6-61-min,2002,61,min,6,0.28,5.18
2002-6-63-Oie,2002,63,Oie,6,1.94,42.27
2002-6-63-Oa,2002,63,Oa,6,0.96,18.01
2002-6-63-min,2002,63,min,6,0.15,2.65
2002-6-66-Oie,2002,66,Oie,6,1.64,30.97
2002-6-66-Oa,2002,66,Oa,6,1.31,24.77
2002-6-66-min,2002,66,min,6,0.71,11.70
2002-6-72-Oie,2002,72,Oie,6,2.43,49.33
2002-6-72-Oa,2002,72,Oa,6,1.49,29.31
2002-6-72-min,2002,72,min,6,0.25,4.23
2002-6-74-Oie,2002,74,Oie,6,2.13,48.43
2002-6-74-Oa,2002,74,Oa,6,1.52,38.63
2002-6-74-min,2002,74,min,6,0.29,5.48
2002-6-77-Oie,2002,77,Oie,6,2.11,42.79
2002-6-77-Oa,2002,77,Oa,6,1.04,20.10
2002-6-77-min,2002,77,min,6,0.18,4.13
2002-6-78-Oie,2002,78,Oie,6,2.09,47.16
2002-6-78-Oa,2002,78,Oa,6,1.63,29.03
2002-6-78-min,2002,78,min,6,0.44,8.60
2002-6-81-Oie,2002,81,Oie,6,2.15,49.27
2002-6-81-Oa,2002,81,Oa,6,1.69,33.18
2002-6-81-min,2002,81,min,6,0.31,6.32
2002-6-84-Oie,2002,84,Oie,6,2.23,45.28
2002-6-84-Oa,2002,84,Oa,6,0.87,15.51
2002-6-84-min,2002,84,min,6,0.04,0.83
2002-6-88-Oie,2002,88,Oie,6,2.24,46.31
2002-6-88-Oa,2002,88,Oa,6,1.41,27.24
2002-6-88-min,2002,88,min,6,0.13,2.37
2002-6-91-Oie,2002,91,Oie,6,2.12,46.98
2002-6-91-Oa,2002,91,Oa,6,-88.88,-88.88
2002-6-91-min,2002,91,min,6,0.07,3.63
2002-6-93-Oie,2002,93,Oie,6,0.91,17.32
2002-6-93-Oa,2002,93,Oa,6,-88.88,-88.88
2002-6-93-min,2002,93,min,6,0.34,7.58
2002-6-94-Oie,2002,94,Oie,6,2.11,47.72
2002-6-94-Oa,2002,94,Oa,6,1.46,29.90
2002-6-94-min,2002,94,min,6,0.39,7.41
2002-6-96-Oie,2002,96,Oie,6,1.54,34.81
2002-6-96-Oa,2002,96,Oa,6,-88.88,-88.88
2002-6-96-min,2002,96,min,6,0.29,5.88
2002-6-97-Oie,2002,97,Oie,6,2.32,45.89
2002-6-97-Oa,2002,97,Oa,6,1.51,30.72
2002-6-97-min,2002,97,min,6,0.88,18.83
2002-6-100-Oie,2002,100,Oie,6,2.27,48.42
2002-6-100-Oa,2002,100,Oa,6,1.34,27.71
2002-6-100-min,2002,100,min,6,0.21,4.66
2002-6-102-Oie,2002,102,Oie,6,2.16,47.32
2002-6-102-Oa,2002,102,Oa,6,1.93,39.17
2002-6-102-min,2002,102,min,6,0.09,3.16
2002-6-103-Oie,2002,103,Oie,6,1.58,36.54
2002-6-103-Oa,2002,103,Oa,6,-88.88,-88.88
2002-6-103-min,2002,103,min,6,0.26,5.51
2002-6-107-Oie,2002,107,Oie,6,2.11,42.58
2002-6-107-Oa,2002,107,Oa,6,1.18,21.82
2002-6-107-min,2002,107,min,6,0.37,6.87
2002-6-110-Oie,2002,110,Oie,6,1.91,41.60
2002-6-110-Oa,2002,110,Oa,6,1.39,25.17
2002-6-110-min,2002,110,min,6,0.16,3.17
2002-6-111-Oie,2002,111,Oie,6,2.45,49.56
2002-6-111-Oa,2002,111,Oa,6,2.19,35.84
2002-6-111-min,2002,111,min,6,0.37,6.20
2002-6-114-Oie,2002,114,Oie,6,1.92,46.54
2002-6-114-Oa,2002,114,Oa,6,1.41,28.92
2002-6-114-min,2002,114,min,6,0.27,6.02
2002-6-118-Oie,2002,118,Oie,6,2.10,43.64
2002-6-118-Oa,2002,118,Oa,6,0.98,20.11
2002-6-118-min,2002,118,min,6,0.26,6.34
2002-6-120-Oie,2002,120,Oie,6,1.84,43.95
2002-6-120-Oa,2002,120,Oa,6,0.87,20.08
2002-6-120-min,2002,120,min,6,0.14,4.43
2002-6-121-Oie,2002,121,Oie,6,1.75,38.23
2002-6-121-Oa,2002,121,Oa,6,0.74,13.05
2002-6-121-min,2002,121,min,6,0.37,7.23
2002-6-125-Oie,2002,125,Oie,6,1.38,29.73
2002-6-125-Oa,2002,125,Oa,6,1.20,21.87
2002-6-125-min,2002,125,min,6,0.48,8.32
2002-6-128-Oie,2002,128,Oie,6,2.27,46.68
2002-6-128-Oa,2002,128,Oa,6,1.52,34.08
2002-6-128-min,2002,128,min,6,0.31,7.36
2002-6-129-Oie,2002,129,Oie,6,2.57,49.55
2002-6-129-Oa,2002,129,Oa,6,2.22,37.67
2002-6-129-min,2002,129,min,6,0.26,6.36
2002-6-130-Oie,2002,130,Oie,6,2.40,47.64
2002-6-130-Oa,2002,130,Oa,6,0.90,16.21
2002-6-130-min,2002,130,min,6,0.23,5.06
2002-6-131-Oie,2002,131,Oie,6,2.27,48.36
2002-6-131-Oa,2002,131,Oa,6,1.72,44.05
2002-6-131-min,2002,131,min,6,0.08,1.90
2002-6-132-Oie,2002,132,Oie,6,2.06,43.09
2002-6-132-Oa,2002,132,Oa,6,1.69,38.03
2002-6-132-min,2002,132,min,6,0.01,0.62
2002-6-135-Oie,2002,135,Oie,6,1.90,34.54
2002-6-135-Oa,2002,135,Oa,6,1.39,24.93
2002-6-135-min,2002,135,min,6,0.28,5.50
2002-6-139-Oie,2002,139,Oie,6,1.75,34.06
2002-6-139-Oa,2002,139,Oa,6,0.80,13.03
2002-6-139-min,2002,139,min,6,-88.88,-88.88
2002-6-140-Oie,2002,140,Oie,6,2.23,49.57
2002-6-140-Oa,2002,140,Oa,6,1.81,40.47
2002-6-140-min,2002,140,min,6,0.42,7.55
2002-6-141-Oie,2002,141,Oie,6,2.24,43.54
2002-6-141-Oa,2002,141,Oa,6,1.05,20.33
2002-6-141-min,2002,141,min,6,0.17,3.65
2002-6-144-Oie,2002,144,Oie,6,1.80,43.53
2002-6-144-Oa,2002,144,Oa,6,0.57,10.12
2002-6-144-min,2002,144,min,6,0.17,3.60
2002-6-145-Oie,2002,145,Oie,6,1.90,41.32
2002-6-145-Oa,2002,145,Oa,6,-88.88,-88.88
2002-6-145-min,2002,145,min,6,0.25,4.59
2002-6-148-Oie,2002,148,Oie,6,1.97,44.25
2002-6-148-Oa,2002,148,Oa,6,0.84,17.61
2002-6-148-min,2002,148,min,6,0.14,4.36
2002-6-149-Oie,2002,149,Oie,6,1.99,42.26
2002-6-149-Oa,2002,149,Oa,6,-88.88,-88.88
2002-6-149-min,2002,149,min,6,0.25,4.80
2002-6-153-Oie,2002,153,Oie,6,2.24,48.05
2002-6-153-Oa,2002,153,Oa,6,0.77,15.35
2002-6-153-min,2002,153,min,6,0.25,5.02
2002-6-156-Oie,2002,156,Oie,6,2.16,48.80
2002-6-156-Oa,2002,156,Oa,6,0.56,9.96
2002-6-156-min,2002,156,min,6,0.40,6.49
2002-6-157-Oie,2002,157,Oie,6,1.98,44.16
2002-6-157-Oa,2002,157,Oa,6,1.64,35.88
2002-6-157-min,2002,157,min,6,0.77,12.20
2002-6-160-Oie,2002,160,Oie,6,2.02,44.33
2002-6-160-Oa,2002,160,Oa,6,1.41,27.19
2002-6-160-min,2002,160,min,6,0.22,4.44
2002-6-161-Oie,2002,161,Oie,6,1.20,24.85
2002-6-161-Oa,2002,161,Oa,6,-88.88,-88.88
2002-6-161-min,2002,161,min,6,0.39,6.78
2002-6-162-Oie,2002,162,Oie,6,2.07,49.84
2002-6-162-Oa,2002,162,Oa,6,1.89,44.01
2002-6-162-min,2002,162,min,6,0.12,3.29
2002-6-164-Oie,2002,164,Oie,6,2.47,48.70
2002-6-164-Oa,2002,164,Oa,6,1.87,35.13
2002-6-164-min,2002,164,min,6,0.49,14.91
2002-6-165-Oie,2002,165,Oie,6,2.32,48.28
2002-6-165-Oa,2002,165,Oa,6,1.40,30.47
2002-6-165-min,2002,165,min,6,0.16,3.84
2002-6-166-Oie,2002,166,Oie,6,1.59,34.85
2002-6-166-Oa,2002,166,Oa,6,1.21,26.54
2002-6-166-min,2002,166,min,6,0.35,7.18
2002-6-168-Oie,2002,168,Oie,6,1.85,41.43
2002-6-168-Oa,2002,168,Oa,6,1.45,22.21
2002-6-168-min,2002,168,min,6,-88.88,-88.88
2002-6-169-Oie,2002,169,Oie,6,2.10,47.22
2002-6-169-Oa,2002,169,Oa,6,0.85,15.23
2002-6-169-min,2002,169,min,6,0.33,7.78
2002-6-171-Oie,2002,171,Oie,6,1.82,44.61
2002-6-171-Oa,2002,171,Oa,6,0.89,17.57
2002-6-171-min,2002,171,min,6,0.34,5.78
2002-6-173-Oie,2002,173,Oie,6,2.10,46.61
2002-6-173-Oa,2002,173,Oa,6,1.11,29.95
2002-6-173-min,2002,173,min,6,0.35,6.67
2002-6-175-Oie,2002,175,Oie,6,1.64,34.05
2002-6-175-Oa,2002,175,Oa,6,0.59,12.45
2002-6-175-min,2002,175,min,6,0.28,5.79
2002-6-176-Oie,2002,176,Oie,6,2.31,49.16
2002-6-176-Oa,2002,176,Oa,6,2.11,43.70
2002-6-176-min,2002,176,min,6,0.60,8.87
2002-6-177-Oie,2002,177,Oie,6,1.29,24.32
2002-6-177-Oa,2002,177,Oa,6,0.65,10.12
2002-6-177-min,2002,177,min,6,0.20,4.87
2002-6-179-Oie,2002,179,Oie,6,2.25,46.74
2002-6-179-Oa,2002,179,Oa,6,2.22,39.02
2002-6-179-min,2002,179,min,6,0.93,15.84
2002-6-180-Oie,2002,180,Oie,6,2.27,47.68
2002-6-180-Oa,2002,180,Oa,6,1.57,35.82
2002-6-180-min,2002,180,min,6,0.33,6.31
2002-6-182-Oie,2002,182,Oie,6,1.43,27.45
2002-6-182-Oa,2002,182,Oa,6,0.83,15.68
2002-6-182-min,2002,182,min,6,0.20,3.75
2002-6-183-Oie,2002,183,Oie,6,2.36,46.03
2002-6-183-Oa,2002,183,Oa,6,1.66,33.57
2002-6-183-min,2002,183,min,6,0.07,1.70
2002-6-185-Oie,2002,185,Oie,6,2.14,51.25
2002-6-185-Oa,2002,185,Oa,6,1.69,46.69
2002-6-185-min,2002,185,min,6,0.16,4.44
2002-6-186-Oie,2002,186,Oie,6,1.95,46.58
2002-6-186-Oa,2002,186,Oa,6,0.94,18.92
2002-6-186-min,2002,186,min,6,0.17,3.22
2002-6-189-Oie,2002,189,Oie,6,2.13,49.60
2002-6-189-Oa,2002,189,Oa,6,2.10,45.75
2002-6-189-min,2002,189,min,6,0.40,9.04
2002-6-190-Oie,2002,190,Oie,6,1.70,33.15
2002-6-190-Oa,2002,190,Oa,6,-88.88,-88.88
2002-6-190-min,2002,190,min,6,0.28,5.53
2002-6-193-Oie,2002,193,Oie,6,2.05,41.83
2002-6-193-Oa,2002,193,Oa,6,-88.88,-88.88
2002-6-193-min,2002,193,min,6,0.31,6.03
2002-6-194-Oie,2002,194,Oie,6,0.62,11.58
2002-6-194-Oa,2002,194,Oa,6,-88.88,-88.88
2002-6-194-min,2002,194,min,6,0.34,7.15
2002-6-195-Oie,2002,195,Oie,6,2.01,44.28
2002-6-195-Oa,2002,195,Oa,6,1.16,22.20
2002-6-195-min,2002,195,min,6,0.22,4.10
2002-6-196-Oie,2002,196,Oie,6,2.21,49.75
2002-6-196-Oa,2002,196,Oa,6,1.72,37.84
2002-6-196-min,2002,196,min,6,0.07,2.08
2002-6-198-Oie,2002,198,Oie,6,2.04,43.29
2002-6-198-Oa,2002,198,Oa,6,0.75,15.32
2002-6-198-min,2002,198,min,6,0.17,3.58
2002-6-200-Oie,2002,200,Oie,6,2.15,50.25
2002-6-200-Oa,2002,200,Oa,6,2.23,40.48
2002-6-200-min,2002,200,min,6,0.12,2.58
2002-6-201-Oie,2002,201,Oie,6,1.40,47.42
2002-6-201-Oa,2002,201,Oa,6,-88.88,-88.88
2002-6-201-min,2002,201,min,6,0.47,9.32
2002-6-203-Oie,2002,203,Oie,6,2.18,46.72
2002-6-203-Oa,2002,203,Oa,6,1.80,33.06
2002-6-203-min,2002,203,min,6,0.21,4.87
2002-6-204-Oie,2002,204,Oie,6,2.02,48.28
2002-6-204-Oa,2002,204,Oa,6,1.37,36.03
2002-6-204-min,2002,204,min,6,0.32,6.05
2002-6-205-Oie,2002,205,Oie,6,2.39,49.35
2002-6-205-Oa,2002,205,Oa,6,1.99,38.78
2002-6-205-min,2002,205,min,6,0.43,8.38
2002-6-207-Oie,2002,207,Oie,6,2.38,48.12
2002-6-207-Oa,2002,207,Oa,6,1.97,38.94
2002-6-207-min,2002,207,min,6,0.11,2.40
2002-6-208-Oie,2002,208,Oie,6,1.66,41.43
2002-6-208-Oa,2002,208,Oa,6,0.95,21.19
2002-6-208-min,2002,208,min,6,0.12,2.72
2013-6-7-Oie,2013,7,Oie,6,1.57,33.43
2013-6-7-Oa,2013,7,Oa,6,0.58,10.38
2013-6-7-min,2013,7,min,6,0.47,8.14
2013-6-8-Oie,2013,8,Oie,6,1.76,40.53
2013-6-8-Oa,2013,8,Oa,6,1.12,21.96
2013-6-8-min,2013,8,min,6,0.15,2.59
2013-6-10-Oie,2013,10,Oie,6,1.81,42.02
2013-6-10-Oa,2013,10,Oa,6,1.81,37.78
2013-6-10-min,2013,10,min,6,0.18,3.75
2013-6-12-Oie,2013,12,Oie,6,1.27,38.83
2013-6-12-Oa,2013,12,Oa,6,1.11,21.34
2013-6-12-min,2013,12,min,6,0.19,3.36
2013-6-13-Oie,2013,13,Oie,6,1.97,46.28
2013-6-13-Oa,2013,13,Oa,6,1.61,37.10
2013-6-13-min,2013,13,min,6,0.14,2.15
2013-6-16-Oie,2013,16,Oie,6,1.86,43.94
2013-6-16-Oa,2013,16,Oa,6,1.62,38.48
2013-6-16-min,2013,16,min,6,-88.88,-88.88
2013-6-17-Oie,2013,17,Oie,6,2.17,43.01
2013-6-17-Oa,2013,17,Oa,6,1.06,23.39
2013-6-17-min,2013,17,min,6,0.23,4.79
2013-6-19-Oie,2013,19,Oie,6,1.56,29.07
2013-6-19-Oa,2013,19,Oa,6,1.10,17.14
2013-6-19-min,2013,19,min,6,-88.88,-88.88
2013-6-23-Oie,2013,23,Oie,6,1.93,42.35
2013-6-23-Oa,2013,23,Oa,6,0.49,9.13
2013-6-23-min,2013,23,min,6,0.33,7.41
2013-6-29-Oie,2013,29,Oie,6,2.06,38.27
2013-6-29-Oa,2013,29,Oa,6,0.50,9.07
2013-6-29-min,2013,29,min,6,0.23,3.85
2013-6-30-Oie,2013,30,Oie,6,2.04,42.04
2013-6-30-Oa,2013,30,Oa,6,0.92,14.51
2013-6-30-min,2013,30,min,6,-88.88,-88.88
2013-6-35-Oie,2013,35,Oie,6,1.92,45.10
2013-6-35-Oa,2013,35,Oa,6,0.87,15.66
2013-6-35-min,2013,35,min,6,0.76,12.95
2013-6-41-Oie,2013,41,Oie,6,1.72,38.48
2013-6-41-Oa,2013,41,Oa,6,0.90,15.09
2013-6-41-min,2013,41,min,6,0.22,5.01
2013-6-45-Oie,2013,45,Oie,6,2.02,42.53
2013-6-45-Oa,2013,45,Oa,6,1.27,36.27
2013-6-45-min,2013,45,min,6,0.35,5.87
2013-6-47-Oie,2013,47,Oie,6,1.48,28.34
2013-6-47-Oa,2013,47,Oa,6,0.68,12.07
2013-6-47-min,2013,47,min,6,0.45,8.20
2013-6-49-Oie,2013,49,Oie,6,2.15,45.16
2013-6-49-Oa,2013,49,Oa,6,1.85,33.98
2013-6-49-min,2013,49,min,6,0.68,12.70
2013-6-52-Oie,2013,52,Oie,6,1.99,40.10
2013-6-52-Oa,2013,52,Oa,6,1.10,17.76
2013-6-52-min,2013,52,min,6,0.76,11.99
2013-6-53-Oie,2013,53,Oie,6,2.15,43.30
2013-6-53-Oa,2013,53,Oa,6,2.18,37.01
2013-6-53-min,2013,53,min,6,0.64,9.81
2013-6-56-Oie,2013,56,Oie,6,2.13,45.00
2013-6-56-Oa,2013,56,Oa,6,1.85,34.51
2013-6-56-min,2013,56,min,6,0.42,8.14
2013-6-57-Oie,2013,57,Oie,6,2.27,43.63
2013-6-57-Oa,2013,57,Oa,6,1.61,26.34
2013-6-57-min,2013,57,min,6,0.39,6.50
2013-6-59-Oie,2013,59,Oie,6,1.84,40.34
2013-6-59-Oa,2013,59,Oa,6,0.78,13.15
2013-6-59-min,2013,59,min,6,0.46,6.70
2013-6-60-Oie,2013,60,Oie,6,2.05,44.42
2013-6-60-Oa,2013,60,Oa,6,2.07,38.54
2013-6-60-min,2013,60,min,6,0.35,6.10
2013-6-62-Oie,2013,62,Oie,6,2.16,43.60
2013-6-62-Oa,2013,62,Oa,6,1.97,40.42
2013-6-62-min,2013,62,min,6,0.11,2.31
2013-6-68-Oie,2013,68,Oie,6,1.83,38.80
2013-6-68-Oa,2013,68,Oa,6,1.37,26.09
2013-6-68-min,2013,68,min,6,0.48,8.47
2013-6-69-Oie,2013,69,Oie,6,1.98,44.22
2013-6-69-Oa,2013,69,Oa,6,1.52,27.07
2013-6-69-min,2013,69,min,6,0.22,5.08
2013-6-70-Oie,2013,70,Oie,6,2.22,43.91
2013-6-70-Oa,2013,70,Oa,6,1.24,26.35
2013-6-70-min,2013,70,min,6,0.44,7.78
2013-6-71-Oie,2013,71,Oie,6,2.47,45.54
2013-6-71-Oa,2013,71,Oa,6,2.38,38.93
2013-6-71-min,2013,71,min,6,1.32,21.96
2013-6-76-Oie,2013,76,Oie,6,1.87,38.15
2013-6-76-Oa,2013,76,Oa,6,0.78,15.23
2013-6-76-min,2013,76,min,6,0.27,4.74
2013-6-81-Oie,2013,81,Oie,6,1.90,44.15
2013-6-81-Oa,2013,81,Oa,6,1.49,23.30
2013-6-81-min,2013,81,min,6,0.84,13.83
2013-6-83-Oie,2013,83,Oie,6,2.17,41.25
2013-6-83-Oa,2013,83,Oa,6,1.71,37.68
2013-6-83-min,2013,83,min,6,0.15,3.59
2013-6-84-Oie,2013,84,Oie,6,1.82,37.56
2013-6-84-Oa,2013,84,Oa,6,1.48,30.56
2013-6-84-min,2013,84,min,6,0.60,10.48
2013-6-87-Oie,2013,87,Oie,6,2.21,36.48
2013-6-87-Oa,2013,87,Oa,6,1.37,21.70
2013-6-87-min,2013,87,min,6,-88.88,-88.88
2013-6-89-Oie,2013,89,Oie,6,1.77,39.87
2013-6-89-Oa,2013,89,Oa,6,1.29,24.63
2013-6-89-min,2013,89,min,6,0.35,6.18
2013-6-91-Oie,2013,91,Oie,6,1.94,40.46
2013-6-91-Oa,2013,91,Oa,6,1.26,22.38
2013-6-91-min,2013,91,min,6,0.19,3.05
2013-6-95-Oie,2013,95,Oie,6,1.60,33.61
2013-6-95-Oa,2013,95,Oa,6,-88.88,-88.88
2013-6-95-min,2013,95,min,6,-88.88,-88.88
2013-6-108-Oie,2013,108,Oie,6,1.98,42.60
2013-6-108-Oa,2013,108,Oa,6,1.14,22.43
2013-6-108-min,2013,108,min,6,0.37,6.89
2013-6-109-Oie,2013,109,Oie,6,1.88,40.45
2013-6-109-Oa,2013,109,Oa,6,-88.88,-88.88
2013-6-109-min,2013,109,min,6,0.32,6.21
2013-6-111-Oie,2013,111,Oie,6,1.64,35.75
2013-6-111-Oa,2013,111,Oa,6,0.57,9.57
2013-6-111-min,2013,111,min,6,0.20,4.22
2013-6-112-Oie,2013,112,Oie,6,1.95,43.54
2013-6-112-Oa,2013,112,Oa,6,1.26,24.79
2013-6-112-min,2013,112,min,6,0.66,13.16
2013-6-114-Oie,2013,114,Oie,6,0.91,16.49
2013-6-114-Oa,2013,114,Oa,6,0.75,13.10
2013-6-114-min,2013,114,min,6,0.36,7.42
2013-6-123-Oie,2013,123,Oie,6,1.88,38.66
2013-6-123-Oa,2013,123,Oa,6,1.00,15.82
2013-6-123-min,2013,123,min,6,0.21,3.60
2013-6-127-Oie,2013,127,Oie,6,1.56,29.95
2013-6-127-Oa,2013,127,Oa,6,1.32,23.24
2013-6-127-min,2013,127,min,6,0.37,7.18
2013-6-130-Oie,2013,130,Oie,6,2.03,42.43
2013-6-130-Oa,2013,130,Oa,6,0.99,21.11
2013-6-130-min,2013,130,min,6,0.29,5.91
2013-6-131-Oie,2013,131,Oie,6,1.95,40.93
2013-6-131-Oa,2013,131,Oa,6,1.82,33.93
2013-6-131-min,2013,131,min,6,0.86,17.25
2013-6-134-Oie,2013,134,Oie,6,1.84,42.61
2013-6-134-Oa,2013,134,Oa,6,0.80,18.41
2013-6-134-min,2013,134,min,6,0.44,7.98
2013-6-138-Oie,2013,138,Oie,6,1.64,31.86
2013-6-138-Oa,2013,138,Oa,6,-88.88,-88.88
2013-6-138-min,2013,138,min,6,0.36,7.07
2013-6-141-Oie,2013,141,Oie,6,1.97,39.96
2013-6-141-Oa,2013,141,Oa,6,-88.88,-88.88
2013-6-141-min,2013,141,min,6,0.23,4.96
2013-6-147-Oie,2013,147,Oie,6,2.10,39.22
2013-6-147-Oa,2013,147,Oa,6,0.61,12.76
2013-6-147-min,2013,147,min,6,0.47,9.80
2013-6-148-Oie,2013,148,Oie,6,1.90,41.91
2013-6-148-Oa,2013,148,Oa,6,1.45,28.13
2013-6-148-min,2013,148,min,6,0.28,5.48
2013-6-149-Oie,2013,149,Oie,6,0.83,12.58
2013-6-149-Oa,2013,149,Oa,6,0.72,10.78
2013-6-149-min,2013,149,min,6,0.28,5.04
2013-6-150-Oie,2013,150,Oie,6,2.10,41.43
2013-6-150-Oa,2013,150,Oa,6,1.58,24.99
2013-6-150-min,2013,150,min,6,0.25,4.67
2013-6-152-Oie,2013,152,Oie,6,1.76,35.43
2013-6-152-Oa,2013,152,Oa,6,1.06,19.41
2013-6-152-min,2013,152,min,6,0.30,5.45
2013-6-154-Oie,2013,154,Oie,6,2.11,46.49
2013-6-154-Oa,2013,154,Oa,6,1.61,33.93
2013-6-154-min,2013,154,min,6,0.31,5.74
2013-6-155-Oie,2013,155,Oie,6,2.17,40.48
2013-6-155-Oa,2013,155,Oa,6,1.34,24.07
2013-6-155-min,2013,155,min,6,0.24,4.43
2013-6-156.1-Oie,2013,156.1,Oie,6,1.97,43.13
2013-6-156.1-Oa,2013,156.1,Oa,6,0.76,12.43
2013-6-156.1-min,2013,156.1,min,6,0.57,9.58
2013-6-156.2-Oie,2013,156.2,Oie,6,1.84,35.27
2013-6-156.2-Oa,2013,156.2,Oa,6,0.78,12.56
2013-6-156.2-min,2013,156.2,min,6,0.52,9.45
2013-6-157-Oie,2013,157,Oie,6,1.90,40.72
2013-6-157-Oa,2013,157,Oa,6,0.82,16.57
2013-6-157-min,2013,157,min,6,0.24,5.66
2013-6-161-Oie,2013,161,Oie,6,1.45,34.91
2013-6-161-Oa,2013,161,Oa,6,0.61,11.63
2013-6-161-min,2013,161,min,6,0.19,3.44
2013-6-163-Oie,2013,163,Oie,6,1.47,32.20
2013-6-163-Oa,2013,163,Oa,6,-88.88,-88.88
2013-6-163-min,2013,163,min,6,0.33,6.91
2013-6-164-Oie,2013,164,Oie,6,1.73,39.32
2013-6-164-Oa,2013,164,Oa,6,0.43,8.26
2013-6-164-min,2013,164,min,6,0.25,4.81
2013-6-167-Oie,2013,167,Oie,6,1.39,27.37
2013-6-167-Oa,2013,167,Oa,6,0.60,10.13
2013-6-167-min,2013,167,min,6,0.45,9.00
2013-6-168-Oie,2013,168,Oie,6,2.17,44.80
2013-6-168-Oa,2013,168,Oa,6,2.00,37.14
2013-6-168-min,2013,168,min,6,0.22,3.57
2013-6-169-Oie,2013,169,Oie,6,2.23,45.27
2013-6-169-Oa,2013,169,Oa,6,2.03,32.65
2013-6-169-min,2013,169,min,6,0.61,9.97
2013-6-171-Oie,2013,171,Oie,6,0.96,17.15
2013-6-171-Oa,2013,171,Oa,6,0.43,7.63
2013-6-171-min,2013,171,min,6,0.24,5.11
2013-6-175-Oie,2013,175,Oie,6,1.57,31.77
2013-6-175-Oa,2013,175,Oa,6,0.48,9.27
2013-6-175-min,2013,175,min,6,0.21,4.36
2013-6-177-Oie,2013,177,Oie,6,1.77,34.28
2013-6-177-Oa,2013,177,Oa,6,0.68,11.58
2013-6-177-min,2013,177,min,6,0.32,5.56
2013-6-178-Oie,2013,178,Oie,6,1.79,38.68
2013-6-178-Oa,2013,178,Oa,6,1.00,22.89
2013-6-178-min,2013,178,min,6,0.36,6.65
2013-6-180-Oie,2013,180,Oie,6,2.18,42.93
2013-6-180-Oa,2013,180,Oa,6,1.20,22.46
2013-6-180-min,2013,180,min,6,0.25,5.45
2013-6-181-Oie,2013,181,Oie,6,2.00,43.06
2013-6-181-Oa,2013,181,Oa,6,1.20,27.16
2013-6-181-min,2013,181,min,6,0.38,7.87
2013-6-182-Oie,2013,182,Oie,6,1.98,35.10
2013-6-182-Oa,2013,182,Oa,6,1.22,15.76
2013-6-182-min,2013,182,min,6,0.19,2.80
2013-6-184-Oie,2013,184,Oie,6,2.28,45.17
2013-6-184-Oa,2013,184,Oa,6,1.84,39.25
2013-6-184-min,2013,184,min,6,0.12,3.49
2013-6-188-Oie,2013,188,Oie,6,2.02,44.13
2013-6-188-Oa,2013,188,Oa,6,1.66,30.68
2013-6-188-min,2013,188,min,6,0.87,13.25
2013-6-190-Oie,2013,190,Oie,6,1.90,40.94
2013-6-190-Oa,2013,190,Oa,6,1.13,19.25
2013-6-190-min,2013,190,min,6,0.73,12.13
2013-6-191-Oie,2013,191,Oie,6,1.83,41.34
2013-6-191-Oa,2013,191,Oa,6,0.77,14.43
2013-6-191-min,2013,191,min,6,0.30,5.83
2013-6-192-Oie,2013,192,Oie,6,1.11,21.85
2013-6-192-Oa,2013,192,Oa,6,-88.88,-88.88
2013-6-192-min,2013,192,min,6,0.37,6.86
2013-6-195-Oie,2013,195,Oie,6,1.42,28.04
2013-6-195-Oa,2013,195,Oa,6,0.73,11.33
2013-6-195-min,2013,195,min,6,0.41,6.91
2013-6-196-Oie,2013,196,Oie,6,2.12,46.71
2013-6-196-Oa,2013,196,Oa,6,1.44,39.21
2013-6-196-min,2013,196,min,6,1.47,42.05
2013-6-198-Oie,2013,198,Oie,6,2.16,44.90
2013-6-198-Oa,2013,198,Oa,6,2.39,41.51
2013-6-198-min,2013,198,min,6,0.24,4.15
2013-6-199-Oie,2013,199,Oie,6,-88.88,-88.88
2013-6-199-Oa,2013,199,Oa,6,-88.88,-88.88
2013-6-199-min,2013,199,min,6,0.17,2.99
2013-6-202-Oie,2013,202,Oie,6,2.10,42.63
2013-6-202-Oa,2013,202,Oa,6,1.02,18.15
2013-6-202-min,2013,202,min,6,0.26,4.67
2018-6-1-Oie,2018,1,Oie,6,1.08,48.74
2018-6-1-Oa,2018,1,Oa,6,1.12,23.89
2018-6-1-Cor,2018,1,min,6,0.25,5.47
2018-6-2-Oie,2018,2,Oie,6,-99.99,-99.99
2018-6-2-Oa,2018,2,Oa,6,-99.99,-99.99
2018-6-2-Cor,2018,2,min,6,-88.88,-88.88
2018-6-3-Oie,2018,3,Oie,6,-99.99,-99.99
2018-6-3-Oa,2018,3,Oa,6,-99.99,-99.99
2018-6-3-Cor,2018,3,min,6,-99.99,-99.99
2018-6-5-Oie,2018,5,Oie,6,2.06,51.32
2018-6-5-Oa,2018,5,Oa,6,2.04,51.53
2018-6-5-Cor,2018,5,min,6,-99.99,-99.99
2018-6-15-Oie,2018,15,Oie,6,-99.99,-99.99
2018-6-15-Oa,2018,15,Oa,6,-99.99,-99.99
2018-6-15-Cor,2018,15,min,6,0.30,6.18
2018-6-16-Oie,2018,16,Oie,6,-99.99,-99.99
2018-6-16-Oa,2018,16,Oa,6,-99.99,-99.99
2018-6-16-Cor,2018,16,min,6,-99.99,-99.99
2018-6-17-Oie,2018,17,Oie,6,1.58,41.86
2018-6-17-Oa,2018,17,Oa,6,1.43,27.63
2018-6-17-Cor,2018,17,min,6,-99.99,-99.99
2018-6-19-Oie,2018,19,Oie,6,-99.99,-99.99
2018-6-19-Oa,2018,19,Oa,6,-99.99,-99.99
2018-6-19-Cor,2018,19,min,6,0.45,8.78
2018-6-20-Oie,2018,20,Oie,6,-99.99,-99.99
2018-6-20-Oa,2018,20,Oa,6,-99.99,-99.99
2018-6-20-Cor,2018,20,min,6,-99.99,-99.99
2018-6-23-Oie,2018,23,Oie,6,1.80,51.97
2018-6-23-Oa,2018,23,Oa,6,1.84,46.16
2018-6-23-Cor,2018,23,min,6,-99.99,-99.99
2018-6-24-Oie,2018,24,Oie,6,-99.99,-99.99
2018-6-24-Oa,2018,24,Oa,6,-99.99,-99.99
2018-6-24-Cor,2018,24,min,6,-88.88,-88.88
2018-6-26-Oie,2018,26,Oie,6,-99.99,-99.99
2018-6-26-Oa,2018,26,Oa,6,-99.99,-99.99
2018-6-26-Cor,2018,26,min,6,0.30,6.90
2018-6-28-Oie,2018,28,Oie,6,2.12,48.54
2018-6-28-Oa,2018,28,Oa,6,1.39,20.43
2018-6-28-Cor,2018,28,min,6,-88.88,-88.88
2018-6-29-Oie,2018,29,Oie,6,-99.99,-99.99
2018-6-29-Oa,2018,29,Oa,6,-99.99,-99.99
2018-6-29-Cor,2018,29,min,6,-99.99,-99.99
2018-6-31-Oie,2018,31,Oie,6,-99.99,-99.99
2018-6-31-Oa,2018,31,Oa,6,-99.99,-99.99
2018-6-31-Cor,2018,31,min,6,-99.99,-99.99
2018-6-32-Oie,2018,32,Oie,6,1.70,44.44
2018-6-32-Oa,2018,32,Oa,6,-88.88,-88.88
2018-6-32-Cor,2018,32,min,6,0.66,16.07
2018-6-34-Oie,2018,34,Oie,6,-99.99,-99.99
2018-6-34-Oa,2018,34,Oa,6,-99.99,-99.99
2018-6-34-Cor,2018,34,min,6,-99.99,-99.99
2018-6-36.1-Oie,2018,36.1,Oie,6,-99.99,-99.99
2018-6-36.1-Oa,2018,36.1,Oa,6,1.56,30.87
2018-6-36.1-Cor,2018,36.1,min,6,-99.99,-99.99
2018-6-36.2-Oie,2018,36.2,Oie,6,1.95,43.54
2018-6-36.2-Oa,2018,36.2,Oa,6,-88.88,-88.88
2018-6-36.2-Cor,2018,36.2,min,6,1.33,29.57
2018-6-38-Oie,2018,38,Oie,6,-99.99,-99.99
2018-6-38-Oa,2018,38,Oa,6,-99.99,-99.99
2018-6-38-Cor,2018,38,min,6,-88.88,-88.88
2018-6-39-Oie,2018,39,Oie,6,1.57,36.89
2018-6-39-Oa,2018,39,Oa,6,-88.88,-88.88
2018-6-39-Cor,2018,39,min,6,-99.99,-99.99
2018-6-42-Oie,2018,42,Oie,6,-99.99,-99.99
2018-6-42-Oa,2018,42,Oa,6,2.09,35.79
2018-6-42-Cor,2018,42,min,6,-99.99,-99.99
2018-6-43-Oie,2018,43,Oie,6,-99.99,-99.99
2018-6-43-Oa,2018,43,Oa,6,-99.99,-99.99
2018-6-43-cor,2018,43,min,6,0.64,11.92
2018-6-45-Oie,2018,45,Oie,6,-99.99,-99.99
2018-6-45-Oa,2018,45,Oa,6,-88.88,-88.88
2018-6-45-Cor,2018,45,min,6,-99.99,-99.99
2018-6-47-Oie,2018,47,Oie,6,1.71,46.17
2018-6-47-Oa,2018,47,Oa,6,-99.99,-99.99
2018-6-47-Cor,2018,47,min,6,-99.99,-99.99
2018-6-48-Oie,2018,48,Oie,6,-99.99,-99.99
2018-6-48-Oa,2018,48,Oa,6,1.93,45.99
2018-6-48-Cor,2018,48,min,6,0.05,1.31
2018-6-50-Oie,2018,50,Oie,6,-99.99,-99.99
2018-6-50-Oa,2018,50,Oa,6,-99.99,-99.99
2018-6-50-Cor,2018,50,min,6,-99.99,-99.99
2018-6-52-Oie,2018,52,Oie,6,2.10,41.01
2018-6-52-Oa,2018,52,Oa,6,-99.99,-99.99
2018-6-52-Cor,2018,52,min,6,-99.99,-99.99
2018-6-54-Oie,2018,54,Oie,6,-99.99,-99.99
2018-6-54-Oa,2018,54,Oa,6,1.28,20.13
2018-6-54-Cor,2018,54,min,6,0.48,8.87
2018-6-59-Oie,2018,59,Oie,6,-99.99,-99.99
2018-6-59-Oa,2018,59,Oa,6,-99.99,-99.99
2018-6-59-Cor,2018,59,min,6,-99.99,-99.99
2018-6-60-Oie,2018,60,Oie,6,1.75,47.85
2018-6-60-Oa,2018,60,Oa,6,-99.99,-99.99
2018-6-60-Cor,2018,60,min,6,-99.99,-99.99
2018-6-61-Oie,2018,61,Oie,6,-99.99,-99.99
2018-6-61-Oa,2018,61,Oa,6,0.86,17.08
2018-6-61-Cor,2018,61,min,6,0.14,3.34
2018-6-63-Oie,2018,63,Oie,6,-99.99,-99.99
2018-6-63-Oa,2018,63,Oa,6,-99.99,-99.99
2018-6-63-Cor,2018,63,min,6,-99.99,-99.99
2018-6-64-Oie,2018,64,Oie,6,1.29,30.32
2018-6-64-Oa,2018,64,Oa,6,-99.99,-99.99
2018-6-64-Cor,2018,64,min,6,-99.99,-99.99
2018-6-66-Oie,2018,66,Oie,6,-99.99,-99.99
2018-6-66-Oa,2018,66,Oa,6,1.15,16.79
2018-6-66-Cor,2018,66,min,6,0.16,3.02
2018-6-67-Oie,2018,67,Oie,6,-99.99,-99.99
2018-6-67-Oa,2018,67,Oa,6,-99.99,-99.99
2018-6-67-Cor,2018,67,min,6,-99.99,-99.99
2018-6-69-Oie,2018,69,Oie,6,1.59,44.28
2018-6-69-Oa,2018,69,Oa,6,-99.99,-99.99
2018-6-69-cor,2018,69,min,6,-99.99,-99.99
2018-6-71-Oie,2018,71,Oie,6,-99.99,-99.99
2018-6-71-Oa,2018,71,Oa,6,1.22,26.09
2018-6-71-Cor,2018,71,min,6,0.43,8.44
2018-6-73-Oie,2018,73,Oie,6,-99.99,-99.99
2018-6-73-Oa,2018,73,Oa,6,-99.99,-99.99
2018-6-73-Cor,2018,73,min,6,-99.99,-99.99
2018-6-76-Oie,2018,76,Oie,6,-99.99,-99.99
2018-6-76-Oa,2018,76,Oa,6,-99.99,-99.99
2018-6-76-Cor,2018,76,min,6,-99.99,-99.99
2018-6-79-Oie,2018,79,Oie,6,-99.99,-99.99
2018-6-79-Oa,2018,79,Oa,6,1.36,25.14
2018-6-79-Cor,2018,79,min,6,0.34,5.67
2018-6-80-Oie,2018,80,Oie,6,-99.99,-99.99
2018-6-80-Oa,2018,80,Oa,6,-99.99,-99.99
2018-6-80-Cor,2018,80,min,6,-99.99,-99.99
2018-6-83-Oie,2018,83,Oie,6,2.01,48.15
2018-6-83-Oa,2018,83,Oa,6,-99.99,-99.99
2018-6-83-Cor,2018,83,min,6,-99.99,-99.99
2018-6-84-Oie,2018,84,Oie,6,-99.99,-99.99
2018-6-84-Oa,2018,84,Oa,6,1.76,28.60
2018-6-84-Cor,2018,84,min,6,0.32,7.14
2018-6-85-Oie,2018,85,Oie,6,-99.99,-99.99
2018-6-85-Oa,2018,85,Oa,6,-99.99,-99.99
2018-6-85-Cor,2018,85,min,6,-99.99,-99.99
2018-6-86-Oie,2018,86,Oie,6,1.85,43.17
2018-6-86-Oa,2018,86,Oa,6,-99.99,-99.99
2018-6-86-Cor,2018,86,min,6,-88.88,-88.88
2018-6-89-Oie,2018,89,Oie,6,-99.99,-99.99
2018-6-89-Oa,2018,89,Oa,6,0.94,19.89
2018-6-89-Cor,2018,89,min,6,-99.99,-99.99
2018-6-90-Oie,2018,90,Oie,6,-99.99,-99.99
2018-6-90-Oa,2018,90,Oa,6,-99.99,-99.99
2018-6-90-Cor,2018,90,min,6,0.40,9.69
2018-6-91-Oie,2018,91,Oie,6,1.71,41.98
2018-6-91-Oa,2018,91,Oa,6,-99.99,-99.99
2018-6-91-Cor,2018,91,min,6,-99.99,-99.99
2018-6-92-Oie,2018,92,Oie,6,-99.99,-99.99
2018-6-92-Oa,2018,92,Oa,6,1.11,20.65
2018-6-92-Cor,2018,92,min,6,-99.99,-99.99
2018-6-93-Oie,2018,93,Oie,6,-99.99,-99.99
2018-6-93-Oa,2018,93,Oa,6,-99.99,-99.99
2018-6-93-Cor,2018,93,min,6,0.36,7.61
2018-6-95-Oie,2018,95,Oie,6,1.76,48.08
2018-6-95-Oa,2018,95,Oa,6,-99.99,-99.99
2018-6-95-Cor,2018,95,min,6,-99.99,-99.99
2018-6-98-Oie,2018,98,Oie,6,-99.99,-99.99
2018-6-98-Oa,2018,98,Oa,6,-99.99,-99.99
2018-6-98-Cor,2018,98,min,6,-99.99,-99.99
2018-6-99-Oie,2018,99,Oie,6,-99.99,-99.99
2018-6-99-Oa,2018,99,Oa,6,2.53,43.18
2018-6-99-Cor,2018,99,min,6,0.14,2.74
2018-6-103-Oie,2018,103,Oie,6,2.07,50.70
2018-6-103-Oa,2018,103,Oa,6,-99.99,-99.99
2018-6-103-Cor,2018,103,min,6,-88.88,-88.88
2018-6-107-Oie,2018,107,Oie,6,-99.99,-99.99
2018-6-107-Oa,2018,107,Oa,6,-99.99,-99.99
2018-6-107-Cor,2018,107,min,6,-99.99,-99.99
2018-6-108-Oie,2018,108,Oie,6,-99.99,-99.99
2018-6-108-Oa,2018,108,Oa,6,0.61,9.78
2018-6-108-cor,2018,108,min,6,-99.99,-99.99
2018-6-110-Oie,2018,110,Oie,6,0.59,11.79
2018-6-110-Oa,2018,110,Oa,6,-99.99,-99.99
2018-6-110-Cor,2018,110,min,6,0.33,6.86
2018-6-111-Oie,2018,111,Oie,6,-99.99,-99.99
2018-6-111-Oa,2018,111,Oa,6,-99.99,-99.99
2018-6-111-Cor,2018,111,min,6,-99.99,-99.99
2018-6-113-Oie,2018,113,Oie,6,-99.99,-99.99
2018-6-113-Oa,2018,113,Oa,6,0.94,15.66
2018-6-113-Cor,2018,113,min,6,-99.99,-99.99
2018-6-117-Oie,2018,117,Oie,6,1.53,39.65
2018-6-117-Oa,2018,117,Oa,6,-99.99,-99.99
2018-6-117-Cor,2018,117,min,6,0.32,7.50
2018-6-118-Oie,2018,118,Oie,6,-99.99,-99.99
2018-6-118-Oa,2018,118,Oa,6,-99.99,-99.99
2018-6-118-Cor,2018,118,min,6,-99.99,-99.99
2018-6-120-Oie,2018,120,Oie,6,-99.99,-99.99
2018-6-120-Oa,2018,120,Oa,6,0.71,15.21
2018-6-120-Cor,2018,120,min,6,-99.99,-99.99
2018-6-121-Oie,2018,121,Oie,6,1.73,38.09
2018-6-121-Oa,2018,121,Oa,6,-99.99,-99.99
2018-6-121-Cor,2018,121,min,6,0.32,5.64
2018-6-123-Oie,2018,123,Oie,6,-99.99,-99.99
2018-6-123-Oa,2018,123,Oa,6,-99.99,-99.99
2018-6-123-Cor,2018,123,min,6,-99.99,-99.99
2018-6-128-Oie,2018,128,Oie,6,-99.99,-99.99
2018-6-128-Oa,2018,128,Oa,6,0.39,7.93
2018-6-128-Cor,2018,128,min,6,-99.99,-99.99
2018-6-133-Oie,2018,133,Oie,6,1.93,48.19
2018-6-133-Oa,2018,133,Oa,6,-99.99,-99.99
2018-6-133-Cor,2018,133,min,6,0.31,5.64
2018-6-134-Oie,2018,134,Oie,6,-99.99,-99.99
2018-6-134-Oa,2018,134,Oa,6,-99.99,-99.99
2018-6-134-Cor,2018,134,min,6,-99.99,-99.99
2018-6-137-Oie,2018,137,Oie,6,1.44,36.50
2018-6-137-Oa,2018,137,Oa,6,0.78,13.30
2018-6-137-Cor,2018,137,min,6,-99.99,-99.99
2018-6-138-Oie,2018,138,Oie,6,-99.99,-99.99
2018-6-138-Oa,2018,138,Oa,6,-88.88,-88.88
2018-6-138-Cor,2018,138,min,6,0.51,8.41
2018-6-144-Oie,2018,144,Oie,6,-99.99,-99.99
2018-6-144-Oa,2018,144,Oa,6,-99.99,-99.99
2018-6-144-Cor,2018,144,min,6,-99.99,-99.99
2018-6-146-Oie,2018,146,Oie,6,-99.99,-99.99
2018-6-146-Oa,2018,146,Oa,6,-99.99,-99.99
2018-6-146-Cor,2018,146,min,6,-99.99,-99.99
2018-6-147-Oie,2018,147,Oie,6,1.63,38.69
2018-6-147-Oa,2018,147,Oa,6,0.49,7.23
2018-6-147-Cor,2018,147,min,6,0.21,2.91
2018-6-148-Oie,2018,148,Oie,6,-99.99,-99.99
2018-6-148-Oa,2018,148,Oa,6,-99.99,-99.99
2018-6-148-Cor,2018,148,min,6,-99.99,-99.99
2018-6-150-Oie,2018,150,Oie,6,-99.99,-99.99
2018-6-150-Oa,2018,150,Oa,6,-99.99,-99.99
2018-6-150-Cor,2018,150,min,6,-99.99,-99.99
2018-6-154-Oie,2018,154,Oie,6,1.39,28.94
2018-6-154-Oa,2018,154,Oa,6,0.76,12.35
2018-6-154-Cor,2018,154,min,6,0.28,4.06
2018-6-158-Oie,2018,158,Oie,6,-99.99,-99.99
2018-6-158-Oa,2018,158,Oa,6,-99.99,-99.99
2018-6-158-Cor,2018,158,min,6,-99.99,-99.99
2018-6-159-Oie,2018,159,Oie,6,-99.99,-99.99
2018-6-159-Oa,2018,159,Oa,6,-99.99,-99.99
2018-6-159-Cor,2018,159,min,6,-99.99,-99.99
2018-6-160-Oie,2018,160,Oie,6,1.97,50.24
2018-6-160-Oa,2018,160,Oa,6,1.62,31.75
2018-6-160-cor,2018,160,min,6,0.65,11.41
2018-6-161-Oie,2018,161,Oie,6,-99.99,-99.99
2018-6-161-Oa,2018,161,Oa,6,-99.99,-99.99
2018-6-161-cor,2018,161,min,6,-99.99,-99.99
2018-6-163-Oie,2018,163,Oie,6,-99.99,-99.99
2018-6-163-Oa,2018,163,Oa,6,-99.99,-99.99
2018-6-163-Cor,2018,163,min,6,-99.99,-99.99
2018-6-165-Oie,2018,165,Oie,6,1.76,43.32
2018-6-165-Oa,2018,165,Oa,6,1.18,26.70
2018-6-165-Cor,2018,165,min,6,0.30,5.39
2018-6-169-Oie,2018,169,Oie,6,-99.99,-99.99
2018-6-169-Oa,2018,169,Oa,6,-99.99,-99.99
2018-6-169-Cor,2018,169,min,6,-99.99,-99.99
2018-6-171-Oie,2018,171,Oie,6,-99.99,-99.99
2018-6-171-Oa,2018,171,Oa,6,-99.99,-99.99
2018-6-171-Cor,2018,171,min,6,-99.99,-99.99
2018-6-172-Oie,2018,172,Oie,6,1.87,48.65
2018-6-172-Oa,2018,172,Oa,6,1.33,28.99
2018-6-172-Cor,2018,172,min,6,0.26,4.76
2018-6-174-Oie,2018,174,Oie,6,-99.99,-99.99
2018-6-174-Oa,2018,174,Oa,6,-99.99,-99.99
2018-6-174-Cor,2018,174,min,6,-99.99,-99.99
2018-6-177-Oie,2018,177,Oie,6,-99.99,-99.99
2018-6-177-Oa,2018,177,Oa,6,-99.99,-99.99
2018-6-177-Cor,2018,177,min,6,-99.99,-99.99
2018-6-178-Oie,2018,178,Oie,6,1.43,36.46
2018-6-178-Oa,2018,178,Oa,6,1.45,29.68
2018-6-178-Cor,2018,178,min,6,0.38,7.90
2018-6-179-Oie,2018,179,Oie,6,-99.99,-99.99
2018-6-179-Oa,2018,179,Oa,6,-88.88,-88.88
2018-6-179-Cor,2018,179,min,6,-99.99,-99.99
2018-6-182-Oie,2018,182,Oie,6,-99.99,-99.99
2018-6-182-Oa,2018,182,Oa,6,-99.99,-99.99
2018-6-182-Cor,2018,182,min,6,-99.99,-99.99
2018-6-184-Oie,2018,184,Oie,6,2.13,46.73
2018-6-184-Oa,2018,184,Oa,6,1.70,35.33
2018-6-184-Cor,2018,184,min,6,0.43,8.73
2018-6-186-Oie,2018,186,Oie,6,-99.99,-99.99
2018-6-186-Oa,2018,186,Oa,6,-99.99,-99.99
2018-6-186-Cor,2018,186,min,6,-99.99,-99.99
2018-6-187-Oie,2018,187,Oie,6,-99.99,-99.99
2018-6-187-Oa,2018,187,Oa,6,-99.99,-99.99
2018-6-187-Cor,2018,187,min,6,-99.99,-99.99
2018-6-189-Oie,2018,189,Oie,6,2.09,49.80
2018-6-189-Oa,2018,189,Oa,6,-99.99,-99.99
2018-6-189-Cor,2018,189,min,6,0.22,4.41
2018-6-194-Oie,2018,194,Oie,6,-99.99,-99.99
2018-6-194-Oa,2018,194,Oa,6,0.65,12.21
2018-6-194-Cor,2018,194,min,6,-99.99,-99.99
2018-6-199-Oie,2018,199,Oie,6,-99.99,-99.99
2018-6-199-Oa,2018,199,Oa,6,-99.99,-99.99
2018-6-199-Cor,2018,199,min,6,-99.99,-99.99
2018-6-200-Oie,2018,200,Oie,6,2.05,46.29
2018-6-200-Oa,2018,200,Oa,6,-99.99,-99.99
2018-6-200-Cor,2018,200,min,6,0.28,4.75
2018-6-203-Oie,2018,203,Oie,6,-99.99,-99.99
2018-6-203-Oa,2018,203,Oa,6,0.64,12.66
2018-6-203-Cor,2018,203,min,6,-99.99,-99.99
2018-6-205-Oie,2018,205,Oie,6,-99.99,-99.99
2018-6-205-Oa,2018,205,Oa,6,-99.99,-99.99
2018-6-205-Cor,2018,205,min,6,-88.88,-88.88
2018-6-207-Oie,2018,207,Oie,6,2.10,49.96
2018-6-207-Oa,2018,207,Oa,6,-99.99,-99.99
2018-6-207-Cor,2018,207,min,6,-99.99,-99.99
