Date,Site,Elevation,Chamber,CO2_rate,N2O_rate,CH4_rate
2002-08-26,Bear Brook,low,1,0.063,0.389,-1.562
2002-08-26,Bear Brook,low,2,0.045,-0.5,-0.706
2002-08-26,Bear Brook,low,3,0.018,-0.093,-3.18
2002-08-26,Bear Brook,mid,1,0.03,-0.845,-0.987
2002-08-26,Bear Brook,mid,2,0.046,0.584,-2.729
2002-08-26,Bear Brook,mid,3,0.059,0.368,-2.316
2002-08-26,Bear Brook,high,1,0.062,0.048,-3.015
2002-08-26,Bear Brook,high,2,0.057,0.74,-3.718
2002-08-26,Bear Brook,high,3,0.073,0.046,-2.308
2002-08-26,Bear Brook,spruce/fir,1,0.071,0.511,-2.308
2002-08-26,Bear Brook,spruce/fir,2,0.041,-0.408,-1.928
2002-08-26,Bear Brook,spruce/fir,3,0.054,-0.054,-1.008
2002-08-27,W1,low,1,0.065,-0.129,-0.459
2002-08-27,W1,low,2,0.069,0.753,-1.997
2002-08-27,W1,low,3,0.082,0.668,-2.839
2002-08-27,W1,mid,1,0.021,0.252,-1.281
2002-08-27,W1,mid,2,0.043,-0.062,-2.114
2002-08-27,W1,mid,3,0.028,-0.047,-2.461
2002-08-27,W1,high,1,0.046,0.045,-2.242
2002-08-27,W1,high,2,0.117,5.078,-1.978
2002-08-27,W1,high,3,0.034,-0.19,-1.468
2002-08-27,W1,spruce/fir,1,0.055,2.142,-2.551
2002-08-27,W1,spruce/fir,2,0.035,4.161,-0.989
2002-08-27,W1,spruce/fir,3,0.038,5.625,-0.715
2002-10-01,Bear Brook,low,1,0.06,-0.312,-1.055
2002-10-01,Bear Brook,low,2,0.06,0.682,-1.068
2002-10-01,Bear Brook,low,3,0.059,0,-1.896
2002-10-01,Bear Brook,mid,1,0.044,-0.254,-2.538
2002-10-01,Bear Brook,mid,2,0.061,-0.139,-2.355
2002-10-01,Bear Brook,mid,3,0.048,0.184,-2.082
2002-10-01,Bear Brook,high,1,0.09,1.347,-2.731
2002-10-01,Bear Brook,high,2,0.082,0.462,-2.987
2002-10-01,Bear Brook,high,3,0.084,0.228,-2.145
2002-10-01,Bear Brook,spruce/fir,1,0.104,-0.567,-1.989
2002-10-01,Bear Brook,spruce/fir,2,0.059,-0.136,-1.011
2002-10-01,Bear Brook,spruce/fir,3,0.095,-0.504,-1.194
2002-10-02,W1,low,1,0.116,0,-1.147
2002-10-02,W1,low,2,0.087,0.302,-2.237
2002-10-02,W1,low,3,0.103,0.292,-2.294
2002-10-02,W1,mid,1,0.036,0.306,-1.018
2002-10-02,W1,mid,2,0.054,0.218,-1.76
2002-10-02,W1,mid,3,0.046,-0.303,-2.001
2002-10-02,W1,high,1,0.027,0,-0.983
2002-10-02,W1,high,2,0.106,0.356,-1.408
2002-10-02,W1,high,3,0.046,0.475,-2.185
2002-10-02,W1,spruce/fir,1,0.052,0.17,-1.223
2002-10-02,W1,spruce/fir,2,0.046,0.147,0.922
2002-10-02,W1,spruce/fir,3,0.058,2.978,-3.8
2003-06-12,Bear Brook,low,1,0.086,0,-0.622
2003-06-12,Bear Brook,low,2,0.008,-1.484,-0.136
2003-06-12,Bear Brook,low,3,0.07,1.913,-1.858
2003-06-12,Bear Brook,mid,1,0.032,0.824,-1.92
2003-06-12,Bear Brook,mid,2,0.032,-0.141,-1.587
2003-06-12,Bear Brook,mid,3,0.091,1.948,-1.728
2003-06-12,Bear Brook,high,1,0.036,-0.409,-1.763
2003-06-12,Bear Brook,high,2,0.095,2.52,-1.34
2003-06-12,Bear Brook,high,3,0.024,-1.421,-1.402
2003-06-12,Bear Brook,spruce/fir,1,0.061,0.537,-0.938
2003-06-12,Bear Brook,spruce/fir,2,0.113,3.923,-0.771
2003-06-12,Bear Brook,spruce/fir,3,0.054,0.374,-0.255
2003-06-12,W1,low,1,0.022,0.234,-0.719
2003-06-12,W1,low,2,0.04,-0.858,-0.745
2003-06-12,W1,low,3,0.124,1.786,-1.856
2003-06-12,W1,mid,1,0.03,-0.155,-1.117
2003-06-12,W1,mid,2,0.036,0.045,-1.25
2003-06-12,W1,mid,3,0.037,0,-1.581
2003-06-12,W1,high,1,0.079,1.493,-1.244
2003-06-12,W1,high,2,0.068,-1.648,-1.189
2003-06-12,W1,high,3,0.09,4.315,-1.793
2003-06-12,W1,spruce/fir,1,0.036,0.229,0.05
2003-06-12,W1,spruce/fir,2,0.035,0.141,0.005
2003-06-12,W1,spruce/fir,3,0.046,0.314,-0.175
2003-08-07,Bear Brook,low,1,0.06,-0.105,-0.659
2003-08-07,Bear Brook,low,2,0.039,-0.225,-0.433
2003-08-07,Bear Brook,low,3,0.037,-0.042,-1.309
2003-08-07,Bear Brook,mid,1,0.036,0,-2.215
2003-08-07,Bear Brook,mid,2,0.042,0.047,-1.652
2003-08-07,Bear Brook,mid,3,0.043,0.212,-1.467
2003-08-07,Bear Brook,high,1,0.041,-0.227,-2.044
2003-08-07,Bear Brook,high,2,0.056,0.095,-1.653
2003-08-07,Bear Brook,high,3,0.053,0.129,-1.195
2003-08-07,Bear Brook,spruce/fir,1,0.055,-0.107,-0.569
2003-08-07,Bear Brook,spruce/fir,2,0.059,0.149,-0.512
2003-08-07,Bear Brook,spruce/fir,3,0.037,-0.048,0.281
2003-08-07,W1,low,1,0.061,0,-0.7
2003-08-07,W1,low,2,0.081,0,-1.094
2003-08-07,W1,low,3,0.079,0.479,-1.706
2003-08-07,W1,mid,1,0.043,0.039,-1.303
2003-08-07,W1,mid,2,0.05,0.182,-1.282
2003-08-07,W1,mid,3,0.05,0,-1.266
2003-08-07,W1,high,1,0.05,0.045,-1.057
2003-08-07,W1,high,2,0.074,0.366,-1.277
2003-08-07,W1,high,3,0.029,-6.422,-0.648
2003-08-07,W1,spruce/fir,1,0.049,0.131,-0.597
2003-08-07,W1,spruce/fir,2,0.04,2.495,0
2003-08-07,W1,spruce/fir,3,0.039,0.251,-0.393
2003-09-11,Bear Brook,low,1,0.031,0.053,-0.622
2003-09-11,Bear Brook,low,2,0.022,-0.135,-0.247
2003-09-11,Bear Brook,low,3,0.017,-0.416,-1.538
2003-09-11,Bear Brook,mid,1,0.018,-0.165,-2.889
2003-09-11,Bear Brook,mid,2,0.034,-0.469,-1.761
2003-09-11,Bear Brook,mid,3,0.059,1.397,-1.164
2003-09-11,Bear Brook,high,1,0.017,-0.409,-1.013
2003-09-11,Bear Brook,high,2,0.034,0,-1.222
2003-09-11,Bear Brook,high,3,0.039,0,-1.319
2003-09-11,Bear Brook,spruce/fir,1,0.026,0,-1.167
2003-09-11,Bear Brook,spruce/fir,2,0.026,0.149,-1.618
2003-09-11,Bear Brook,spruce/fir,3,0.032,-0.048,-0.425
2003-09-10,W1,low,1,0.035,-0.234,0.186
2003-09-10,W1,low,2,0.032,0.178,-1.191
2003-09-10,W1,low,3,0.037,0.342,-0.808
2003-09-10,W1,mid,1,0.019,0.077,-1.329
2003-09-10,W1,mid,2,0.022,-0.045,-1.607
2003-09-10,W1,mid,3,0.021,0.05,-2.019
2003-09-10,W1,high,1,0.027,0.181,-0.877
2003-09-10,W1,high,2,0.029,-0.549,-1.415
2003-09-10,W1,high,3,0.013,-0.301,-1.621
2003-09-10,W1,spruce/fir,1,0.019,0,-1.037
2003-09-10,W1,spruce/fir,2,0.023,-0.094,-1.637
2003-09-10,W1,spruce/fir,3,0.023,0.132,-0.326
2003-10-06,Bear Brook,low,1,0.033,0.339,-0.101
2003-10-06,Bear Brook,low,2,0.014,-0.315,-0.056
2003-10-06,Bear Brook,low,3,0.018,0.713,-1.241
2003-10-06,Bear Brook,mid,1,0.025,-0.124,-2.351
2003-10-06,Bear Brook,mid,2,0.01,0.469,-0.342
2003-10-06,Bear Brook,mid,3,0.008,0,-1.176
2003-10-06,Bear Brook,high,1,0.026,0.637,-2.207
2003-10-06,Bear Brook,high,2,0.025,0.048,-1.503
2003-10-06,Bear Brook,high,3,0.015,0.215,-1.242
2003-10-06,Bear Brook,spruce/fir,1,0.02,0.591,-1.81
2003-10-06,Bear Brook,spruce/fir,2,0.026,-0.348,-0.259
2003-10-06,Bear Brook,spruce/fir,3,0.021,-0.19,0.575
2003-10-06,W1,low,1,0.014,0.133,-0.777
2003-10-06,W1,low,2,0.041,0.089,-1.21
2003-10-06,W1,low,3,0.023,-0.087,-1.138
2003-10-06,W1,mid,1,0.026,0.387,-0.42
2003-10-06,W1,mid,2,0.012,-0.091,-1.219
2003-10-06,W1,mid,3,0.008,0.05,-1.465
2003-10-06,W1,high,1,0.017,-0.362,-0.665
2003-10-06,W1,high,2,0.024,0.503,-0.925
2003-10-06,W1,high,3,0.014,-0.323,-0.29
2003-10-06,W1,spruce/fir,1,0.025,-0.137,-1.031
2003-10-06,W1,spruce/fir,2,0.015,2.307,-0.628
2003-10-06,W1,spruce/fir,3,0.012,-0.484,-0.472
2004-05-06,Bear Brook,spruce/fir,1,0.042,0.276,-1.268
2004-05-06,Bear Brook,spruce/fir,2,0.051,1.134,-0.644
2004-05-06,Bear Brook,spruce/fir,3,-0.038,-1.313,-0.272
2004-05-06,Bear Brook,high,1,0.02,-0.093,-1.471
2004-05-06,Bear Brook,high,2,0.021,1.928,-1.78
2004-05-06,Bear Brook,high,3,0.042,0.629,-0.813
2004-05-06,Bear Brook,low,1,-0.008,-0.236,0.202
2004-05-06,Bear Brook,low,2,0.024,0.71,-0.115
2004-05-06,Bear Brook,low,3,0.02,0.233,-1.119
2004-05-06,Bear Brook,mid,1,0.025,-0.147,-2.282
2004-05-06,Bear Brook,mid,2,0.113,2.9,-2.434
2004-05-06,Bear Brook,mid,3,0.026,0.174,-2.116
2004-05-06,W1,spruce/fir,1,0.004,-0.312,-0.526
2004-05-06,W1,spruce/fir,2,0.033,0.946,-0.33
2004-05-06,W1,spruce/fir,3,0,-1.063,-0.727
2004-05-06,W1,high,1,-0.007,-0.532,-1.293
2004-05-06,W1,high,2,-0.012,-1.536,-0.402
2004-05-06,W1,high,3,0.022,0.12,-2.526
2004-05-06,W1,low,1,0.049,1.888,-0.858
2004-05-06,W1,low,2,0.027,0.575,-0.886
2004-05-06,W1,low,3,0.02,0.537,-1.344
2004-05-06,W1,mid,1,0.017,-0.111,-0.826
2004-05-06,W1,mid,2,-0.019,-0.802,-1.142
2004-05-06,W1,mid,3,0.032,1.064,-2.261
2004-06-03,Bear Brook,spruce/fir,1,0.017,-0.033,-0.122
2004-06-03,Bear Brook,spruce/fir,2,0.017,0.065,0.155
2004-06-03,Bear Brook,spruce/fir,3,0.123,3.019,0.696
2004-06-03,Bear Brook,high,1,0.012,0.049,-2.448
2004-06-03,Bear Brook,high,2,0.021,0.252,0.024
2004-06-03,Bear Brook,high,3,-0.007,-0.814,-0.917
2004-06-03,Bear Brook,low,1,0.038,0.252,-1.663
2004-06-03,Bear Brook,low,2,0.053,0.696,-1.291
2004-06-03,Bear Brook,low,3,0.02,0.301,-0.58
2004-06-03,Bear Brook,mid,1,0.014,-0.011,-2.196
2004-06-03,Bear Brook,mid,2,0.032,0.157,-0.787
2004-06-03,Bear Brook,mid,3,0.027,0.166,-0.529
2004-06-03,W1,spruce/fir,1,0.013,-0.2,-0.11
2004-06-03,W1,spruce/fir,2,-0.046,-2.205,-0.512
2004-06-03,W1,spruce/fir,3,-0.023,-1.97,-0.119
2004-06-03,W1,high,1,0.009,-0.04,-1.288
2004-06-03,W1,high,2,0.039,1.218,-0.233
2004-06-03,W1,high,3,-0.005,0.097,-0.909
2004-06-03,W1,low,1,0.026,-0.019,-0.191
2004-06-03,W1,low,2,0.02,-0.126,-0.223
2004-06-03,W1,low,3,0.062,1.056,-1.636
2004-06-03,W1,mid,1,0.001,-0.081,-1.127
2004-06-03,W1,mid,2,-0.033,-1.342,-1.216
2004-06-03,W1,mid,3,0.095,3.169,-0.938
2004-07-14,Bear Brook,spruce/fir,1,0.047,0.659,-2.809
2004-07-14,Bear Brook,spruce/fir,2,0.012,-0.13,-0.943
2004-07-14,Bear Brook,spruce/fir,3,0.02,-0.287,-0.8
2004-07-14,Bear Brook,high,1,0.032,0.021,-1.545
2004-07-14,Bear Brook,high,2,0.035,-0.013,-1.447
2004-07-14,Bear Brook,high,3,0.014,-0.633,-2.167
2004-07-14,Bear Brook,low,1,0.032,0.06,-1.291
2004-07-14,Bear Brook,low,2,0.017,0.053,-0.233
2004-07-14,Bear Brook,low,3,0.014,0.008,-0.699
2004-07-14,Bear Brook,mid,1,0.019,0.066,-1.868
2004-07-14,Bear Brook,mid,2,0.026,-0.066,-1.942
2004-07-14,Bear Brook,mid,3,0.035,0.109,-2.073
2004-07-14,W1,spruce/fir,1,0.024,-0.021,-0.598
2004-07-14,W1,spruce/fir,2,0.039,0.688,-0.045
2004-07-14,W1,spruce/fir,3,0.014,0.032,-0.124
2004-07-14,W1,high,1,0.033,-0.061,-0.748
2004-07-14,W1,high,2,0.032,-0.153,-0.733
2004-07-14,W1,high,3,0.018,-0.122,-1.826
2004-07-14,W1,low,1,0.037,0.179,-0.82
2004-07-14,W1,low,2,0.038,0.141,-2.343
2004-07-14,W1,low,3,0.036,-0.107,-0.781
2004-07-14,W1,mid,1,0.011,0.038,-1.915
2004-07-14,W1,mid,2,0.036,0.087,-1.032
2004-07-14,W1,mid,3,0.031,0.316,-2.679
2004-09-01,Bear Brook,spruce/fir,1,0.05,0.075,-0.257
2004-09-01,Bear Brook,spruce/fir,2,0.002,0.094,-0.947
2004-09-01,Bear Brook,spruce/fir,3,0.054,0.934,-1.393
2004-09-01,Bear Brook,high,1,0.08,0.054,-1.387
2004-09-01,Bear Brook,high,2,0.147,2.414,-0.556
2004-09-01,Bear Brook,high,3,0.043,0.294,-1.881
2004-09-01,Bear Brook,low,1,0.085,2.071,-0.799
2004-09-01,Bear Brook,low,2,0.033,0.028,-0.775
2004-09-01,Bear Brook,low,3,0.022,0.069,-1.141
2004-09-01,Bear Brook,mid,1,0.037,0.195,-2.074
2004-09-01,Bear Brook,mid,2,0.047,-0.061,-1.285
2004-09-01,Bear Brook,mid,3,0.104,1.169,-0.87
2004-09-01,W1,spruce/fir,1,0.034,0.107,-1.072
2004-09-01,W1,spruce/fir,2,0.068,0.947,-1.015
2004-09-01,W1,spruce/fir,3,0.031,-0.057,-1.078
2004-09-01,W1,high,1,0.021,-0.599,-0.868
2004-09-01,W1,high,2,0.034,-0.581,-1.179
2004-09-01,W1,high,3,0.037,0.253,-2.451
2004-09-01,W1,low,1,0.036,-0.153,-1.2
2004-09-01,W1,low,2,0.033,-0.68,-1.734
2004-09-01,W1,low,3,0.069,0.686,-0.93
2004-09-01,W1,mid,1,0.085,1.552,-1.494
2004-09-01,W1,mid,2,-0.017,-2.151,-0.872
2004-09-01,W1,mid,3,0.048,0.461,-1.35
2005-05-31,W1,spruce/fir,1,0.02,-0.096,-2.191
2005-05-31,W1,spruce/fir,2,0.026,0.439,-0.692
2005-05-31,W1,spruce/fir,3,0.025,-0.035,-1.888
2005-05-31,W1,high,1,0.027,0.233,-2.077
2005-05-31,W1,high,2,0.047,0.351,-1.217
2005-05-31,W1,high,3,0.047,0.288,-1.299
2005-05-31,W1,low,1,0.044,0.376,3.026
2005-05-31,W1,low,2,0.052,0.413,-0.509
2005-05-31,W1,low,3,0.035,0.8,-0.757
2005-05-31,W1,mid,1,0.016,0.066,-1.116
2005-05-31,W1,mid,2,0.038,0.485,-2.944
2005-05-31,W1,mid,3,0.043,-0.052,-2.289
2005-06-01,Bear Brook,spruce/fir,1,0.037,-0.132,-0.929
2005-06-01,Bear Brook,spruce/fir,2,0.049,-0.206,-0.499
2005-06-01,Bear Brook,spruce/fir,3,0.012,0.731,-0.56
2005-06-01,Bear Brook,high,1,0.028,0.565,-1.853
2005-06-01,Bear Brook,high,2,0.041,0.099,-2.178
2005-06-01,Bear Brook,high,3,0.039,-0.081,-1.229
2005-06-01,Bear Brook,low,1,0.05,0.197,-0.207
2005-06-01,Bear Brook,low,2,0.028,-0.442,0.115
2005-06-01,Bear Brook,low,3,0.03,0.066,-0.694
2005-06-01,Bear Brook,mid,1,0.029,-0.374,-2.305
2005-06-01,Bear Brook,mid,2,0.032,0.454,-1.374
2005-06-01,Bear Brook,mid,3,0.037,-0.061,-1.973
2005-07-11,Bear Brook,spruce/fir,1,0.075,0.452,-1.773
2005-07-11,Bear Brook,spruce/fir,2,0.056,1.156,0.24
2005-07-11,Bear Brook,spruce/fir,3,0.057,2.676,0.38
2005-07-11,Bear Brook,high,1,0.088,0.734,-3.164
2005-07-11,Bear Brook,high,2,0.061,0.182,-1.86
2005-07-11,Bear Brook,high,3,0.05,0.2,-0.544
2005-07-11,Bear Brook,low,1,0.111,-0.121,-0.907
2005-07-11,Bear Brook,low,2,0.048,-0.038,-0.221
2005-07-11,Bear Brook,low,3,0.038,-0.061,-0.878
2005-07-11,Bear Brook,mid,1,0.045,-0.049,-2.296
2005-07-11,Bear Brook,mid,2,0.048,-0.192,-1.484
2005-07-11,Bear Brook,mid,3,0.084,1.184,-2.097
2005-07-11,W1,spruce/fir,1,0.061,1.718,0.002
2005-07-11,W1,spruce/fir,2,0.068,-0.042,-1.447
2005-07-11,W1,spruce/fir,3,0.025,1.028,-1.128
2005-07-11,W1,high,1,0.045,0.33,-2.018
2005-07-11,W1,high,2,0.095,1.257,-3.246
2005-07-11,W1,high,3,0.027,0.098,-0.02
2005-07-11,W1,low,1,0.063,0.205,-1.541
2005-07-11,W1,low,2,0.074,1.141,0.706
2005-07-11,W1,low,3,0.079,2.701,-1.972
2005-07-11,W1,mid,1,0.045,0.346,-1.549
2005-07-11,W1,mid,2,0.066,0.808,-3.568
2005-07-11,W1,mid,3,0.078,0.483,-1.15
2005-08-03,Bear Brook,spruce/fir,1,0.063,0.197,-0.404
2005-08-03,Bear Brook,spruce/fir,2,0.018,-1.043,-0.359
2005-08-03,Bear Brook,spruce/fir,3,0.02,0.057,-1.548
2005-08-03,Bear Brook,high,1,0.065,3.249,-2.98
2005-08-03,Bear Brook,high,2,0.083,1.648,-3.02
2005-08-03,Bear Brook,high,3,0.057,-0.207,-1.506
2005-08-03,Bear Brook,low,1,0.108,0.173,0.327
2005-08-03,Bear Brook,low,2,0.07,0.384,2.333
2005-08-03,Bear Brook,low,3,0.046,0.265,-1.136
2005-08-03,Bear Brook,mid,1,0.047,0.342,-1.882
2005-08-03,Bear Brook,mid,2,0.059,-0.076,-1.509
2005-08-03,Bear Brook,mid,3,0.064,2.057,-0.457
2005-08-03,W1,spruce/fir,1,0.039,0.309,-0.978
2005-08-03,W1,spruce/fir,2,0.054,-0.082,-0.521
2005-08-03,W1,spruce/fir,3,0.048,3.893,-1.129
2005-08-03,W1,high,1,0.038,0.272,-1.467
2005-08-03,W1,high,2,0.092,5.06,1.13
2005-08-03,W1,high,3,0.041,3.253,1.613
2005-08-03,W1,low,1,0.057,0.165,-0.987
2005-08-03,W1,low,2,0.098,1.778,-1.334
2005-08-03,W1,low,3,0.083,1.118,0.574
2005-08-03,W1,mid,1,0.035,0.141,-0.038
2005-08-03,W1,mid,2,0.056,0.352,-0.573
2005-08-03,W1,mid,3,0.04,-0.078,-1.867
2005-10-07,Bear Brook,spruce/fir,1,0.042,-0.376,-0.311
2005-10-07,Bear Brook,spruce/fir,2,0.034,-0.193,-0.859
2005-10-07,Bear Brook,spruce/fir,3,0.058,0.713,-1.119
2005-10-07,Bear Brook,high,1,0.038,-0.464,-3.053
2005-10-07,Bear Brook,high,2,0.049,0.455,-1.872
2005-10-07,Bear Brook,high,3,0.063,-0.348,-0.864
2005-10-07,W1,spruce/fir,1,0.033,0.206,-1.54
2005-10-07,W1,spruce/fir,2,0.027,0.145,0.205
2005-10-07,W1,spruce/fir,3,0.053,0.702,-0.432
2005-10-07,W1,high,1,0.03,0.056,-1.004
2005-10-07,W1,high,2,0.018,-0.128,-1.909
2005-10-07,W1,high,3,0.063,0.122,-3.24
2005-10-07,W1,low,1,0.038,-0.302,-1.327
2005-10-07,W1,low,2,0.054,0.317,-2.34
2005-10-07,W1,low,3,0.057,-0.345,-1.853
2005-10-07,W1,mid,1,0.032,0.01,-2.063
2005-10-07,W1,mid,2,0.025,-0.121,-1.547
2005-10-07,W1,mid,3,0.05,-1.305,-2.94
2006-05-30,Bear Brook,spruce/fir,1,0.042,0.57,-0.706
2006-05-30,Bear Brook,spruce/fir,2,0.047,1.083,-0.502
2006-05-30,Bear Brook,spruce/fir,3,0.042,1.36,-0.74
2006-05-30,Bear Brook,high,1,0.045,0.222,-2.213
2006-05-30,Bear Brook,high,2,0.052,0.277,-2.476
2006-05-30,Bear Brook,high,3,0.02,-0.322,-1.18
2006-05-30,Bear Brook,low,1,0.051,0.168,0.458
2006-05-30,Bear Brook,low,2,0.043,-0.141,-0.189
2006-05-30,Bear Brook,low,3,0.025,0.705,-0.908
2006-05-30,Bear Brook,mid,1,0.036,-0.124,-2.157
2006-05-30,Bear Brook,mid,2,0.032,-0.051,-1.74
2006-05-30,Bear Brook,mid,3,0.03,-0.282,-1.718
2006-05-30,W1,spruce/fir,1,0.032,4.145,-1.15
2006-05-30,W1,spruce/fir,2,0.044,-0.54,-1.307
2006-05-30,W1,spruce/fir,3,0.044,-0.176,-0.903
2006-05-30,W1,high,1,0.022,-0.817,-1.706
2006-05-30,W1,high,2,0.05,-0.346,-1.426
2006-05-30,W1,high,3,0.012,0.872,-1.081
2006-05-30,W1,low,1,0.038,-0.042,-0.65
2006-05-30,W1,low,2,0.058,-0.77,-1.562
2006-05-30,W1,low,3,0.054,-0.977,-1.374
2006-05-30,W1,mid,1,0.029,-1.148,-1.547
2006-05-30,W1,mid,2,0.03,0.311,-2.009
2006-05-30,W1,mid,3,0.048,-0.876,-2
2006-06-21,Bear Brook,spruce/fir,1,0.086,-1.425,-2.418
2006-06-21,Bear Brook,spruce/fir,2,0.062,1.979,-0.126
2006-06-21,Bear Brook,spruce/fir,3,0.051,6.941,0.199
2006-06-21,Bear Brook,high,1,0.057,0.931,-2.239
2006-06-21,Bear Brook,high,2,0.059,0.81,-1.388
2006-06-21,Bear Brook,high,3,0.041,0.129,-0.999
2006-06-21,Bear Brook,low,1,0.062,-0.565,-1.871
2006-06-21,Bear Brook,low,2,0.029,0.213,0.102
2006-06-21,Bear Brook,low,3,0.031,-0.68,-0.788
2006-06-21,Bear Brook,mid,1,0.049,0.254,-1.73
2006-06-21,Bear Brook,mid,2,0.046,-0.922,-1.891
2006-06-21,Bear Brook,mid,3,0.058,0.631,-1.471
2006-06-21,W1,spruce/fir,1,0.048,2.943,0.173
2006-06-21,W1,spruce/fir,2,0.057,0.444,-0.406
2006-06-21,W1,spruce/fir,3,0.067,1.749,-0.684
2006-06-21,W1,high,1,0.051,0.807,-1.764
2006-06-21,W1,high,2,0.066,0.272,-0.462
2006-06-21,W1,high,3,0.029,0.329,0.24
2006-06-21,W1,low,1,0.067,3.119,-0.654
2006-06-21,W1,low,2,0.059,-0.426,-1.001
2006-06-21,W1,low,3,0.057,1.163,-1.946
2006-06-21,W1,mid,1,0.035,-1.043,-1.603
2006-06-21,W1,mid,2,0.042,-0.17,-1.274
2006-06-21,W1,mid,3,0.044,0.794,-1.477
2006-07-24,Bear Brook,spruce/fir,1,0.06,0.356,-1.05
2006-07-24,Bear Brook,spruce/fir,2,0.046,1.017,-0.921
2006-07-24,Bear Brook,spruce/fir,3,0.058,23.56,-2.232
2006-07-24,Bear Brook,high,1,0.065,0.141,0.584
2006-07-24,Bear Brook,high,2,0.071,-0.618,0.006
2006-07-24,Bear Brook,high,3,0.05,0.126,-1.014
2006-07-24,Bear Brook,low,1,0.076,-0.148,-0.51
2006-07-24,Bear Brook,low,2,0.059,1.082,3.099
2006-07-24,Bear Brook,low,3,0.051,0.889,-2.578
2006-07-24,Bear Brook,mid,1,0.046,-0.291,-1.761
2006-07-24,Bear Brook,mid,2,0.061,0.409,-1.261
2006-07-24,Bear Brook,mid,3,0.05,1.706,0.199
2006-07-24,W1,spruce/fir,1,0.062,2.998,-1.858
2006-07-24,W1,spruce/fir,2,0.04,-0.237,-0.692
2006-07-24,W1,spruce/fir,3,0.044,0.385,-0.544
2006-07-24,W1,high,1,0.051,0.196,-1.312
2006-07-24,W1,high,2,0.072,2.097,-1.68
2006-07-24,W1,high,3,0.052,1.586,-1.669
2006-07-24,W1,low,1,0.049,-0.215,-0.465
2006-07-24,W1,low,2,0.068,0.122,-1.163
2006-07-24,W1,low,3,0.07,0.629,-0.332
2006-07-24,W1,mid,1,0.053,1.351,-1.695
2006-07-24,W1,mid,2,0.043,0.677,-0.125
2006-07-24,W1,mid,3,0.049,-0.028,1.261
2006-08-28,Bear Brook,spruce/fir,1,0.05,0.318,-2.007
2006-08-28,Bear Brook,spruce/fir,2,0.044,-0.297,-0.691
2006-08-28,Bear Brook,spruce/fir,3,0.047,1.064,-0.765
2006-08-28,Bear Brook,high,1,0.051,0.143,-1.92
2006-08-28,Bear Brook,high,2,0.056,-0.309,-1.683
2006-08-28,Bear Brook,high,3,0.033,-0.025,-1.186
2006-08-28,Bear Brook,low,1,0.057,0.077,-0.78
2006-08-28,Bear Brook,low,2,0.048,0.173,-0.202
2006-08-28,Bear Brook,low,3,0.032,0.176,-1.128
2006-08-28,Bear Brook,mid,1,0.042,0.237,-2.111
2006-08-28,Bear Brook,mid,2,0.056,0.452,-1.522
2006-08-28,Bear Brook,mid,3,0.059,0.88,-2.529
2006-08-28,W1,spruce/fir,1,0.049,-0.347,-1.163
2006-08-28,W1,spruce/fir,2,0.046,-0.295,-0.311
2006-08-28,W1,spruce/fir,3,0.042,0.738,-0.815
2006-08-28,W1,high,1,0.042,-0.105,-1.644
2006-08-28,W1,high,2,0.049,-0.525,-0.947
2006-08-28,W1,high,3,0.03,0.062,-0.577
2006-08-28,W1,low,1,0.036,-0.464,-0.819
2006-08-28,W1,low,2,0.048,-0.089,-1.232
2006-08-28,W1,low,3,0.059,-0.504,-1.48
2006-08-28,W1,mid,1,0.033,0.074,-1.07
2006-08-28,W1,mid,2,0.034,0.482,-1.526
2006-08-28,W1,mid,3,0.038,-0.239,-1.621
2007-05-27,Bear Brook,spruce/fir,1,0.011,0.12,-0.731
2007-05-27,Bear Brook,spruce/fir,2,0.009,0.05,-0.695
2007-05-27,Bear Brook,spruce/fir,3,0.01,0.604,-0.289
2007-05-27,Bear Brook,high,1,0.011,0.222,-1.629
2007-05-27,Bear Brook,high,2,0.015,0.065,-1.659
2007-05-27,Bear Brook,high,3,0.011,0.13,-1.329
2007-05-27,Bear Brook,mid,1,0.01,0,-2.074
2007-05-27,Bear Brook,mid,2,0.007,0.2,-1.302
2007-05-27,Bear Brook,mid,3,0.012,-0.082,-1.917
2007-05-27,Bear Brook,low,1,0.007,0.257,-0.97
2007-05-27,Bear Brook,low,2,0.013,-0.068,0.2
2007-05-27,Bear Brook,low,3,0.012,0.176,-1.372
2007-05-27,W1,spruce/fir,1,0.002,-0.261,-1.077
2007-05-27,W1,spruce/fir,2,0.005,0.207,-0.322
2007-05-27,W1,spruce/fir,3,0.005,0.131,-0.416
2007-05-27,W1,high,1,0.005,-0.237,-0.678
2007-05-27,W1,high,2,0.011,-0.097,-0.854
2007-05-27,W1,high,3,0.005,0.361,0.052
2007-05-27,W1,mid,1,0.015,-0.511,-1.315
2007-05-27,W1,mid,2,0.01,0.032,-1.763
2007-05-27,W1,mid,3,0.009,-0.328,-2.195
2007-05-27,W1,low,1,0.01,0.085,-0.49
2007-05-27,W1,low,2,0.01,0,-0.846
2007-05-27,W1,low,3,0.006,-0.151,-1.557
2007-06-21,Bear Brook,spruce/fir,1,0.009,-0.155,-0.51
2007-06-21,Bear Brook,spruce/fir,2,0.012,0.099,-0.251
2007-06-21,Bear Brook,spruce/fir,3,0.013,0.121,-0.303
2007-06-21,Bear Brook,high,1,0.021,-0.175,-2.013
2007-06-21,Bear Brook,high,2,0.025,-0.262,-1.908
2007-06-21,Bear Brook,high,3,0.019,0.276,-1.051
2007-06-21,Bear Brook,mid,1,0.012,0.014,-1.957
2007-06-21,Bear Brook,mid,2,0.02,0.086,-1.463
2007-06-21,Bear Brook,mid,3,0.02,-0.686,-2.261
2007-06-21,Bear Brook,low,1,0.04,0.069,-0.796
2007-06-21,Bear Brook,low,2,0.018,0.478,-0.02
2007-06-21,Bear Brook,low,3,0.016,-0.126,-1.279
2007-06-21,W1,spruce/fir,1,0.006,-0.353,-0.628
2007-06-21,W1,spruce/fir,2,0.005,0.413,-1.265
2007-06-21,W1,spruce/fir,3,0.007,-0.246,-0.89
2007-06-21,W1,high,1,0.014,0.19,-1.473
2007-06-21,W1,high,2,0.023,0,-1.227
2007-06-21,W1,high,3,0.011,0.266,-1.266
2007-06-21,W1,mid,1,0.013,0.335,-1.658
2007-06-21,W1,mid,2,0.017,-0.032,-1.507
2007-06-21,W1,mid,3,0.005,0.382,-2.521
2007-06-21,W1,low,1,0.022,0.34,-1.014
2007-06-21,W1,low,2,0.026,-0.07,-1.379
2007-06-21,W1,low,3,0.025,0.067,-1.72
2007-07-16,Bear Brook,spruce/fir,1,0.012,0.774,-0.423
2007-07-16,Bear Brook,spruce/fir,2,0.025,0.974,-0.992
2007-07-16,Bear Brook,spruce/fir,3,0.025,2.466,-0.061
2007-07-16,Bear Brook,high,1,0.033,0.127,-1.635
2007-07-16,Bear Brook,high,2,0.032,0.098,-1.627
2007-07-16,Bear Brook,high,3,0.027,0.616,-1.721
2007-07-16,Bear Brook,mid,1,0.009,0.191,-1.904
2007-07-16,Bear Brook,mid,2,0.027,0.1,-1.368
2007-07-16,Bear Brook,mid,3,0.026,0.392,-2.261
2007-07-16,Bear Brook,low,1,0.039,0.137,-0.716
2007-07-16,Bear Brook,low,2,0.021,0.068,-0.053
2007-07-16,Bear Brook,low,3,0.024,-0.076,-1.721
2007-07-16,W1,spruce/fir,1,0.03,0.521,-0.514
2007-07-16,W1,spruce/fir,2,0.025,0.175,-0.397
2007-07-16,W1,spruce/fir,3,0.045,0.164,-0.013
2007-07-16,W1,high,1,0.018,0,-1.479
2007-07-16,W1,high,2,0.037,-0.211,-0.797
2007-07-16,W1,high,3,0.023,0.323,-0.644
2007-07-16,W1,mid,1,0.027,0.048,-1.496
2007-07-16,W1,mid,2,0.033,0.048,-1.557
2007-07-16,W1,mid,3,0.032,-0.127,-2.251
2007-07-16,W1,low,1,0.026,0.594,-1.06
2007-07-16,W1,low,2,0.039,0.297,-1.242
2007-07-16,W1,low,3,0.024,0,-1.23
2007-08-26,Bear Brook,spruce/fir,1,0.037,0.464,-1.308
2007-08-26,Bear Brook,spruce/fir,2,0.03,0.512,-1.127
2007-08-26,Bear Brook,spruce/fir,3,0.033,2.604,-0.424
2007-08-26,Bear Brook,high,1,0.034,-0.048,-1.654
2007-08-26,Bear Brook,high,2,0.048,0.589,-1.672
2007-08-26,Bear Brook,high,3,0.041,0.276,-1.665
2007-08-26,Bear Brook,mid,1,0.028,-0.3,-1.297
2007-08-26,Bear Brook,mid,2,0.022,-0.228,-1.101
2007-08-26,Bear Brook,mid,3,0.028,0.131,-1.414
2007-08-26,Bear Brook,low,1,0.071,-0.857,-0.91
2007-08-26,Bear Brook,low,2,0.041,0.273,0.113
2007-08-26,Bear Brook,low,3,0.031,-0.025,-1.667
2007-08-26,W1,spruce/fir,1,0.03,0.521,-1.184
2007-08-26,W1,spruce/fir,2,0.026,0.091,-0.502
2007-08-26,W1,spruce/fir,3,0.033,0.246,-0.32
2007-08-26,W1,high,1,0.038,1.027,-2.002
2007-08-26,W1,high,2,0.034,0,-1.062
2007-08-26,W1,high,3,0.019,-0.854,-0.94
2007-08-26,W1,mid,1,0.036,-0.431,-1.178
2007-08-26,W1,mid,2,0.033,0.417,-1.557
2007-08-26,W1,mid,3,0.033,0.055,-1.932
2007-08-26,W1,low,1,0.041,0.425,-1.458
2007-08-26,W1,low,2,0.044,-0.087,-1.556
2007-08-26,W1,low,3,0.057,-0.101,-2.257
2007-10-03,Bear Brook,spruce/fir,1,0.031,-0.327,-0.792
2007-10-03,Bear Brook,spruce/fir,2,0.03,-0.528,-0.876
2007-10-03,Bear Brook,spruce/fir,3,0.028,0.103,-0.256
2007-10-03,Bear Brook,high,1,0.041,-0.254,-2.422
2007-10-03,Bear Brook,high,2,0.045,0.801,-1.946
2007-10-03,Bear Brook,high,3,0.039,0.195,-2.025
2007-10-03,Bear Brook,mid,1,0.027,0.095,-2.398
2007-10-03,Bear Brook,mid,2,0.041,-0.299,-2.67
2007-10-03,Bear Brook,mid,3,0.027,0.229,-2.152
2007-10-03,Bear Brook,low,1,0.05,-0.069,-0.983
2007-10-03,Bear Brook,low,2,0.044,-0.051,-0.533
2007-10-03,Bear Brook,low,3,0.032,0.063,-1.588
2007-10-03,W1,spruce/fir,1,0.032,0.291,-0.813
2007-10-03,W1,spruce/fir,2,0.019,0.397,-0.502
2007-10-03,W1,spruce/fir,3,0.02,-0.411,-0.205
2007-10-03,W1,high,1,0.026,-0.932,-1.842
2007-10-03,W1,high,2,0.035,-0.34,-1.517
2007-10-03,W1,high,3,0.022,0.228,-2.022
2007-10-03,W1,mid,1,0.026,-0.016,-1.689
2007-10-03,W1,mid,2,0.034,0.192,-1.775
2007-10-03,W1,mid,3,0.034,0.583,-3.303
2007-10-03,W1,low,1,0.031,0.391,-0.49
2007-10-03,W1,low,2,0.054,0.14,-1.877
2007-10-03,W1,low,3,0.031,0.184,-1.943
2008-05-16,Bear Brook,spruce/fir,1,0.004,0.238,-0.239
2008-05-16,Bear Brook,spruce/fir,2,0.007,-0.469,-0.478
2008-05-16,Bear Brook,spruce/fir,3,0.004,-1.867,-0.292
2008-05-16,Bear Brook,high,1,0.008,-0.188,-1.679
2008-05-16,Bear Brook,high,2,0.009,1.366,-1.39
2008-05-16,Bear Brook,high,3,0.007,-0.329,-1.319
2008-05-16,Bear Brook,mid,1,0.005,-0.126,-1.851
2008-05-16,Bear Brook,mid,2,0.012,0.18,-1.976
2008-05-16,Bear Brook,mid,3,0.011,0.207,-2.022
2008-05-16,Bear Brook,low,1,0.011,0.207,-0.547
2008-05-16,Bear Brook,low,2,0.015,-0.113,-0.294
2008-05-16,Bear Brook,low,3,0.007,-0.755,-1.349
2008-05-16,W1,spruce/fir,1,0.004,-0.174,-1.584
2008-05-16,W1,spruce/fir,2,0.003,0.571,-0.725
2008-05-16,W1,spruce/fir,3,0.007,0.427,-0.465
2008-05-16,W1,high,1,0.004,0.856,-0.718
2008-05-16,W1,high,2,0.004,-0.073,-0.724
2008-05-16,W1,high,3,0.004,-0.296,-1.636
2008-05-16,W1,mid,1,0.005,0.82,-2.237
2008-05-16,W1,mid,2,0.004,0.055,-0.839
2008-05-16,W1,mid,3,0.01,-0.359,-1.82
2008-05-16,W1,low,1,0.005,-0.212,-0.807
2008-05-16,W1,low,2,0.008,0.476,-1.567
2008-05-16,W1,low,3,0.006,0.349,-1.518
2008-07-11,Bear Brook,spruce/fir,1,0.012,0.293,-1.353
2008-07-11,Bear Brook,spruce/fir,2,0.01,-0.209,-1.137
2008-07-11,Bear Brook,spruce/fir,3,0.006,-0.645,-0.586
2008-07-11,Bear Brook,high,1,0.028,1.346,-2
2008-07-11,Bear Brook,high,2,0.034,0.486,-2.16
2008-07-11,Bear Brook,high,3,0.017,1.366,-1.651
2008-07-11,Bear Brook,mid,1,0.012,0.17,-1.801
2008-07-11,Bear Brook,mid,2,0.016,-0.227,-0.684
2008-07-11,Bear Brook,mid,3,0.014,0.78,-1.774
2008-07-11,Bear Brook,low,1,0.037,0.009,-0.616
2008-07-11,Bear Brook,low,2,-0.007,-0.918,-0.023
2008-07-11,Bear Brook,low,3,0.011,-0.213,-1.784
2008-07-11,W1,spruce/fir,1,0.017,0.229,-1.217
2008-07-11,W1,spruce/fir,2,0.006,2.28,-0.884
2008-07-11,W1,spruce/fir,3,0.011,-0.03,-0.887
2008-07-11,W1,high,1,0.021,0.807,-1.356
2008-07-11,W1,high,2,0.005,0.096,-1.555
2008-07-11,W1,high,3,0.009,-0.5,-1.345
2008-07-11,W1,mid,1,0.015,0.801,-1.205
2008-07-11,W1,mid,2,0.01,0.136,-1.241
2008-07-11,W1,mid,3,0.013,0.686,-1.631
2008-07-11,W1,low,1,0.015,1.286,-0.641
2008-07-11,W1,low,2,0.041,-0.492,-1.75
2008-07-11,W1,low,3,0.048,1.232,-1.42
2008-08-19,Bear Brook,spruce/fir,1,0.015,2.822,-0.323
2008-08-19,Bear Brook,spruce/fir,2,0.016,1.672,-0.378
2008-08-19,Bear Brook,spruce/fir,3,0.013,-0.264,-0.662
2008-08-19,Bear Brook,high,1,0.025,0.054,-1.717
2008-08-19,Bear Brook,high,2,0.048,0.699,-2.663
2008-08-19,Bear Brook,high,3,0.015,0.129,-1.469
2008-08-19,Bear Brook,mid,1,0.027,0.104,-1.743
2008-08-19,Bear Brook,mid,2,0.02,-0.269,-1.082
2008-08-19,Bear Brook,mid,3,0.02,1.166,-0.92
2008-08-19,Bear Brook,low,1,0.106,0.843,-0.47
2008-08-19,Bear Brook,low,2,0.078,-2.363,0.043
2008-08-19,Bear Brook,low,3,0.055,-0.271,-1.122
2008-08-19,W1,spruce/fir,1,0.025,0.248,-0.851
2008-08-19,W1,spruce/fir,2,0.026,0.723,-0.312
2008-08-19,W1,spruce/fir,3,0.013,0.025,-0.038
2008-08-19,W1,high,1,0.009,1.102,-0.942
2008-08-19,W1,high,2,0.023,0.473,-0.995
2008-08-19,W1,high,3,0.012,0.963,-0.325
2008-08-19,W1,mid,1,0.027,0.909,-1.4
2008-08-19,W1,mid,2,0.019,0.969,-1.636
2008-08-19,W1,mid,3,0.04,1.324,-1.824
2008-08-19,W1,low,1,0.031,0.712,-0.642
2008-08-19,W1,low,2,0.038,0.431,-1.606
2008-08-19,W1,low,3,0.038,-0.024,-1.399
2008-10-02,Bear Brook,high,1,0.012,-1.115,-2.075
2008-10-02,Bear Brook,high,2,0.041,0.808,-1.329
2008-10-02,Bear Brook,high,3,0.02,-0.99,-0.652
2008-10-02,Bear Brook,mid,1,0.017,0.229,-2.039
2008-10-02,Bear Brook,mid,2,0.033,-0.598,-1.215
2008-10-02,Bear Brook,mid,3,0.014,-1.15,0.656
2008-10-02,W1,mid,1,0.019,-1.11,-1.703
2008-10-02,W1,mid,2,0.033,-1.005,0.111
2008-10-02,W1,mid,3,-0.005,-0.352,-2.495
2008-10-02,W1,low,1,0.031,1.18,-1.718
2008-10-02,W1,low,2,0.035,1.25,-1.369
2008-10-02,W1,low,3,0.034,-0.305,-0.233
2009-07-13,Bear Brook,spruce/fir,1,0.024,1.176,-0.47
2009-07-13,Bear Brook,spruce/fir,2,0.033,1.008,-0.497
2009-07-13,Bear Brook,spruce/fir,3,0.018,0.14,-0.117
2009-07-13,Bear Brook,high,1,0.051,0.146,-1.862
2009-07-13,Bear Brook,high,2,0.051,0.469,-1.521
2009-07-13,Bear Brook,high,3,0.046,0.034,-1.451
2009-07-13,Bear Brook,mid,1,0.034,-0.094,-2.021
2009-07-13,Bear Brook,mid,2,0.043,0.126,-1.459
2009-07-13,Bear Brook,mid,3,0.046,0.59,-1.963
2009-07-13,Bear Brook,low,1,0.059,0.226,-0.339
2009-07-13,Bear Brook,low,2,0.05,-0.013,0.268
2009-07-13,Bear Brook,low,3,0.046,-0.107,-1.275
2009-07-13,W1,spruce/fir,1,0.014,0.559,-0.806
2009-07-13,W1,spruce/fir,2,0.011,0.179,-0.081
2009-07-13,W1,spruce/fir,3,0.011,0.338,-0.465
2009-07-13,W1,high,1,0.012,0.181,-0.543
2009-07-13,W1,high,2,0.021,1.269,-0.927
2009-07-13,W1,high,3,0.015,0.862,-0.508
2009-07-13,W1,mid,1,0.016,0.25,-1.895
2009-07-13,W1,mid,2,0.022,0.604,-1.469
2009-07-13,W1,mid,3,0.024,0.596,-1.491
2009-07-13,W1,low,1,0.032,-0.532,-1.546
2009-07-13,W1,low,2,0.043,1.05,-1.868
2009-07-13,W1,low,3,0.038,-0.019,-1.29
2010-06-08,Bear Brook,spruce/fir,1,0.034,-0.052,-0.595
2010-06-08,Bear Brook,spruce/fir,2,0.031,-0.016,-0.587
2010-06-08,Bear Brook,spruce/fir,3,0.025,0.084,-0.152
2010-06-08,Bear Brook,high,1,0.061,0.084,-1.521
2010-06-08,Bear Brook,high,2,0.07,0.17,-1.58
2010-06-08,Bear Brook,high,3,0.046,0.126,-1.198
2010-06-08,Bear Brook,mid,1,0.04,0.017,-1.563
2010-06-08,Bear Brook,mid,2,0.051,0,-1.26
2010-06-08,Bear Brook,mid,3,0.042,0.036,-1.438
2010-06-08,Bear Brook,low,1,0.07,0.015,-0.107
2010-06-08,Bear Brook,low,2,0.028,0.041,0.227
2010-06-08,Bear Brook,low,3,0.045,0.062,-1.103
2010-06-08,W1,high,1,0.044,0.064,-0.863
2010-06-08,W1,spruce/fir,1,0.022,0.018,-0.331
2010-06-08,W1,spruce/fir,2,0.058,0.095,-0.325
2010-06-08,W1,spruce/fir,3,0.033,0.177,-0.066
2010-06-08,W1,high,2,0.069,4.779,-1.719
2010-06-08,W1,high,3,0.021,0.086,-0.538
2010-06-08,W1,mid,1,0.047,0.082,-1.406
2010-06-08,W1,mid,2,0.057,0.246,-1.658
2010-06-08,W1,mid,3,0.045,0.023,-1.686
2010-06-08,W1,low,1,0.026,0.035,-0.164
2010-06-08,W1,low,2,0.065,0.466,-1.676
2010-06-08,W1,low,3,0.089,0.121,-0.87
2010-07-09,Bear Brook,spruce/fir,1,0.069,0.109,-1.217
2010-07-09,Bear Brook,spruce/fir,2,0.057,-0.016,-1.074
2010-07-09,Bear Brook,spruce/fir,3,0.042,0.102,-1.141
2010-07-09,Bear Brook,high,1,0.079,0.023,-1.677
2010-07-09,Bear Brook,high,2,0.116,0.226,-9999
2010-07-09,Bear Brook,high,3,0.084,0.256,-1.88
2010-07-09,Bear Brook,mid,1,0.048,0,-3.224
2010-07-09,Bear Brook,mid,2,0.078,0.086,-1.524
2010-07-09,Bear Brook,mid,3,0.062,0.005,-2.003
2010-07-09,Bear Brook,low,1,0.147,-0.044,-0.284
2010-07-09,Bear Brook,low,2,0.043,0.309,0.356
2010-07-09,Bear Brook,low,3,0.089,0.047,-1.393
2010-07-08,W1,spruce/fir,1,0.048,-0.018,-1.237
2010-07-08,W1,spruce/fir,2,0.022,-0.015,-1.291
2010-07-08,W1,spruce/fir,3,0.04,0.084,-0.707
2010-07-08,W1,high,1,0.045,-0.028,-1.906
2010-07-08,W1,high,2,0.051,0.599,-1.466
2010-07-08,W1,high,3,-0.019,0.065,-1.559
2010-07-08,W1,mid,1,0.05,0.008,-1.878
2010-07-08,W1,mid,2,0.083,0.017,-1.901
2010-07-08,W1,mid,3,0.073,0.119,-2.563
2010-07-08,W1,low,1,0.084,0.065,-1.237
2010-07-08,W1,low,2,0.089,0.065,-1.838
2010-07-08,W1,low,3,0.105,0.116,-2.098
2010-09-01,Bear Brook,spruce/fir,1,0.077,-0.01,-1.642
2010-09-01,Bear Brook,spruce/fir,2,0.083,-0.074,-1.155
2010-09-01,Bear Brook,spruce/fir,3,0.068,0.051,-1.359
2010-09-01,Bear Brook,high,1,0.108,0.033,-2.179
2010-09-01,Bear Brook,high,2,0.108,0.185,-2.504
2010-09-01,Bear Brook,high,3,0.111,0.102,-1.963
2010-09-01,Bear Brook,mid,1,0.046,-0.007,-3.018
2010-09-01,Bear Brook,mid,2,0.07,0.045,-2.359
2010-09-01,Bear Brook,mid,3,0.072,0.055,-2.079
2010-09-01,Bear Brook,low,1,0.172,0.132,-0.725
2010-09-01,Bear Brook,low,2,0.092,0.558,-0.209
2010-09-01,Bear Brook,low,3,0.094,0.008,-1.89
2010-09-01,W1,spruce/fir,1,0.054,0.027,-1.545
2010-09-01,W1,spruce/fir,2,0.05,0.04,-1.139
2010-09-01,W1,spruce/fir,3,0.065,0,-0.878
2010-09-01,W1,high,1,0.063,0.044,-1.618
2010-09-01,W1,high,2,0.047,0.005,-2.5
2010-09-01,W1,high,3,-0.007,-0.108,-0.555
2010-09-01,W1,mid,1,0.059,0.106,-1.653
2010-09-01,W1,mid,2,0.087,0.068,-1.958
2010-09-01,W1,mid,3,0.079,0.073,-2.193
2010-09-01,W1,low,1,0.083,0.239,-1.215
2010-09-01,W1,low,2,0.098,0.109,-1.958
2010-09-01,W1,low,3,0.098,0.134,-1.895
2010-10-29,Bear Brook,spruce/fir,1,0.022,0.073,-0.015
2010-10-29,Bear Brook,spruce/fir,2,0.019,-0.016,-0.595
2010-10-29,Bear Brook,spruce/fir,3,0.024,0.088,-0.114
2010-10-29,Bear Brook,high,1,0.024,-0.005,-1.557
2010-10-29,Bear Brook,high,2,0.051,0.087,-1.424
2010-10-29,Bear Brook,high,3,0.037,0.033,-1.057
2010-10-29,Bear Brook,mid,1,0.027,-0.021,-1.622
2010-10-29,Bear Brook,mid,2,0.033,0.019,-1.136
2010-10-29,Bear Brook,mid,3,0.024,0.064,-1.699
2010-10-29,Bear Brook,low,1,0.044,-0.025,-0.542
2010-10-29,Bear Brook,low,2,0.072,-0.066,0.136
2010-10-29,Bear Brook,low,3,0.037,0.008,-0.491
2010-10-29,W1,spruce/fir,1,0.023,-0.013,-0.751
2010-10-29,W1,spruce/fir,2,0.018,0.075,-0.463
2010-10-29,W1,spruce/fir,3,0.025,0.039,-0.202
2010-10-29,W1,high,1,0.023,0.004,-0.283
2010-10-29,W1,high,2,0.031,0.181,-0.768
2010-10-29,W1,high,3,0.032,0.103,-0.936
2010-10-29,W1,mid,1,0.025,0.045,-2.023
2010-10-29,W1,mid,2,0.029,0.267,-0.898
2010-10-29,W1,mid,3,0.041,0.128,-1.437
2010-10-29,W1,low,1,0.043,0.017,-0.827
2010-10-29,W1,low,2,0.053,-0.004,-1.526
2010-10-29,W1,low,3,0.05,0.056,-1.2
2011-06-01,Bear Brook,high,1,0.067,-0.034,-2.044
2011-06-01,Bear Brook,high,2,0.073,0.134,-1.631
2011-06-01,Bear Brook,high,3,0.065,0.171,-1.532
2011-06-01,Bear Brook,mid,1,0.052,0.017,-0.131
2011-06-01,Bear Brook,mid,2,0.036,0.017,-0.004
2011-06-01,Bear Brook,mid,3,0.047,0.008,-0.975
2011-06-01,Bear Brook,low,1,0.042,0.064,-2.104
2011-06-01,Bear Brook,low,2,0.051,0.057,-1.54
2011-06-01,Bear Brook,low,3,0.049,0.077,-1.832
2011-06-01,Bear Brook,spruce/fir,1,0.036,0.29,-0.293
2011-06-01,Bear Brook,spruce/fir,2,0.046,-0.042,-0.789
2011-06-01,Bear Brook,spruce/fir,3,0.037,-0.084,-0.026
2011-06-01,W1,high,1,0.06,0.225,-1.258
2011-06-01,W1,high,2,0.065,0.146,-0.958
2011-06-01,W1,high,3,0.043,0.061,-1.045
2011-06-01,W1,mid,1,0.075,0.026,-1.068
2011-06-01,W1,mid,2,0.097,0.213,-1.463
2011-06-01,W1,mid,3,0.1,0.126,-1.374
2011-06-01,W1,low,1,0.041,0.025,-1.375
2011-06-01,W1,low,2,0.048,1,-1.286
2011-06-01,W1,low,3,0.058,0.029,-1.854
2011-06-01,W1,spruce/fir,1,0.042,0.051,-0.907
2011-06-01,W1,spruce/fir,2,0.043,0.081,-0.511
2011-06-01,W1,spruce/fir,3,0.055,0.098,-0.573
2011-07-01,Bear Brook,high,1,0.095,-0.019,-2.19
2011-07-01,Bear Brook,high,2,0.095,0.127,-1.978
2011-07-01,Bear Brook,high,3,0.098,0.134,-1.791
2011-07-01,Bear Brook,mid,1,0.139,0.023,-0.548
2011-07-01,Bear Brook,mid,2,0.05,-0.008,-0.084
2011-07-01,Bear Brook,mid,3,0.077,-0.012,-1.456
2011-07-01,Bear Brook,low,1,0.053,-0.01,-2.28
2011-07-01,Bear Brook,low,2,0.066,0.059,-1.53
2011-07-01,Bear Brook,low,3,0.076,0.084,-2.047
2011-07-01,Bear Brook,spruce/fir,1,0.063,0.153,-1.08
2011-07-01,Bear Brook,spruce/fir,2,0.073,-0.032,-1.139
2011-07-01,Bear Brook,spruce/fir,3,0.058,-0.114,-0.313
2011-07-01,W1,high,1,0.079,0.014,-1.367
2011-07-01,W1,high,2,0.08,0.159,-1.363
2011-07-01,W1,high,3,0.036,0.127,-0.736
2011-07-01,W1,mid,1,0.085,0.05,-1.162
2011-07-01,W1,mid,2,0.093,-0.02,-1.747
2011-07-01,W1,mid,3,0.084,-0.001,-1.567
2011-07-01,W1,low,1,0.06,0.049,-1.812
2011-07-01,W1,low,2,0.073,1.027,-1.539
2011-07-01,W1,low,3,0.072,0.06,-2.196
2011-07-01,W1,spruce/fir,1,0.049,0.045,-1.566
2011-07-01,W1,spruce/fir,2,0.054,0.039,-0.749
2011-07-01,W1,spruce/fir,3,0.052,-0.021,-0.831
2012-07-13,Bear Brook,spruce/fir,1,0.045,0.07,-1.528
2012-07-13,Bear Brook,spruce/fir,2,0.025,-0.133,-0.175
2012-07-13,Bear Brook,spruce/fir,3,0.022,0.121,-0.609
2012-07-13,Bear Brook,high,1,0.034,-0.139,-0.234
2012-07-13,Bear Brook,high,2,0.051,0.02,-0.973
2012-07-13,Bear Brook,high,3,0.047,0.114,-0.345
2012-07-13,Bear Brook,mid,1,0.024,0.083,-3.568
2012-07-13,Bear Brook,mid,2,0.036,-0.118,-0.941
2012-07-13,Bear Brook,mid,3,0.033,0.085,-1.828
2012-07-13,Bear Brook,low,1,0.06,0.068,-0.117
2012-07-13,Bear Brook,low,2,0.022,0.184,0.08
2012-07-13,Bear Brook,low,3,0.031,0.088,-0.801
2012-07-13,W1,spruce/fir,1,0.024,0.027,-1.462
2012-07-13,W1,spruce/fir,2,0.016,0.128,-0.179
2012-07-13,W1,spruce/fir,3,0.029,-0.16,-0.524
2012-07-13,W1,high,1,0.021,-0.033,-0.782
2012-07-13,W1,high,2,0.024,-0.1,-1.001
2012-07-13,W1,high,3,0.005,0.089,0.253
2012-07-13,W1,mid,1,0.015,0.06,-1.716
2012-07-13,W1,mid,2,0.033,-0.013,-1.896
2012-07-13,W1,mid,3,0.035,0.038,-0.518
2012-07-13,W1,low,1,0.041,0.096,-1.383
2012-07-13,W1,low,2,0.045,0.103,-1.208
2012-07-13,W1,low,3,0.043,-0.156,-0.642
2013-07-12,Bear Brook,high,1,0.085,-0.511,-0.472
2013-07-12,Bear Brook,high,2,0.065,-0.051,-9999
2013-07-12,Bear Brook,high,3,-9999,-9999,0.254
2013-07-12,Bear Brook,low,1,0.087,-0.591,0.108
2013-07-12,Bear Brook,low,2,0.071,-1.057,0.711
2013-07-12,Bear Brook,low,3,0.032,-0.38,-0.509
2013-07-12,Bear Brook,mid,1,0.026,0.164,-1.351
2013-07-12,Bear Brook,mid,2,0.043,0.01,-0.7
2013-07-12,Bear Brook,mid,3,0.045,0.152,-0.935
2013-07-12,Bear Brook,spruce/fir,1,0.122,0.491,-0.094
2013-07-12,Bear Brook,spruce/fir,2,0.053,-1.244,-0.369
2013-07-12,Bear Brook,spruce/fir,3,0.074,0.247,-0.338
2013-07-18,W1,high,1,0.05,0.516,-0.508
2013-07-18,W1,high,2,0.043,-0.139,-0.406
2013-07-18,W1,high,3,0.081,0.287,-0.83
2013-07-18,W1,low,1,-9999,-9999,-9999
2013-07-18,W1,low,2,0.096,-0.549,-0.826
2013-07-18,W1,low,3,0.09,-0.664,-0.605
2013-07-18,W1,mid,1,0.045,-1.01,-0.67
2013-07-18,W1,mid,2,0.075,0.38,-1.137
2013-07-18,W1,mid,3,0.077,-0.109,-1.051
2013-07-18,W1,spruce/fir,1,0.044,-0.007,-0.764
2013-07-18,W1,spruce/fir,2,0.07,3.442,-0.253
2013-07-18,W1,spruce/fir,3,0.081,0.382,-0.399
2013-08-15,Bear Brook,high,1,0.019,0.234,-0.752
2013-08-15,Bear Brook,high,2,0.028,-0.309,-9999
2013-08-15,Bear Brook,high,3,0.036,0.436,-0.747
2013-08-15,Bear Brook,low,1,0.034,-0.189,0.108
2013-08-15,Bear Brook,low,2,0.024,0.333,0.711
2013-08-15,Bear Brook,low,3,0.026,0.281,-0.509
2013-08-15,Bear Brook,mid,1,0.027,-0.207,-1.351
2013-08-15,Bear Brook,mid,2,0.025,0.551,-0.7
2013-08-15,Bear Brook,mid,3,0.033,-0.386,-0.935
2013-08-15,Bear Brook,spruce/fir,1,0.054,0.208,-0.094
2013-08-15,Bear Brook,spruce/fir,2,-9999,-9999,-0.369
2013-08-15,Bear Brook,spruce/fir,3,0.032,-0.173,-0.457
2013-08-15,W1,high,1,0.028,-0.342,-0.508
2013-08-15,W1,high,2,0.015,-0.145,-0.406
2013-08-15,W1,high,3,0.037,-0.291,-0.83
2013-08-15,W1,low,1,-9999,-9999,-9999
2013-08-15,W1,low,2,0.049,0.418,-0.826
2013-08-15,W1,low,3,0.025,0.201,-0.605
2013-08-15,W1,mid,1,0.026,-0.165,-0.67
2013-08-15,W1,mid,2,0.031,0.067,-1.137
2013-08-15,W1,mid,3,0.03,0.343,-1.051
2013-08-15,W1,spruce/fir,1,0.047,-0.17,-0.764
2013-08-15,W1,spruce/fir,2,0.042,-0.714,-0.253
2013-08-15,W1,spruce/fir,3,0.045,-0.528,-0.399
2013-09-19,Bear Brook,high,1,0.038,-0.025,-0.992
2013-09-19,Bear Brook,high,2,0.035,-0.712,2.491
2013-09-19,Bear Brook,high,3,0.041,-0.365,-0.967
2013-09-19,Bear Brook,low,1,0.03,0.245,-0.247
2013-09-19,Bear Brook,low,2,0.015,-0.14,-0.126
2013-09-19,Bear Brook,low,3,0.032,-0.123,-0.619
2013-09-19,Bear Brook,mid,1,0.02,-0.162,-1.187
2013-09-19,Bear Brook,mid,2,0,-0.144,-0.843
2013-09-19,Bear Brook,mid,3,0.031,-0.516,-1.474
2013-09-19,Bear Brook,spruce/fir,1,0.021,0.005,-0.532
2013-09-19,Bear Brook,spruce/fir,2,0.032,-0.228,-0.447
2013-09-19,Bear Brook,spruce/fir,3,0.045,-0.122,-0.877
2013-09-19,W1,high,1,0.023,-0.289,-1.148
2013-09-19,W1,high,2,0.016,-0.484,-0.733
2013-09-19,W1,high,3,0.025,0.125,-1.747
2013-09-19,W1,low,1,0.026,0.201,-0.629
2013-09-19,W1,low,2,0.036,0.101,-1.142
2013-09-19,W1,low,3,0.032,-0.751,-1.146
2013-09-19,W1,mid,1,0.024,-0.403,-1.286
2013-09-19,W1,mid,2,0.027,-0.223,-1.304
2013-09-19,W1,mid,3,0.028,-0.082,-1.833
2013-09-19,W1,spruce/fir,1,0.023,0.013,-1.075
2013-09-19,W1,spruce/fir,2,0.03,0.038,-0.627
2013-09-19,W1,spruce/fir,3,0.037,0.406,-0.254
2013-10-23,Bear Brook,high,1,0.009,0.183,-1.198
2013-10-23,Bear Brook,high,2,0.024,-0.128,-0.882
2013-10-23,Bear Brook,high,3,0.016,-0.287,-0.761
2013-10-23,Bear Brook,low,1,0.022,-0.174,-0.052
2013-10-23,Bear Brook,low,2,0.015,0.578,-0.048
2013-10-23,Bear Brook,low,3,0.022,0.173,-0.918
2013-10-23,Bear Brook,mid,1,0.011,0.167,-1.475
2013-10-23,Bear Brook,mid,2,0.022,-0.19,-1.061
2013-10-23,Bear Brook,mid,3,0.026,0.241,-1.289
2013-10-23,Bear Brook,spruce/fir,1,0.008,0.344,0.034
2013-10-23,Bear Brook,spruce/fir,2,0.008,-0.605,0.296
2013-10-23,Bear Brook,spruce/fir,3,0.01,-0.065,-0.465
2013-10-24,W1,high,1,0.022,-0.102,-0.418
2013-10-24,W1,high,2,0.008,0.724,0.445
2013-10-24,W1,high,3,0.031,-0.537,-1.394
2013-10-24,W1,low,1,0.017,-0.01,-0.285
2013-10-24,W1,low,2,0.015,0.266,-1.114
2013-10-24,W1,low,3,0.019,-0.154,-1.796
2013-10-24,W1,mid,1,0.012,0.272,-0.522
2013-10-24,W1,mid,2,0.007,-0.123,-0.398
2013-10-24,W1,mid,3,0.024,-0.1,-0.562
2013-10-24,W1,spruce/fir,1,0.015,0.258,-9999
2013-10-24,W1,spruce/fir,2,0.029,-0.529,-0.452
2013-10-24,W1,spruce/fir,3,0.028,-0.14,-0.511
2014-06-15,Bear Brook,high,1,0.017,0.103,-0.806
2014-06-15,Bear Brook,high,2,0.028,-0.323,-1.201
2014-06-15,Bear Brook,high,3,0.045,0.247,-1.761
2014-06-15,Bear Brook,low,1,0.024,-0.785,0.459
2014-06-15,Bear Brook,low,2,0.027,-0.115,-0.738
2014-06-15,Bear Brook,low,3,0.008,0.147,-1.34
2014-06-15,Bear Brook,mid,1,0.016,0.424,-0.584
2014-06-15,Bear Brook,mid,2,0.016,0.149,-0.741
2014-06-15,Bear Brook,mid,3,0.013,-0.143,-0.758
2014-06-15,Bear Brook,spruce/fir,1,0.009,-0.579,-1.375
2014-06-15,Bear Brook,spruce/fir,2,0.009,-0.151,-0.527
2014-06-15,Bear Brook,spruce/fir,3,0.004,-0.089,-9999
2014-06-15,W1,high,1,0.013,0.011,-0.748
2014-06-15,W1,high,2,0.022,0.204,-0.464
2014-06-15,W1,high,3,0.007,-0.13,0.821
2014-06-15,W1,low,1,0.041,0.751,-0.137
2014-06-15,W1,low,2,0.045,-0.337,-1.368
2014-06-15,W1,low,3,0.04,-0.077,-1.297
2014-06-15,W1,mid,1,0.02,0.062,-0.531
2014-06-15,W1,mid,2,0.024,-0.13,-1.132
2014-06-15,W1,mid,3,0.028,-0.361,-1.383
2014-06-15,W1,spruce/fir,1,0.018,-0.206,-1.004
2014-06-15,W1,spruce/fir,2,0.011,0.156,-0.771
2014-06-15,W1,spruce/fir,3,0.028,-0.012,-0.441
2014-07-17,Bear Brook,high,1,0.025,-0.049,-1.326
2014-07-17,Bear Brook,high,2,0.01,0.375,-1.491
2014-07-17,Bear Brook,high,3,0.052,-0.209,-0.779
2014-07-17,Bear Brook,low,1,0.033,0.072,-0.147
2014-07-17,Bear Brook,low,2,0.069,0.917,0.217
2014-07-17,Bear Brook,low,3,0.034,0.073,-0.206
2014-07-17,Bear Brook,mid,1,0.035,0.302,-1.129
2014-07-17,Bear Brook,mid,2,0.038,-0.395,-0.718
2014-07-17,Bear Brook,mid,3,0.021,-0.125,-0.637
2014-07-17,Bear Brook,spruce/fir,1,0.029,0.695,0.979
2014-07-17,Bear Brook,spruce/fir,2,0.047,-0.33,-0.022
2014-07-17,Bear Brook,spruce/fir,3,0.042,1.272,-0.206
2014-07-18,W1,high,1,0.029,-0.039,-0.601
2014-07-18,W1,high,2,0.036,0.487,-0.707
2014-07-18,W1,high,3,0.031,-0.365,-0.07
2014-07-18,W1,low,1,0.033,0.21,-0.577
2014-07-18,W1,low,2,0.043,-0.603,0.147
2014-07-18,W1,low,3,0.022,0.263,0.199
2014-07-18,W1,mid,1,0.013,0.127,-0.305
2014-07-18,W1,mid,2,0.027,0.514,-0.854
2014-07-18,W1,mid,3,0.042,0.543,-1.32
2014-07-18,W1,spruce/fir,1,0.004,-0.67,0.058
2014-07-18,W1,spruce/fir,2,0.044,-0.907,0.019
2014-07-18,W1,spruce/fir,3,0.041,0.183,-0.537
2014-08-28,Bear Brook,high,1,0.053,-0.359,-0.9
2014-08-28,Bear Brook,high,2,0.051,0.385,-0.419
2014-08-28,Bear Brook,high,3,0.052,-0.099,-0.276
2014-08-28,Bear Brook,low,1,0.055,0.269,1.077
2014-08-28,Bear Brook,low,2,0.034,-0.612,1.127
2014-08-28,Bear Brook,low,3,0.04,-0.799,-0.739
2014-08-28,Bear Brook,mid,1,0.019,-0.584,-0.887
2014-08-28,Bear Brook,mid,2,0.029,-0.466,-0.861
2014-08-28,Bear Brook,mid,3,0.031,-0.728,-1.23
2014-08-28,Bear Brook,spruce/fir,1,0.022,-0.4,-0.671
2014-08-28,Bear Brook,spruce/fir,2,0.029,0.014,0.541
2014-08-28,Bear Brook,spruce/fir,3,0.035,0.152,-1.41
2014-08-29,W1,high,1,0.022,0.072,-0.404
2014-08-29,W1,high,2,0.023,-0.097,-0.736
2014-08-29,W1,high,3,0.014,0.132,-0.364
2014-08-29,W1,low,1,0.013,0.052,-1.106
2014-08-29,W1,low,2,0.032,-0.274,-1.145
2014-08-29,W1,low,3,0.036,-0.669,-0.025
2014-08-29,W1,mid,1,0.024,-0.388,-0.735
2014-08-29,W1,mid,2,0.031,-0.039,-1.257
2014-08-29,W1,mid,3,0.024,-0.298,-1.593
2014-08-29,W1,spruce/fir,1,0.017,0.326,-0.89
2014-08-29,W1,spruce/fir,2,0.019,-0.426,-0.467
2014-08-29,W1,spruce/fir,3,0.037,0.415,-0.691
2014-10-02,Bear Brook,high,1,0.036,-0.178,-0.008
2014-10-02,Bear Brook,high,2,0.045,-0.128,-0.006
2014-10-02,Bear Brook,high,3,0.046,-0.175,-0.008
2014-10-02,Bear Brook,low,1,0.047,-0.111,-0.005
2014-10-02,Bear Brook,low,2,0.042,0.471,0.022
2014-10-02,Bear Brook,low,3,0.018,0.017,0.001
2014-10-02,Bear Brook,mid,1,0.026,-0.278,-0.013
2014-10-02,Bear Brook,mid,2,0.027,-0.27,-0.013
2014-10-02,Bear Brook,mid,3,0.032,-0.124,-0.006
2014-10-02,Bear Brook,spruce/fir,1,0.018,0.152,0.007
2014-10-02,Bear Brook,spruce/fir,2,0.027,-0.096,-0.004
2014-10-02,Bear Brook,spruce/fir,3,0.039,0.087,0.004
2014-10-03,W1,high,1,0.018,-0.33,-0.015
2014-10-03,W1,high,2,0.013,-0.59,-0.027
2014-10-03,W1,high,3,0.007,-0.382,-0.018
2014-10-03,W1,low,1,0.03,-0.448,-0.021
2014-10-03,W1,low,2,0.026,0.306,0.014
2014-10-03,W1,low,3,0.025,-0.19,-0.009
2014-10-03,W1,mid,1,0.016,-0.274,-0.013
2014-10-03,W1,mid,2,0.027,-0.183,-0.008
2014-10-03,W1,mid,3,0.023,0.228,0.011
2014-10-03,W1,spruce/fir,1,0.022,-0.441,-0.02
2014-10-03,W1,spruce/fir,2,0.018,-0.212,-0.01
2014-10-03,W1,spruce/fir,3,0.003,-0.088,-0.004
2014-11-06,Bear Brook,high,1,0,0.123,-1.005
2014-11-06,Bear Brook,high,2,0.001,0.19,-0.809
2014-11-06,Bear Brook,high,3,0.006,0.098,-1.082
2014-11-06,Bear Brook,low,1,0.003,-0.004,-0.106
2014-11-06,Bear Brook,low,2,0.011,0.047,0.502
2014-11-06,Bear Brook,low,3,0.019,-0.238,-0.828
2014-11-06,Bear Brook,mid,1,0.009,0.08,-1.172
2014-11-06,Bear Brook,mid,2,0,-0.04,-1.013
2014-11-06,Bear Brook,mid,3,0.011,0.153,-1.503
2014-11-06,Bear Brook,spruce/fir,1,0.017,0.35,-0.865
2014-11-06,Bear Brook,spruce/fir,2,0.005,-0.453,-0.729
2014-11-06,Bear Brook,spruce/fir,3,0.023,-0.188,-0.514
2014-11-06,W1,high,1,0.019,0.371,-0.201
2014-11-06,W1,high,2,0,-0.237,-0.415
2014-11-06,W1,high,3,0.013,0.476,-0.87
2014-11-06,W1,low,1,0,-0.407,-0.483
2014-11-06,W1,low,2,0.001,-0.173,-0.094
2014-11-06,W1,low,3,0.004,0.476,-0.875
2014-11-06,W1,mid,1,0,-0.035,-1.268
2014-11-06,W1,mid,2,0.007,-0.273,-1.209
2014-11-06,W1,mid,3,0.013,0.439,-1.014
2014-11-06,W1,spruce/fir,1,0.001,0.577,-0.625
2014-11-06,W1,spruce/fir,2,0,-0.066,-0.408
2014-11-06,W1,spruce/fir,3,0.03,-0.074,-0.122
2015-06-11,Bear Brook,high,1,0.016,-0.72,-1.502
2015-06-11,Bear Brook,high,2,0,-0.052,-0.639
2015-06-11,Bear Brook,high,3,0,-0.047,0.146
2015-06-11,Bear Brook,low,1,0.056,0.431,0.88
2015-06-11,Bear Brook,low,2,0.035,-0.038,0.048
2015-06-11,Bear Brook,low,3,0.032,-0.142,0.169
2015-06-11,Bear Brook,mid,1,0.036,0.339,-0.615
2015-06-11,Bear Brook,mid,2,0.027,-0.336,-1.142
2015-06-11,Bear Brook,mid,3,0.031,-1.775,-2.44
2015-06-11,Bear Brook,spruce/fir,1,0,-0.052,0.52
2015-06-11,Bear Brook,spruce/fir,2,0,-0.053,-0.518
2015-06-11,Bear Brook,spruce/fir,3,0,-0.047,-0.578
2015-06-11,W1,high,1,0.024,0.488,-1.775
2015-06-11,W1,high,2,0.006,0.223,-0.022
2015-06-11,W1,high,3,0.018,0.902,-0.856
2015-06-11,W1,low,1,0.028,-0.141,-0.832
2015-06-11,W1,low,2,0.035,0.375,-1.203
2015-06-11,W1,low,3,0.022,-2.242,-1.252
2015-06-11,W1,mid,1,0.015,-0.326,-1.981
2015-06-11,W1,mid,2,0.014,-0.987,-0.856
2015-06-11,W1,mid,3,0.027,0.101,-0.781
2015-06-11,W1,spruce/fir,1,0.009,0.027,-0.801
2015-06-11,W1,spruce/fir,2,0.034,-1.845,-0.431
2015-06-11,W1,spruce/fir,3,0.033,-0.887,0.217
2015-07-31,Bear Brook,high,1,0.063,1.168,0.054
2015-07-31,Bear Brook,high,2,0.053,0.102,0.005
2015-07-31,Bear Brook,high,3,0.037,-1.364,-0.063
2015-07-31,Bear Brook,low,1,0.078,4.485,0.208
2015-07-31,Bear Brook,low,2,0.071,-1.424,-0.066
2015-07-31,Bear Brook,low,3,0.034,4.216,0.195
2015-07-31,Bear Brook,mid,1,0.043,-1.714,-0.079
2015-07-31,Bear Brook,mid,2,0.049,-0.076,-0.004
2015-07-31,Bear Brook,mid,3,0.047,0.265,0.012
2015-07-31,Bear Brook,spruce/fir,1,0.004,-0.781,0.041
2015-07-31,Bear Brook,spruce/fir,2,0.019,-0.267,-0.012
2015-07-31,Bear Brook,spruce/fir,3,0.035,0.669,0.031
2015-08-01,W1,high,1,0.036,-0.314,-0.015
2015-08-01,W1,high,2,0.03,0.495,0.023
2015-08-01,W1,high,3,0.019,0.056,0.003
2015-08-01,W1,low,1,0.033,-0.017,-0.001
2015-08-01,W1,low,2,0.044,0.709,0.033
2015-08-01,W1,low,3,0.037,-0.454,-0.021
2015-08-01,W1,mid,1,0.019,-0.811,-0.038
2015-08-01,W1,mid,2,0.05,-0.293,-0.014
2015-08-01,W1,mid,3,0.034,-0.135,-0.006
2015-08-01,W1,spruce/fir,1,0.041,-0.137,-0.006
2015-08-01,W1,spruce/fir,2,0.037,1.206,0.056
2015-08-01,W1,spruce/fir,3,0.049,0.793,0.037
2015-09-05,Bear Brook,low,1,0.011,0.445,-1.839
2015-09-05,Bear Brook,low,2,0.012,-0.552,-2.458
2015-09-05,Bear Brook,low,3,0.006,-0.572,0.151
2015-09-05,Bear Brook,mid,1,0.011,-1.749,-1.772
2015-09-05,Bear Brook,mid,2,0.007,-2.029,-0.822
2015-09-05,Bear Brook,mid,3,0.001,1.173,-1.583
2015-09-05,Bear Brook,high,1,-0.002,-7.075,-1.098
2015-09-05,Bear Brook,high,2,0.003,-8.752,-0.764
2015-09-05,Bear Brook,high,3,0.006,-0.04,0.049
2015-09-05,Bear Brook,spruce/fir,1,0.009,3.1,-1.034
2015-09-05,Bear Brook,spruce/fir,2,0,-0.738,-0.284
2015-09-05,Bear Brook,spruce/fir,3,0.012,2.563,-1.11
2015-09-05,W1,low,1,0.019,0.612,0.197
2015-09-05,W1,low,2,-0.001,1.293,0.023
2015-09-05,W1,low,3,0.016,-0.529,-0.917
2015-09-05,W1,mid,1,0.005,-0.175,-1.581
2015-09-05,W1,mid,2,0.01,0.229,-0.962
2015-09-05,W1,mid,3,0.001,2.205,-1.538
2015-09-05,W1,high,1,0.01,-0.228,-2.138
2015-09-05,W1,high,2,0.018,-0.934,-1.925
2015-09-05,W1,high,3,-0.001,-2.05,-2.552
2015-09-05,W1,spruce/fir,1,0.002,0.194,0.037
2015-09-05,W1,spruce/fir,2,0.011,0.676,0.13
2015-09-05,W1,spruce/fir,3,-0.084,0.926,-0.835
2015-10-30,Bear Brook,low,1,0.023,0.324,-0.527
2015-10-30,Bear Brook,low,2,-0.004,0.242,-0.533
2015-10-30,Bear Brook,low,3,0.004,0.097,-0.874
2015-10-30,Bear Brook,mid,1,0.013,1.544,1.203
2015-10-30,Bear Brook,mid,2,-0.005,-0.348,-0.727
2015-10-30,Bear Brook,mid,3,0.006,1.139,-0.157
2015-10-30,Bear Brook,high,1,-0.004,0.965,-0.33
2015-10-30,Bear Brook,high,2,-0.002,2.059,-0.254
2015-10-30,Bear Brook,high,3,-0.003,1.554,-0.305
2015-10-30,Bear Brook,spruce/fir,1,0.009,1.109,-0.171
2015-10-30,Bear Brook,spruce/fir,2,0.009,1.926,0.379
2015-10-30,Bear Brook,spruce/fir,3,0.007,1.62,0.01
2015-10-28,W1,low,1,-0.002,-1.095,-0.467
2015-10-28,W1,low,2,-0.001,0.736,-0.068
2015-10-28,W1,low,3,0.003,0.939,-0.336
2015-10-28,W1,mid,1,0.003,0.557,-0.813
2015-10-28,W1,mid,2,0,-0.039,-0.818
2015-10-28,W1,mid,3,-0.001,-2.585,-0.329
2015-10-28,W1,high,1,0.005,0.191,0.217
2015-10-28,W1,high,2,0.001,-0.092,-0.5
2015-10-28,W1,high,3,-0.002,4.747,-0.343
2015-10-28,W1,spruce/fir,1,-0.009,1.103,-0.647
2015-10-28,W1,spruce/fir,2,0.001,-0.426,-0.198
2015-10-28,W1,spruce/fir,3,-0.003,-0.846,-0.366
2016-05-23,Bear Brook,low,1,0.055,1.023,-1.762
2016-05-23,Bear Brook,low,2,0.084,0.758,-3.829
2016-05-23,Bear Brook,low,3,0.039,0.53,-1.483
2016-05-23,Bear Brook,mid,1,0.029,0.702,-2.343
2016-05-23,Bear Brook,mid,2,0.04,1.43,-1.692
2016-05-23,Bear Brook,mid,3,0.046,-1.74,-2.603
2016-05-23,Bear Brook,high,1,0.044,-0.274,-1.49
2016-05-23,Bear Brook,high,2,0.061,1.327,-3.078
2016-05-23,Bear Brook,high,3,0.014,0.223,-1.074
2016-05-23,Bear Brook,spruce/fir,1,0.09,-0.316,-1.339
2016-05-23,Bear Brook,spruce/fir,2,0.094,-0.852,-1.251
2016-05-23,Bear Brook,spruce/fir,3,0.073,-0.25,-0.353
2016-05-23,W1,low,1,0.074,1.428,0.154
2016-05-23,W1,low,2,0.056,-0.47,0.514
2016-05-23,W1,low,3,0.051,-0.314,-1.516
2016-05-23,W1,mid,1,0.047,-0.918,-3.114
2016-05-23,W1,mid,2,-0.03,-0.095,-0.253
2016-05-23,W1,mid,3,0.053,1.857,-3.792
2016-05-23,W1,high,1,0.048,0.568,-1.329
2016-05-23,W1,high,2,0.033,-0.468,-0.719
2016-05-23,W1,high,3,0.107,0.598,-3.123
2016-05-23,W1,spruce/fir,1,0.051,-3.543,-1.892
2016-05-23,W1,spruce/fir,2,0.054,0.797,-1.132
2016-05-23,W1,spruce/fir,3,0.08,-1.836,-1.506
2016-06-30,Bear Brook,low,1,0.113,-0.313,-1.426
2016-06-30,Bear Brook,low,2,0.079,0.235,-2.758
2016-06-30,Bear Brook,low,3,0.027,-0.592,-1.107
2016-06-30,Bear Brook,mid,1,0.009,0.949,-0.737
2016-06-30,Bear Brook,mid,2,0.024,0.816,-0.629
2016-06-30,Bear Brook,mid,3,0.031,0.285,-0.944
2016-06-30,Bear Brook,high,1,0.025,-2.931,-0.774
2016-06-30,Bear Brook,high,2,0.023,1.727,-1.141
2016-06-30,Bear Brook,high,3,0.006,-10.917,-0.923
2016-06-30,Bear Brook,spruce/fir,1,0.03,3.921,-0.543
2016-06-30,Bear Brook,spruce/fir,2,0.028,9.731,-0.43
2016-06-30,Bear Brook,spruce/fir,3,0.01,2.554,-0.294
2016-06-29,W1,low,1,0.047,-2.664,-0.013
2016-06-29,W1,low,2,0.003,-0.732,-0.389
2016-06-29,W1,low,3,0.085,0.532,-1.772
2016-06-29,W1,mid,1,0.062,-0.798,-2.462
2016-06-29,W1,mid,2,0.061,0.748,-1.979
2016-06-29,W1,mid,3,0.05,3.067,-2.266
2016-06-29,W1,high,1,0.057,0.298,-2.776
2016-06-29,W1,high,2,0.069,0.594,-1.926
2016-06-29,W1,high,3,0.077,-0.986,-2.11
2016-06-29,W1,spruce/fir,1,0.01,2.923,-0.703
2016-06-29,W1,spruce/fir,2,0.032,-0.242,-0.929
2016-06-29,W1,spruce/fir,3,0.054,-5.992,-1.347
2016-09-23,Bear Brook,low,1,0.052,-1.684,-0.208
2016-09-23,Bear Brook,low,2,0.051,-1.386,-0.273
2016-09-23,Bear Brook,low,3,0.05,-0.447,-0.312
2016-09-23,Bear Brook,mid,1,0.024,0.784,-0.238
2016-09-23,Bear Brook,mid,2,0.035,3.348,-0.232
2016-09-23,Bear Brook,mid,3,0.042,2.098,-0.3
2016-09-23,Bear Brook,high,1,0.04,-9999,-0.525
2016-09-23,Bear Brook,high,2,0.065,0.297,-0.488
2016-09-23,Bear Brook,high,3,0.007,3.744,-0.093
2016-09-23,Bear Brook,spruce/fir,1,0.049,-0.231,-0.396
2016-09-23,Bear Brook,spruce/fir,2,0.032,-3.062,-0.246
2016-09-23,Bear Brook,spruce/fir,3,0.046,-0.117,-0.348
2016-09-23,W1,low,1,0.03,-0.541,-0.043
2016-09-23,W1,low,2,0.091,-4.56,-0.045
2016-09-23,W1,low,3,-9999,-9999,-9999
2016-09-23,W1,mid,1,-9999,-9999,-9999
2016-09-23,W1,mid,2,0.064,0.51,-0.049
2016-09-23,W1,mid,3,0.055,-9999,-0.111
2016-09-23,W1,high,1,0.054,-1.61,-0.123
2016-09-23,W1,high,2,0.066,-1.93,-0.136
2016-09-23,W1,high,3,0.095,-4.291,-0.315
2016-09-23,W1,spruce/fir,1,0.036,2.245,-0.081
2016-09-23,W1,spruce/fir,2,0.033,-6.095,-0.119
2016-09-23,W1,spruce/fir,3,0.072,-0.083,-0.306
2017-06-07,W1,high,1,0.071,-3.764,-1.149
2017-06-07,W1,high,2,0.038,0.007,-0.947
2017-06-07,W1,high,3,0.07,0.243,-2.871
2017-06-07,W1,low,1,0.008,0.148,-0.495
2017-06-07,W1,low,2,0.049,-0.068,-1.79
2017-06-07,W1,low,3,0.059,0.614,-2.695
2017-06-07,W1,mid,1,0.03,1.518,-2.137
2017-06-07,W1,mid,2,0.032,0.408,-1.678
2017-06-07,W1,mid,3,0.025,-0.221,-2.538
2017-06-07,W1,spruce/fir,1,0.052,-0.027,-3.051
2017-06-07,W1,spruce/fir,2,0.038,0.086,-2.094
2017-06-07,W1,spruce/fir,3,0.043,-0.018,-1.834
2017-08-29,W1,high,1,0.057,-0.386,-1.455
2017-08-29,W1,high,2,0.016,0.17,-1.181
2017-08-29,W1,high,3,0.03,0.198,-1.616
2017-08-29,W1,low,1,0.002,-0.158,0.33
2017-08-29,W1,low,2,0.032,-0.539,-2.232
2017-08-29,W1,low,3,0.032,-0.244,-1.931
2017-08-29,W1,mid,1,0.032,-0.342,-2.329
2017-08-29,W1,mid,2,0.019,0.064,-1.894
2017-08-29,W1,mid,3,0.01,0.003,-1.222
2017-08-29,W1,spruce/fir,1,0.032,-0.01,-2.92
2017-08-29,W1,spruce/fir,2,0.017,0.219,-0.509
2017-08-29,W1,spruce/fir,3,0.014,-0.016,-0.923
2017-10-03,W1,high,1,0.04,-0.061,-2.136
2017-10-03,W1,high,2,0.015,-0.121,-1.706
2017-10-03,W1,high,3,0.033,-0.426,-3.17
2017-10-03,W1,low,1,0.005,0.072,-0.218
2017-10-03,W1,low,2,0.036,0.295,-1.106
2017-10-03,W1,low,3,0.054,0.454,-3.208
2017-10-03,W1,mid,1,0.042,0.433,-1.212
2017-10-03,W1,mid,2,0.022,0.15,-2.738
2017-10-03,W1,mid,3,0.014,-0.148,-1.742
2017-10-03,W1,spruce/fir,1,0.028,0.361,-4.414
2017-10-03,W1,spruce/fir,2,0.022,-0.532,-1.926
2017-10-03,W1,spruce/fir,3,0.024,-0.011,-0.538
2017-11-07,W1,high,1,0.052,-1.224,-1.138
2017-11-07,W1,high,2,0.036,0.419,-2.056
2017-11-07,W1,high,3,0.04,0.762,-2.525
2017-11-07,W1,low,1,0.036,0.832,-0.902
2017-11-07,W1,low,2,0.045,-0.265,-1.953
2017-11-07,W1,low,3,0.034,0.325,-0.947
2017-11-07,W1,mid,1,0.029,0.773,-1.165
2017-11-07,W1,mid,2,0.021,-0.485,-0.793
2017-11-07,W1,mid,3,0.05,-0.099,-1.792
2017-11-07,W1,spruce/fir,1,0.07,-2.739,-1.531
2017-11-07,W1,spruce/fir,2,0.064,0.634,-0.515
2017-11-07,W1,spruce/fir,3,0.07,-0.241,-0.192
2017-06-08,Bear Brook,high,1,0.043,0.078,-0.837
2017-06-08,Bear Brook,high,2,0.06,0.12,-4.373
2017-06-08,Bear Brook,high,3,0.074,0.375,-3.066
2017-06-08,Bear Brook,low,1,0.089,0.289,-1.65
2017-06-08,Bear Brook,low,2,0.051,0.166,-0.57
2017-06-08,Bear Brook,low,3,0.09,0.157,-1.268
2017-06-08,Bear Brook,mid,1,0.056,-0.003,-1.232
2017-06-08,Bear Brook,mid,2,0.036,-0.064,-2.412
2017-06-08,Bear Brook,mid,3,0.047,0.13,-3.045
2017-06-08,Bear Brook,spruce/fir,1,0.051,-0.682,-2.948
2017-06-08,Bear Brook,spruce/fir,2,0.034,-0.72,-1.456
2017-06-08,Bear Brook,spruce/fir,3,0.046,-0.533,-1.016
2017-08-30,Bear Brook,high,1,0.017,-0.007,-0.568
2017-08-30,Bear Brook,high,2,0.042,0.137,-2.219
2017-08-30,Bear Brook,high,3,0.045,0.058,-3.482
2017-08-30,Bear Brook,low,1,0.068,0.036,-1.909
2017-08-30,Bear Brook,low,2,0.034,-0.032,0.462
2017-08-30,Bear Brook,low,3,0.047,-0.036,-0.054
2017-08-30,Bear Brook,mid,1,0.048,0.042,-1.86
2017-08-30,Bear Brook,mid,2,0.032,0.431,-2.407
2017-08-30,Bear Brook,mid,3,0.041,-0.021,-2.489
2017-08-30,Bear Brook,spruce/fir,1,0.037,-0.186,-2.065
2017-08-30,Bear Brook,spruce/fir,2,0.021,-0.108,-0.051
2017-08-30,Bear Brook,spruce/fir,3,0.034,-0.249,-1.914
2017-10-04,Bear Brook,high,1,0.027,0.055,-1.222
2017-10-04,Bear Brook,high,2,0.018,0.098,-3.065
2017-10-04,Bear Brook,high,3,0.036,0.108,-1.359
2017-10-04,Bear Brook,low,1,0.027,0.185,-2.407
2017-10-04,Bear Brook,low,2,0.032,1.082,0.773
2017-10-04,Bear Brook,low,3,0.03,0.006,-0.347
2017-10-04,Bear Brook,mid,1,0.026,0.233,-1.954
2017-10-04,Bear Brook,mid,2,0.029,-0.095,-2.42
2017-10-04,Bear Brook,mid,3,0.024,-0.451,-2.105
2017-10-04,Bear Brook,spruce/fir,1,0.02,-0.417,-2.747
2017-10-04,Bear Brook,spruce/fir,2,0.02,-0.592,0.627
2017-10-04,Bear Brook,spruce/fir,3,0.021,-0.705,-2.856
2017-11-08,Bear Brook,high,1,0.057,-0.345,-2.044
2017-11-08,Bear Brook,high,2,0.058,0.373,-1.981
2017-11-08,Bear Brook,high,3,0.054,-1.339,-2.372
2017-11-08,Bear Brook,low,1,0.052,0.007,-0.157
2017-11-08,Bear Brook,low,2,0.062,0.638,0.039
2017-11-08,Bear Brook,low,3,0.059,-0.123,-1.256
2017-11-08,Bear Brook,mid,1,0.031,-1.017,-1.668
2017-11-08,Bear Brook,mid,2,0.044,-0.103,-1.763
2017-11-08,Bear Brook,mid,3,0.051,0.614,-2.105
2017-11-08,Bear Brook,spruce/fir,1,0.05,1.646,-0.031
2017-11-08,Bear Brook,spruce/fir,2,0.057,-0.198,-0.935
2017-11-08,Bear Brook,spruce/fir,3,0.024,-0.542,-1.18
2018-05-12,W1,high,1,0.014,-0.67,-3.675
2018-05-12,W1,high,2,0.038,-0.702,-6.835
2018-05-12,W1,high,3,0.001,-0.394,0.748
2018-05-12,W1,low,1,0.034,-0.368,-2.607
2018-05-12,W1,low,2,0.07,0.737,-8.351
2018-05-12,W1,low,3,0.042,0.241,-11.824
2018-05-12,W1,mid,1,0.018,-0.426,-7.651
2018-05-12,W1,mid,2,0.033,-0.099,-5.779
2018-05-12,W1,mid,3,0.026,-0.768,-9.861
2018-05-12,W1,spruce/fir,1,0.016,-0.098,-3.223
2018-05-12,W1,spruce/fir,2,0.047,0.503,-1.387
2018-05-12,W1,spruce/fir,3,0.039,0.471,-2.787
2018-06-07,W1,high,1,0.036,0.317,-11.148
2018-06-07,W1,high,2,0.047,0.365,0.438
2018-06-07,W1,high,3,0.029,-0.388,5.142
2018-06-07,W1,low,1,0.042,0.344,0.059
2018-06-07,W1,low,2,0.045,0.197,-1.611
2018-06-07,W1,low,3,0.043,0.071,-4.276
2018-06-07,W1,mid,1,0.02,0.12,0.105
2018-06-07,W1,mid,2,0.027,0.212,-2.478
2018-06-07,W1,mid,3,0.034,-0.082,-0.086
2018-06-07,W1,spruce/fir,1,0.034,-0.418,-2.481
2018-06-07,W1,spruce/fir,2,0.046,-0.225,0.518
2018-06-07,W1,spruce/fir,3,0.041,0.447,-4.706
2018-07-18,W1,high,1,0.048,-0.296,1.259
2018-07-18,W1,high,2,0.059,-0.403,0.364
2018-07-18,W1,high,3,0.062,0.472,-1.221
2018-07-18,W1,low,1,0.059,0.212,1.316
2018-07-18,W1,low,2,0.078,-0.132,-0.649
2018-07-18,W1,low,3,0.075,0.35,-1.847
2018-07-18,W1,mid,1,0.038,-0.178,1.489
2018-07-18,W1,mid,2,0.048,-0.068,-4.184
2018-07-18,W1,mid,3,0.056,0.339,-1.63
2018-07-18,W1,spruce/fir,1,0.05,0.589,-1.119
2018-07-18,W1,spruce/fir,2,0.058,0.63,-1.448
2018-07-18,W1,spruce/fir,3,0.044,0.661,0.147
2018-05-14,Bear Brook,high,1,0.009,0.048,-3.022
2018-05-14,Bear Brook,high,2,0.055,-0.162,-11.709
2018-05-14,Bear Brook,high,3,0.026,-0.34,-10.774
2018-05-14,Bear Brook,low,1,0.041,0.219,-0.896
2018-05-14,Bear Brook,low,2,0.004,0.35,2.076
2018-05-14,Bear Brook,low,3,0.029,0.045,-6.853
2018-05-14,Bear Brook,mid,1,0.039,-0.179,-5.036
2018-05-14,Bear Brook,mid,2,0.043,0.338,-9.301
2018-05-14,Bear Brook,mid,3,0.02,-0.194,-9.597
2018-05-14,Bear Brook,spruce/fir,1,0.016,0.344,-2.993
2018-05-14,Bear Brook,spruce/fir,2,0.005,0.275,-1.893
2018-05-14,Bear Brook,spruce/fir,3,0.019,0.579,-4.164
2018-06-08,Bear Brook,high,1,0.031,0.125,2.055
2018-06-08,Bear Brook,high,2,0.039,0.191,-6.077
2018-06-08,Bear Brook,high,3,0.039,-0.019,-2.564
2018-06-08,Bear Brook,low,1,0.032,-0.014,0.715
2018-06-08,Bear Brook,low,2,0.05,-0.039,-0.213
2018-06-08,Bear Brook,low,3,0.031,-0.035,0.092
2018-06-08,Bear Brook,mid,1,0.019,-0.228,-7.577
2018-06-08,Bear Brook,mid,2,0.029,0.433,0.887
2018-06-08,Bear Brook,mid,3,0.032,0.071,0.095
2018-06-08,Bear Brook,spruce/fir,1,0.031,0.068,-1.816
2018-06-08,Bear Brook,spruce/fir,2,0.027,0.301,1.613
2018-06-08,Bear Brook,spruce/fir,3,0.042,-0.376,-3.104
2018-07-18,Bear Brook,high,1,0.044,0,0.966
2018-07-18,Bear Brook,high,2,0.061,-0.097,-5.403
2018-07-18,Bear Brook,high,3,0.074,-0.582,2.299
2018-07-18,Bear Brook,low,1,0.056,-0.405,-2.303
2018-07-18,Bear Brook,low,2,0.082,0.028,-2.832
2018-07-18,Bear Brook,low,3,0.074,-0.104,2.316
2018-07-18,Bear Brook,mid,1,0.037,-0.098,0.713
2018-07-18,Bear Brook,mid,2,0.042,0.308,-3.022
2018-07-18,Bear Brook,mid,3,0.052,0.069,-2.965
2018-07-18,Bear Brook,spruce/fir,1,0.053,0.17,2.552
2018-07-18,Bear Brook,spruce/fir,2,0.047,-0.268,-2.898
2018-07-18,Bear Brook,spruce/fir,3,0.071,-0.18,-2.786
2018-08-16,Bear Brook,high,1,0.065,0.656,-1.51
2018-08-16,Bear Brook,high,2,0.104,0.801,-1.156
2018-08-16,Bear Brook,high,3,0.086,0.039,-1.708
2018-08-16,Bear Brook,low,1,0.041,0.565,1.966
2018-08-16,Bear Brook,low,2,0.016,0.484,-0.258
2018-08-16,Bear Brook,low,3,0.072,-0.352,-1.568
2018-08-16,Bear Brook,mid,1,0.04,0.632,-1.887
2018-08-16,Bear Brook,mid,2,0.063,-0.475,-0.234
2018-08-16,Bear Brook,mid,3,0.064,-0.1,-3.163
2018-08-16,Bear Brook,spruce/fir,1,0.064,-0.214,-0.328
2018-08-16,Bear Brook,spruce/fir,2,0.069,0.127,-0.578
2018-08-16,Bear Brook,spruce/fir,3,0.103,0.003,-1.899
2018-09-13,Bear Brook,high,1,0.082,0.585,-2.064
2018-09-13,Bear Brook,high,2,0.086,0.124,-2.624
2018-09-13,Bear Brook,high,3,0.08,0.319,-1.399
2018-09-13,Bear Brook,low,1,0.058,-0.044,-0.497
2018-09-13,Bear Brook,low,2,0.08,-0.169,0.479
2018-09-13,Bear Brook,low,3,0.075,-0.036,-1.534
2018-09-13,Bear Brook,mid,1,0.036,0.316,-3.084
2018-09-13,Bear Brook,mid,2,0.054,0.193,-2.443
2018-09-13,Bear Brook,mid,3,0.052,-0.525,-1.751
2018-09-13,Bear Brook,spruce/fir,1,0.06,-0.003,-1.744
2018-09-13,Bear Brook,spruce/fir,2,0.074,-0.049,-0.917
2018-09-13,Bear Brook,spruce/fir,3,0.078,-0.996,-1.436
2018-10-23,Bear Brook,high,1,0.014,-0.006,-0.707
2018-10-23,Bear Brook,high,2,0.019,0.207,-1.101
2018-10-23,Bear Brook,high,3,0.017,0.235,0.397
2018-10-23,Bear Brook,low,1,0.023,0.202,0.279
2018-10-23,Bear Brook,low,2,0.044,-0.163,-2.474
2018-10-23,Bear Brook,low,3,0.022,-0.181,-0.563
2018-10-23,Bear Brook,mid,1,0.01,0.001,-0.705
2018-10-23,Bear Brook,mid,2,0.012,-0.085,-2.907
2018-10-23,Bear Brook,mid,3,0.016,0.144,-1.026
2018-10-23,Bear Brook,spruce/fir,1,0.018,-0.021,-3.162
2018-10-23,Bear Brook,spruce/fir,2,0.019,0.107,1.691
2018-10-23,Bear Brook,spruce/fir,3,0.018,0.223,-0.584
2018-08-15,W1,high,1,0.071,0.483,-2.734
2018-08-15,W1,high,2,0.079,-0.067,-1.291
2018-08-15,W1,high,3,0.098,1.475,-3.175
2018-08-15,W1,low,1,0.096,-0.322,-2.904
2018-08-15,W1,low,2,0.105,1.001,-1.691
2018-08-15,W1,low,3,0.103,0.454,-2.5
2018-08-15,W1,mid,1,0.057,0.069,-1.383
2018-08-15,W1,mid,2,0.066,0.779,-1.063
2018-08-15,W1,mid,3,0.081,0.699,-3.203
2018-08-15,W1,spruce/fir,1,0.08,0.93,-1.603
2018-08-15,W1,spruce/fir,2,0.084,1.13,0.886
2018-08-15,W1,spruce/fir,3,0.103,3.185,-2.075
2018-09-12,W1,high,1,0.042,-0.031,-0.532
2018-09-12,W1,high,2,0.067,-0.118,-0.753
2018-09-12,W1,high,3,0.056,-0.788,-4.101
2018-09-12,W1,low,1,0.056,0.036,-2.832
2018-09-12,W1,low,2,0.089,-0.327,-4.866
2018-09-12,W1,low,3,0.066,0.012,-2.374
2018-09-12,W1,mid,1,0.034,0.51,-1.134
2018-09-12,W1,mid,2,0.044,0.121,-1.778
2018-09-12,W1,mid,3,0.054,0.176,-0.932
2018-09-12,W1,spruce/fir,1,0.063,0.364,-1.569
2018-09-12,W1,spruce/fir,2,0.066,1.157,-1.496
2018-09-12,W1,spruce/fir,3,0.084,0.81,-1.002
2018-10-22,W1,high,1,0.013,-0.153,-0.47
2018-10-22,W1,high,2,0.028,0.159,-0.854
2018-10-22,W1,high,3,0.032,0.663,-3.104
2018-10-22,W1,low,1,0.02,-0.037,-0.767
2018-10-22,W1,low,2,0.02,0.922,-0.032
2018-10-22,W1,low,3,0.023,-0.065,-0.41
2018-10-22,W1,mid,1,0.023,0.189,-2.133
2018-10-22,W1,mid,2,0.026,-0.117,-2.073
2018-10-22,W1,mid,3,0.022,0.091,-0.916
2018-10-22,W1,spruce/fir,1,0.02,0.134,-2.095
2018-10-22,W1,spruce/fir,2,0.023,-0.396,-0.547
2018-10-22,W1,spruce/fir,3,0.024,0.044,0.767
2019-05-01,W1,high,1,0.018,-0.153,-0.44
2019-05-01,W1,high,2,0.039,0.229,1.237
2019-05-01,W1,high,3,0.03,-0.094,6.798
2019-05-01,W1,low,1,0.016,0.387,2.252
2019-05-01,W1,low,2,0.008,-0.481,0.499
2019-05-01,W1,low,3,0.023,0.74,1.513
2019-05-01,W1,mid,1,0.026,0.089,0.175
2019-05-01,W1,mid,2,0.019,0.297,-2.357
2019-05-01,W1,mid,3,0.015,0.371,0.515
2019-05-01,W1,spruce/fir,1,0.035,0.001,0.621
2019-05-01,W1,spruce/fir,2,0.007,-0.151,-0.673
2019-05-01,W1,spruce/fir,3,0.035,0.024,1.072
2019-06-01,W1,high,1,0.028,-0.015,-13.211
2019-06-01,W1,high,2,0.049,0.293,-7.317
2019-06-01,W1,high,3,0.063,0.44,1.47
2019-06-01,W1,low,1,0.03,-0.226,-1.009
2019-06-01,W1,low,2,0.04,-0.062,-0.293
2019-06-01,W1,low,3,0.053,-0.061,-3.133
2019-06-01,W1,mid,1,0.036,0.159,-4.823
2019-06-01,W1,mid,2,0.046,-0.163,-5.869
2019-06-01,W1,mid,3,0.049,-0.182,-12.836
2019-06-01,W1,spruce/fir,1,0.062,0.049,0.003
2019-06-01,W1,spruce/fir,2,0.045,-0.187,5.905
2019-06-01,W1,spruce/fir,3,0.065,0.133,12.869
2019-07-18,W1,high,1,0.061,0.292,-1.316
2019-07-18,W1,high,2,0.071,-0.464,-1.146
2019-07-18,W1,high,3,0.104,0.388,-2.369
2019-07-18,W1,low,1,0.034,0.257,1.91
2019-07-18,W1,low,2,0.072,1.133,0.507
2019-07-18,W1,low,3,0.08,-0.227,-1.115
2019-07-18,W1,mid,1,0.044,-0.046,-1.917
2019-07-18,W1,mid,2,0.064,0.492,-1.641
2019-07-18,W1,mid,3,0.069,-0.089,-1.583
2019-07-18,W1,spruce/fir,1,0.053,-0.146,-0.69
2019-07-18,W1,spruce/fir,2,0.074,0.041,-1.008
2019-07-18,W1,spruce/fir,3,0.068,0.369,-2.191
2019-05-01,Bear Brook,high,1,0.014,-0.03,-2.817
2019-05-01,Bear Brook,high,2,0.038,-0.539,-4.305
2019-05-01,Bear Brook,high,3,0.032,0.109,1.746
2019-05-01,Bear Brook,low,1,0.04,0.424,2.033
2019-05-01,Bear Brook,low,2,0.061,0.354,0.76
2019-05-01,Bear Brook,low,3,0.021,0.168,2.844
2019-05-01,Bear Brook,mid,1,0.007,-0.169,-5.63
2019-05-01,Bear Brook,mid,2,0.023,0.345,-1.835
2019-05-01,Bear Brook,mid,3,0.011,0.18,0.799
2019-05-01,Bear Brook,spruce/fir,1,0.059,0.673,11.321
2019-05-01,Bear Brook,spruce/fir,2,0.041,0.521,-7.311
2019-05-01,Bear Brook,spruce/fir,3,0.028,0.493,-1.081
2019-06-01,Bear Brook,high,1,0.055,0.283,-0.098
2019-06-01,Bear Brook,high,2,0.056,0.224,-0.205
2019-06-01,Bear Brook,high,3,0.046,1.009,-4.045
2019-06-01,Bear Brook,low,1,0.048,0.142,2.187
2019-06-01,Bear Brook,low,2,0.075,-0.107,-0.784
2019-06-01,Bear Brook,low,3,0.053,-0.28,-8.378
2019-06-01,Bear Brook,mid,1,0.027,-0.095,-4.487
2019-06-01,Bear Brook,mid,2,0.036,0.199,1.603
2019-06-01,Bear Brook,mid,3,0.053,0.127,0.195
2019-06-01,Bear Brook,spruce/fir,1,0.073,8.792,-2.486
2019-06-01,Bear Brook,spruce/fir,2,0.067,0.241,-18.962
2019-06-01,Bear Brook,spruce/fir,3,0.055,0.018,-2.493
2019-07-19,Bear Brook,high,1,0.06,-0.192,-1.228
2019-07-19,Bear Brook,high,2,0.081,-0.51,-1.969
2019-07-19,Bear Brook,high,3,0.047,3.987,-1.457
2019-07-19,Bear Brook,low,1,0.098,0.394,-1.594
2019-07-19,Bear Brook,low,2,0.116,-0.126,-3.06
2019-07-19,Bear Brook,low,3,0.082,0.084,-1.762
2019-07-19,Bear Brook,mid,1,0.046,-0.022,-1.303
2019-07-19,Bear Brook,mid,2,0.064,0.597,-1.285
2019-07-19,Bear Brook,mid,3,0.082,0.119,-2.542
2019-07-19,Bear Brook,spruce/fir,1,0.063,0.472,-2.527
2019-07-19,Bear Brook,spruce/fir,2,0.085,0.623,-1.024
2019-07-19,Bear Brook,spruce/fir,3,0.071,-0.363,-1.121
2019-08-07,Bear Brook,high,1,0.093,1.833,-1.789
2019-08-07,Bear Brook,high,2,0.091,0.605,-2.792
2019-08-07,Bear Brook,high,3,0.063,-0.384,-1.738
2019-08-07,Bear Brook,low,1,0.107,0.478,-2.811
2019-08-07,Bear Brook,low,2,0.143,-0.595,-2.01
2019-08-07,Bear Brook,low,3,0.088,0.159,-1.166
2019-08-07,Bear Brook,mid,1,0.051,0.861,-0.944
2019-08-07,Bear Brook,mid,2,0.067,1.051,-1.323
2019-08-07,Bear Brook,mid,3,0.08,-0.459,-1.552
2019-08-07,Bear Brook,spruce/fir,1,0.113,1.632,-1.536
2019-08-07,Bear Brook,spruce/fir,2,0.089,2.631,-1.134
2019-08-07,Bear Brook,spruce/fir,3,0.08,-0.17,-1.342
2019-09-19,Bear Brook,high,1,0.034,-0.271,-1.638
2019-09-19,Bear Brook,high,2,0.035,-0.285,-1.936
2019-09-19,Bear Brook,high,3,0.026,0.333,-1.941
2019-09-19,Bear Brook,low,1,0.04,0.126,-1.54
2019-09-19,Bear Brook,low,2,0.058,-0.398,-3.364
2019-09-19,Bear Brook,low,3,0.035,0.197,-1.796
2019-09-19,Bear Brook,mid,1,0.022,0.297,-1.515
2019-09-19,Bear Brook,mid,2,0.03,0.031,-1.313
2019-09-19,Bear Brook,mid,3,0.036,0.432,-2.028
2019-09-19,Bear Brook,spruce/fir,1,0.045,0.1,-2.272
2019-09-19,Bear Brook,spruce/fir,2,0.043,0.204,-1.316
2019-09-19,Bear Brook,spruce/fir,3,0.032,-0.335,-1.331
2019-10-10,Bear Brook,high,1,0.03,0.436,-1.13
2019-10-10,Bear Brook,high,2,0.037,0.002,-1.52
2019-10-10,Bear Brook,high,3,0.027,0.93,-1.059
2019-10-10,Bear Brook,low,1,0.038,-0.259,-1.229
2019-10-10,Bear Brook,low,2,0.047,-0.198,-2.229
2019-10-10,Bear Brook,low,3,0.035,-0.107,-1.423
2019-10-10,Bear Brook,mid,1,0.016,-0.048,-0.573
2019-10-10,Bear Brook,mid,2,0.027,-0.096,-1.356
2019-10-10,Bear Brook,mid,3,0.028,0.248,-1.919
2019-10-10,Bear Brook,spruce/fir,1,0.052,0.512,-1.65
2019-10-10,Bear Brook,spruce/fir,2,0.04,0.703,-0.138
2019-10-10,Bear Brook,spruce/fir,3,0.045,0.213,-0.677
2019-08-07,W1,high,1,0.054,0.15,-1.504
2019-08-07,W1,high,2,0.081,0.618,-2.105
2019-08-07,W1,high,3,0.11,0.562,-1.384
2019-08-07,W1,low,1,0.07,0.184,-0.456
2019-08-07,W1,low,2,0.087,-0.494,-0.346
2019-08-07,W1,low,3,0.077,0.359,-1.692
2019-08-07,W1,mid,1,0.062,0.459,-3.397
2019-08-07,W1,mid,2,0.074,-0.858,-2.221
2019-08-07,W1,mid,3,0.069,0.32,-2.422
2019-08-07,W1,spruce/fir,1,0.07,0.499,-0.714
2019-08-07,W1,spruce/fir,2,0.076,0.01,-1.339
2019-08-07,W1,spruce/fir,3,0.076,-0.241,-2.943
2019-09-18,W1,high,1,0.037,-0.099,-1.718
2019-09-18,W1,high,2,0.037,-0.014,-1.58
2019-09-18,W1,high,3,0.055,-0.117,-1.59
2019-09-18,W1,low,1,0.026,0.026,-0.38
2019-09-18,W1,low,2,0.041,0.026,-0.265
2019-09-18,W1,low,3,0.035,-0.111,-1.558
2019-09-18,W1,mid,1,0.037,-0.317,-2.423
2019-09-18,W1,mid,2,0.039,-0.048,-2.02
2019-09-18,W1,mid,3,0.033,0.146,-1.64
2019-09-18,W1,spruce/fir,1,0.032,0.262,-1.063
2019-09-18,W1,spruce/fir,2,0.034,0.25,-1.261
2019-09-18,W1,spruce/fir,3,0.037,-0.18,-1.818
2019-10-09,W1,high,1,0.016,-0.531,-1.691
2019-10-09,W1,high,2,0.035,0.273,-1.471
2019-10-09,W1,high,3,0.039,-0.13,-2.128
2019-10-09,W1,low,1,0.017,-0.397,-0.16
2019-10-09,W1,low,2,0.034,0.049,-0.297
2019-10-09,W1,low,3,0.028,-0.061,-1.606
2019-10-09,W1,mid,1,0.021,-0.135,-2.456
2019-10-09,W1,mid,2,0.02,-0.378,-1.021
2019-10-09,W1,mid,3,0.03,0.368,-1.835
2019-10-09,W1,spruce/fir,1,0.035,-0.158,-0.525
2019-10-09,W1,spruce/fir,2,0.028,-0.35,-1.16
2019-10-09,W1,spruce/fir,3,0.03,-0.08,-0.985
2020-05-14,W1,high,1,0.001,-0.509,-0.569
2020-06-26,W1,high,1,0.034,2.299,-3.522
2020-07-30,W1,high,1,0.107,0.564,-3.209
2020-08-27,W1,high,1,0.064,2.002,-2.344
2020-09-25,W1,high,1,0.003,-0.5,0.113
2020-10-23,W1,high,1,0.054,0.7,-2.947
2020-05-14,W1,high,2,0.048,-0.028,-3.403
2020-06-26,W1,high,2,0.045,-0.165,-3.911
2020-07-30,W1,high,2,0.12,-0.1,-3.509
2020-08-27,W1,high,2,0.042,0.022,-2.131
2020-09-25,W1,high,2,0.031,0.421,-3.553
2020-10-23,W1,high,2,0.05,1.221,-2.029
2020-05-14,W1,high,3,0.04,0.226,-3.794
2020-06-26,W1,high,3,0.059,-0.029,-2.689
2020-07-30,W1,high,3,0.153,0.406,-3.169
2020-08-27,W1,high,3,0.093,0.448,-4.853
2020-09-25,W1,high,3,0.048,0.06,-3.204
2020-10-23,W1,high,3,0.061,0.128,-1.265
2020-05-14,W1,low,1,0.043,-1.424,-0.119
2020-06-26,W1,low,1,0.062,-1.09,-0.533
2020-07-30,W1,low,1,0.135,0.237,-0.648
2020-08-27,W1,low,1,0.038,-0.809,-1.653
2020-09-25,W1,low,1,0.039,0.345,-4.205
2020-10-23,W1,low,1,0.058,-0.59,-0.604
2020-05-14,W1,low,2,0.035,-2.817,-0.091
2020-06-26,W1,low,2,0.072,0.145,-0.614
2020-07-30,W1,low,2,0.178,-0.418,-1.178
2020-08-27,W1,low,2,0.081,-0.045,-1.088
2020-09-25,W1,low,2,0.038,0.963,-3.073
2020-10-23,W1,low,2,0.072,-0.902,-0.322
2020-05-14,W1,low,3,0.041,3.654,-1.509
2020-06-26,W1,low,3,0.072,0.752,-2.414
2020-07-30,W1,low,3,0.215,-0.166,-2.491
2020-08-27,W1,low,3,0.098,0.169,-3.561
2020-09-25,W1,low,3,0.031,1.482,-3.059
2020-10-23,W1,low,3,0.066,0.251,-1.197
2020-05-14,W1,mid,1,0.047,0.882,-4.608
2020-06-26,W1,mid,1,0.053,0.787,-4.427
2020-07-30,W1,mid,1,0.117,0.135,-4.606
2020-08-27,W1,mid,1,0.016,0.642,0.339
2020-09-25,W1,mid,1,0.042,-0.255,-1.326
2020-10-23,W1,mid,1,0.068,0.735,-3.525
2020-05-14,W1,mid,2,0.054,0.029,-4.109
2020-06-26,W1,mid,2,0.079,-0.817,-4.172
2020-07-30,W1,mid,2,0.142,-0.113,-4.227
2020-08-27,W1,mid,2,0.062,-0.065,-3.177
2020-09-25,W1,mid,2,0.043,0.332,-0.825
2020-10-23,W1,mid,2,0.052,0.126,-3.567
2020-05-14,W1,mid,3,0.018,1.103,-2.108
2020-06-26,W1,mid,3,0.05,-0.677,-3.344
2020-07-30,W1,mid,3,0.123,-0.189,-3.891
2020-08-27,W1,mid,3,0.046,0.35,-2.352
2020-09-25,W1,mid,3,0.05,1.569,-2.179
2020-10-23,W1,mid,3,0.062,0.273,-2.828
2020-05-14,W1,spruce/fir,1,0.019,0.054,-0.155
2020-06-26,W1,spruce/fir,1,0.02,1.064,-0.952
2020-07-30,W1,spruce/fir,1,0.083,1.493,-1.278
2020-08-27,W1,spruce/fir,1,0.011,-0.077,-1.232
2020-09-25,W1,spruce/fir,1,0.02,0.431,-0.499
2020-10-23,W1,spruce/fir,1,0.046,-0.206,-0.228
2020-05-14,W1,spruce/fir,2,0.026,0.74,-1.494
2020-06-26,W1,spruce/fir,2,0.02,-0.887,-2.405
2020-07-30,W1,spruce/fir,2,0.117,0.467,-1.775
2020-08-27,W1,spruce/fir,2,0.051,-2.064,-3.504
2020-09-25,W1,spruce/fir,2,0.025,0.46,-1.94
2020-10-23,W1,spruce/fir,2,0.072,0.423,-1.624
2020-05-14,W1,spruce/fir,3,0.03,-0.059,-1.859
2020-06-26,W1,spruce/fir,3,0.034,0.508,-2.634
2020-07-30,W1,spruce/fir,3,0.131,-1.632,-2.785
2020-08-27,W1,spruce/fir,3,0.047,0.068,-2.711
2020-09-25,W1,spruce/fir,3,0.028,-0.693,-2.33
2020-10-23,W1,spruce/fir,3,0.074,0.613,-2.059
2020-05-13,Bear Brook,high,1,0.011,-0.766,-0.533
2020-06-25,Bear Brook,high,1,0.048,-0.982,-3.091
2020-07-29,Bear Brook,high,1,0.118,0.8,-3.319
2020-08-26,Bear Brook,high,1,0.043,-0.183,-2.714
2020-09-24,Bear Brook,high,1,0.023,-0.169,-1.738
2020-10-22,Bear Brook,high,1,0.048,0.545,-2.651
2020-05-13,Bear Brook,high,2,0.034,1.56,-1.354
2020-06-25,Bear Brook,high,2,0.067,1.812,-2.667
2020-07-29,Bear Brook,high,2,0.104,1.008,-3.271
2020-08-26,Bear Brook,high,2,0.071,1.132,-3.073
2020-09-24,Bear Brook,high,2,0.04,0.413,-2.713
2020-10-22,Bear Brook,high,2,0.061,0.297,-2.795
2020-05-13,Bear Brook,high,3,0.023,0.422,-1.78
2020-06-25,Bear Brook,high,3,0.041,0.369,-2.95
2020-07-29,Bear Brook,high,3,0.084,0.471,-2.705
2020-08-26,Bear Brook,high,3,0.04,0.333,-2.299
2020-09-24,Bear Brook,high,3,0.017,0.485,-2.457
2020-10-22,Bear Brook,high,3,0.048,-1.404,-2.382
2020-05-13,Bear Brook,low,1,0.021,0.041,-1.375
2020-06-25,Bear Brook,low,1,0.085,0.588,-3.217
2020-07-29,Bear Brook,low,1,0.165,-0.024,-2.692
2020-08-26,Bear Brook,low,1,0.073,1.46,-2.229
2020-09-24,Bear Brook,low,1,0.031,0.445,-1.958
2020-10-22,Bear Brook,low,1,0.084,-0.487,-2.396
2020-05-13,Bear Brook,low,2,0.076,0.141,-3.235
2020-06-25,Bear Brook,low,2,0.087,0.501,-4.013
2020-07-29,Bear Brook,low,2,0.159,0.698,-4.174
2020-08-26,Bear Brook,low,2,0.128,3.2,-6.49
2020-09-24,Bear Brook,low,2,0.047,0.596,-3.575
2020-10-22,Bear Brook,low,2,0.099,0.086,-3.463
2020-05-13,Bear Brook,low,3,0.036,0.083,-2.651
2020-06-25,Bear Brook,low,3,0.062,-0.461,-2.411
2020-07-29,Bear Brook,low,3,0.172,-0.722,-5.478
2020-08-26,Bear Brook,low,3,0.075,-0.499,-3.954
2020-09-24,Bear Brook,low,3,0.032,-0.034,-2.943
2020-10-22,Bear Brook,low,3,0.101,0.54,-3.544
2020-05-13,Bear Brook,mid,1,0.017,-1.117,-2.409
2020-06-25,Bear Brook,mid,1,0.03,0.742,-2.86
2020-07-29,Bear Brook,mid,1,0.068,-0.423,-2.221
2020-08-26,Bear Brook,mid,1,0.023,0.079,-2.145
2020-09-24,Bear Brook,mid,1,0.019,-0.941,-2.364
2020-10-22,Bear Brook,mid,1,0.049,-0.116,-2.915
2020-05-13,Bear Brook,mid,2,0.019,0.806,-1.613
2020-06-25,Bear Brook,mid,2,0.051,0.401,-3.196
2020-07-29,Bear Brook,mid,2,0.102,-0.567,-2.906
2020-08-26,Bear Brook,mid,2,0.072,-0.103,-3.94
2020-09-24,Bear Brook,mid,2,0.041,0.613,-3.061
2020-10-22,Bear Brook,mid,2,0.05,0.239,-2.651
2020-05-13,Bear Brook,mid,3,0.023,0.716,-3.113
2020-06-25,Bear Brook,mid,3,0.053,-2.047,-3.655
2020-07-29,Bear Brook,mid,3,0.113,0.937,-3.271
2020-08-26,Bear Brook,mid,3,0.07,-0.475,-5.391
2020-09-24,Bear Brook,mid,3,0.034,-0.598,-3.618
2020-10-22,Bear Brook,mid,3,0.062,0.998,-3.737
2020-05-13,Bear Brook,spruce/fir,1,0.033,1.671,-1.537
2020-06-25,Bear Brook,spruce/fir,1,0.027,1.124,-2.319
2020-07-29,Bear Brook,spruce/fir,1,0.135,0.518,-3.53
2020-08-26,Bear Brook,spruce/fir,1,0.066,-0.144,-3.136
2020-09-24,Bear Brook,spruce/fir,1,0.033,0.593,-1.999
2020-10-22,Bear Brook,spruce/fir,1,0.069,0.813,-2.033
2020-05-13,Bear Brook,spruce/fir,2,0.022,0.342,-0.203
2020-06-25,Bear Brook,spruce/fir,2,0.02,-0.496,-0.851
2020-07-29,Bear Brook,spruce/fir,2,0.105,0.776,-1.47
2020-08-26,Bear Brook,spruce/fir,2,0.035,-0.215,-0.929
2020-09-24,Bear Brook,spruce/fir,2,0.013,-0.404,-0.615
2020-10-22,Bear Brook,spruce/fir,2,0.031,-0.065,-0.645
2020-05-13,Bear Brook,spruce/fir,3,0.023,2.743,-0.656
2020-06-25,Bear Brook,spruce/fir,3,0.015,0.011,-1.387
2020-07-29,Bear Brook,spruce/fir,3,0.116,1.143,-1.612
2020-08-26,Bear Brook,spruce/fir,3,0.026,-0.445,-1.455
2020-09-24,Bear Brook,spruce/fir,3,0.016,-0.789,-1.139
2020-10-22,Bear Brook,spruce/fir,3,0.046,0.332,-1.235
2021-04-06,W1,high,1,0.005,0.041,-1.224
2021-04-06,W1,high,2,0.015,0.327,-2.053
2021-04-06,W1,high,3,0.016,0.251,-2.104
2021-04-06,W1,low,1,0.018,0.424,-0.087
2021-04-06,W1,low,2,0.015,0.176,0.113
2021-04-06,W1,low,3,0.012,0.112,-0.77
2021-04-06,W1,mid,1,0.024,-0.079,-4.662
2021-04-06,W1,mid,2,0.022,-0.045,-3.472
2021-04-06,W1,mid,3,0.013,0.119,-3.012
2021-05-06,W1,high,1,0.038,0.335,-2.837
2021-05-06,W1,high,2,0.043,0.469,-2.59
2021-05-06,W1,high,3,0.034,0.484,-2.224
2021-05-06,W1,low,1,0.038,0.022,-0.121
2021-05-06,W1,low,2,0.029,0.429,-0.008
2021-05-06,W1,low,3,0.029,0.474,-0.951
2021-05-06,W1,mid,1,0.039,0.206,-3.393
2021-05-06,W1,mid,2,0.035,0.019,-2.62
2021-05-06,W1,mid,3,0.01,0.211,-1.079
2021-05-06,W1,spruce/fir,1,0.027,-0.386,-0.204
2021-05-06,W1,spruce/fir,2,0.03,-0.318,-1.36
2021-05-06,W1,spruce/fir,3,0.031,-0.361,-1.29
2021-05-07,Bear Brook,high,1,0.029,-0.181,-2.191
2021-05-07,Bear Brook,high,2,0.044,0.468,-2.517
2021-05-07,Bear Brook,high,3,0.019,0.266,-1.94
2021-05-07,Bear Brook,low,1,0.055,0.187,-1.911
2021-05-07,Bear Brook,low,2,0.077,0.173,-3.877
2021-05-07,Bear Brook,low,3,0.047,0.397,-2.518
2021-05-07,Bear Brook,mid,1,0.018,-0.06,-1.904
2021-05-07,Bear Brook,mid,2,0.028,0.182,-2.557
2021-05-07,Bear Brook,mid,3,0.014,0.369,-1.699
2021-05-07,Bear Brook,spruce/fir,1,0.037,0.276,-1.77
2021-05-07,Bear Brook,spruce/fir,2,0.042,0.328,-0.553
2021-05-07,Bear Brook,spruce/fir,3,0.035,0.134,-0.995
2021-06-17,Bear Brook,high,1,0.076,-0.038,-3.094
2021-06-17,Bear Brook,high,2,0.065,2.001,-2.843
2021-06-17,Bear Brook,high,3,0.044,0.911,-5.023
2021-06-17,Bear Brook,low,1,0.083,0.195,-2.837
2021-06-17,Bear Brook,low,2,0.084,-0.484,-3.563
2021-06-17,Bear Brook,low,3,0.087,0.437,-3.555
2021-06-17,Bear Brook,mid,1,0.034,0.167,-2.834
2021-06-17,Bear Brook,mid,2,0.057,0.445,-2.985
2021-06-17,Bear Brook,mid,3,0.059,-0.087,-3.526
2021-06-17,Bear Brook,spruce/fir,1,0.066,0.288,-2.479
2021-06-17,Bear Brook,spruce/fir,2,0.078,0.194,-1.129
2021-06-17,Bear Brook,spruce/fir,3,0.053,-0.223,-1.282
2021-06-18,W1,high,1,0.049,0.29,-4.083
2021-06-18,W1,high,2,0.047,-0.061,-3.57
2021-06-18,W1,high,3,0.077,0.582,-3.276
2021-06-18,W1,low,1,0.062,-0.168,-0.254
2021-06-18,W1,low,2,0.078,-0.291,-0.906
2021-06-18,W1,low,3,0.049,-0.031,-1.23
2021-06-18,W1,mid,1,0.043,-0.442,-4.182
2021-06-18,W1,mid,2,0.071,0.384,-3.987
2021-06-18,W1,mid,3,0.051,0.293,-3.147
2021-06-18,W1,spruce/fir,1,0.031,-0.04,-1.241
2021-06-18,W1,spruce/fir,2,0.043,0.31,-1.417
2021-06-18,W1,spruce/fir,3,0.065,0.492,-2.737
2021-07-22,W1,high,1,0.101,0.97,-1.868
2021-07-22,W1,high,2,0.14,2.243,-2.7
2021-07-22,W1,high,3,0.113,0.774,-2.477
2021-07-22,W1,mid,1,0.093,0.182,-2.377
2021-07-22,W1,mid,2,0.112,0.256,-2.901
2021-07-22,W1,mid,3,0.11,0.201,-3.431
2021-07-22,W1,spruce/fir,1,0.125,0.609,-1.931
2021-07-22,W1,spruce/fir,2,0.056,0.587,-0.145
2021-07-22,W1,spruce/fir,3,0.155,1.039,-1.663
2021-07-22,Bear Brook,high,1,0.059,-0.072,-3.616
2021-07-22,Bear Brook,high,2,0.093,0.21,-3.28
2021-07-22,Bear Brook,high,3,0.096,0.322,-1.776
2021-07-22,Bear Brook,low,1,0.096,0.349,-0.359
2021-07-22,Bear Brook,low,2,0.135,-0.545,-0.856
2021-07-22,Bear Brook,low,3,0.109,0.132,-1.345
2021-07-22,Bear Brook,mid,1,0.083,-0.184,-3.372
2021-07-22,Bear Brook,mid,2,0.111,0.461,-3.959
2021-07-22,Bear Brook,mid,3,0.135,0.403,-4.087
2021-07-22,Bear Brook,spruce/fir,1,0.134,0.137,-0.461
2021-07-22,Bear Brook,spruce/fir,2,0.151,0.675,-1.639
2021-07-22,Bear Brook,spruce/fir,3,0.15,-0.086,-2.015
2021-07-23,W1,low,1,0.123,0.138,-1.596
2021-07-23,W1,low,2,0.171,0.225,-3.315
2021-07-23,W1,low,3,0.154,0.163,-2.704
2021-08-10,W1,high,1,0.127,0.084,-3.265
2021-08-10,W1,high,2,0.154,0.462,-2.625
2021-08-10,W1,high,3,0.174,0.397,-2.159
2021-08-10,W1,low,1,0.112,-0.205,0.384
2021-08-10,W1,low,2,0.15,0.086,-0.449
2021-08-10,W1,low,3,0.268,0.901,-1.495
2021-08-10,W1,mid,1,0.126,0.219,-2.372
2021-08-10,W1,mid,2,0.202,-0.119,-3.332
2021-08-10,W1,mid,3,0.192,-0.194,-3.441
2021-08-10,W1,spruce/fir,1,0.157,-1.345,-1.206
2021-08-10,W1,spruce/fir,2,0.21,0.67,-1.57
2021-08-10,W1,spruce/fir,3,0.3,0.315,-2.48
2021-08-10,Bear Brook,high,1,0.18,-0.429,-2.095
2021-08-10,Bear Brook,high,2,0.178,0.984,-2.779
2021-08-10,Bear Brook,high,3,0.122,2.125,-1.947
2021-08-10,Bear Brook,low,1,0.273,0.545,-2.269
2021-08-10,Bear Brook,low,2,0.271,-0.041,-3.837
2021-08-10,Bear Brook,low,3,0.211,0.282,-2.735
2021-08-10,Bear Brook,mid,1,0.116,1.427,-1.881
2021-08-10,Bear Brook,mid,2,0.125,-0.306,-2.469
2021-08-10,Bear Brook,mid,3,0.14,0.25,-3.085
2021-08-10,Bear Brook,spruce/fir,1,0.182,0.823,-1.976
2021-08-10,Bear Brook,spruce/fir,2,0.019,0.09,0.069
2021-08-10,Bear Brook,spruce/fir,3,0.018,0.714,-0.369
2021-09-13,W1,low,1,0.08,0.399,1.64
2021-09-13,W1,low,2,0.155,0.531,-0.281
2021-09-13,W1,low,3,0.122,0.272,-1.982
2021-09-13,Bear Brook,high,1,0.091,-0.474,-2.962
2021-09-13,Bear Brook,high,2,0.107,1.221,-2.403
2021-09-13,Bear Brook,high,3,0.06,0.424,-1.815
2021-09-13,Bear Brook,low,1,0.11,0.021,-2.121
2021-09-13,Bear Brook,low,2,0.139,0.525,-3.219
2021-09-13,Bear Brook,low,3,0.127,-0.323,-3.439
2021-09-13,Bear Brook,mid,1,0.06,0.606,-2.696
2021-09-13,Bear Brook,mid,2,0.077,0.046,-2.781
2021-09-13,Bear Brook,mid,3,0.082,0.223,-2.984
2021-09-13,Bear Brook,spruce/fir,1,0.128,0.437,-2.375
2021-09-13,Bear Brook,spruce/fir,2,0.089,0.697,-0.728
2021-09-13,Bear Brook,spruce/fir,3,0.074,1.026,-0.635
2021-09-14,W1,high,1,0.085,0.379,-3.1
2021-09-14,W1,high,2,0.079,-0.277,-2.911
2021-09-14,W1,high,3,0.091,0.356,-3.601
2021-09-14,W1,mid,1,0.107,0.389,-3.69
2021-09-14,W1,mid,2,0.125,-0.606,-3.096
2021-09-14,W1,mid,3,0.098,-0.241,-3.612
2021-09-14,W1,spruce/fir,1,0.088,-0.09,-0.985
2021-09-14,W1,spruce/fir,2,0.127,0.719,-1.566
2021-09-14,W1,spruce/fir,3,0.123,0.404,-1.455
2021-10-11,W1,high,1,0.082,-0.1,-4.883
2021-10-11,W1,high,2,0.089,-0.488,-3.477
2021-10-11,W1,high,3,0.098,0.679,-4.001
2021-10-11,W1,spruce/fir,1,0.079,1.841,-0.827
2021-10-11,W1,spruce/fir,2,0.107,0.332,-2.346
2021-10-11,W1,spruce/fir,3,0.121,-0.098,-2.467
2021-10-11,Bear Brook,high,1,0.088,0.333,-2.929
2021-10-11,Bear Brook,high,2,0.14,2.663,-2.754
2021-10-11,Bear Brook,high,3,0.085,0.542,-3.064
2021-10-11,Bear Brook,low,1,0.093,-1.55,-2.785
2021-10-11,Bear Brook,low,2,0.125,0.303,-3.82
2021-10-11,Bear Brook,low,3,0.096,-0.312,-3.467
2021-10-11,Bear Brook,mid,1,0.062,-0.328,-3.002
2021-10-11,Bear Brook,mid,2,0.076,0.174,-2.955
2021-10-11,Bear Brook,mid,3,0.089,-0.182,-4.032
2021-10-11,Bear Brook,spruce/fir,1,0.108,0.566,-2.436
2021-10-11,Bear Brook,spruce/fir,2,0.107,0.778,-0.839
2021-10-11,Bear Brook,spruce/fir,3,0.084,-0.139,-1.261
2021-10-12,W1,low,1,0.065,-0.094,1.713
2021-10-12,W1,low,2,0.126,0.301,-0.897
2021-10-12,W1,low,3,0.101,0.018,-1.9
2021-10-12,W1,mid,1,0.075,-0.17,-4.984
2021-10-12,W1,mid,2,0.092,0.593,-3.756
2021-10-12,W1,mid,3,0.084,0.827,-4.043
2022-05-05,Bear Brook,high,1,0.058,-0.52,-1.848
2022-05-05,Bear Brook,high,2,0.059,-0.647,-1.505
2022-05-05,Bear Brook,high,3,0.037,0.542,-1.299
2022-05-05,Bear Brook,low,1,0.059,0.071,-1.587
2022-05-05,Bear Brook,low,2,0.097,-0.301,-3.549
2022-05-05,Bear Brook,low,3,0.056,0.221,-2.47
2022-05-05,Bear Brook,mid,1,0.024,0.52,-1.466
2022-05-05,Bear Brook,mid,2,0.047,-0.521,-2.161
2022-05-05,Bear Brook,mid,3,0.05,0.442,-4.154
2022-05-05,Bear Brook,spruce/fir,1,0.102,0.322,-1.634
2022-05-05,Bear Brook,spruce/fir,2,0.091,0.145,-0.363
2022-05-05,Bear Brook,spruce/fir,3,0.079,0.239,-1.053
2022-05-06,W1,high,1,0.044,-0.345,-3.439
2022-05-06,W1,high,2,0.047,0.291,-3.091
2022-05-06,W1,high,3,0.053,0.205,-2.381
2022-05-06,W1,low,1,0.064,-0.197,0.333
2022-05-06,W1,low,2,0.047,0.538,0.263
2022-05-06,W1,low,3,0.033,0.281,-1.126
2022-05-06,W1,mid,1,0.029,0.106,-2.233
2022-05-06,W1,mid,2,0.052,0.343,-3.363
2022-05-06,W1,mid,3,0.036,0.16,-3.866
2022-05-06,W1,spruce/fir,1,0.047,-0.244,-0.32
2022-05-06,W1,spruce/fir,2,0.057,0.355,-1.768
2022-05-06,W1,spruce/fir,3,0.073,-0.14,-1.123
2022-06-20,Bear Brook,high,1,0.059,-1.047,-2.838
2022-06-20,Bear Brook,high,2,0.08,0.706,-3.119
2022-06-20,Bear Brook,high,3,0.048,0.821,-2.281
2022-06-20,Bear Brook,low,1,0.066,0.807,-2.389
2022-06-20,Bear Brook,low,2,0.08,0.053,-3.828
2022-06-20,Bear Brook,low,3,0.078,-0.084,-3.586
2022-06-20,Bear Brook,mid,1,0.019,0.526,-1.764
2022-06-20,Bear Brook,mid,2,0.058,1.046,-2.843
2022-06-20,Bear Brook,mid,3,0.061,1.459,-3.627
2022-06-20,Bear Brook,spruce/fir,1,0.053,-0.613,-3.286
2022-06-20,Bear Brook,spruce/fir,2,0.07,-0.049,-1.577
2022-06-20,Bear Brook,spruce/fir,3,0.06,0.809,-1.951
2022-06-21,W1,high,1,0.056,-0.005,-4.319
2022-06-21,W1,high,2,0.058,0.573,-4.037
2022-06-21,W1,high,3,0.077,0.012,-3.55
2022-06-21,W1,low,1,0.058,0.222,0.645
2022-06-21,W1,low,2,0.082,0.697,-0.341
2022-06-21,W1,low,3,0.068,-0.19,-1.507
2022-06-21,W1,mid,1,0.063,0.106,-5.413
2022-06-21,W1,mid,2,0.077,0.468,-4.186
2022-06-21,W1,mid,3,0.081,0.684,-4.33
2022-06-21,W1,spruce/fir,1,0.055,-0.457,-1.648
2022-06-21,W1,spruce/fir,2,0.068,-0.171,-2.885
2022-06-21,W1,spruce/fir,3,0.08,0.078,-3.043
2022-07-11,W1,low,1,0.078,0.314,-1.253
2022-07-11,W1,low,2,0.111,0.549,-0.984
2022-07-11,W1,low,3,0.104,-0.707,-2.657
2022-07-11,Bear Brook,high,1,0.067,0.2,-2.927
2022-07-11,Bear Brook,high,2,0.087,0.921,-3.6
2022-07-11,Bear Brook,high,3,0.043,0.158,-3.473
2022-07-11,Bear Brook,low,1,0.116,0.293,-2.897
2022-07-11,Bear Brook,low,2,0.122,0.401,-4.435
2022-07-11,Bear Brook,low,3,0.117,0.336,-3.644
2022-07-11,Bear Brook,mid,1,0.048,0.403,-2.859
2022-07-11,Bear Brook,mid,2,0.075,0.243,-3.154
2022-07-11,Bear Brook,mid,3,0.088,-0.229,-4.247
2022-07-11,Bear Brook,spruce/fir,1,0.06,-0.116,-3.495
2022-07-11,Bear Brook,spruce/fir,2,0.081,0.221,-2.134
2022-07-11,Bear Brook,spruce/fir,3,0.081,-0.14,-1.89
2022-07-12,W1,high,1,0.067,-0.053,-4.944
2022-07-12,W1,high,2,0.066,0.303,-4.322
2022-07-12,W1,high,3,0.09,0.282,-3.696
2022-07-12,W1,mid,1,0.072,0.647,-4.801
2022-07-12,W1,mid,2,0.1,0.27,-4.544
2022-07-12,W1,mid,3,0.093,0.481,-4.844
2022-07-12,W1,spruce/fir,1,0.056,0.269,-1.318
2022-07-12,W1,spruce/fir,2,0.069,0.136,-2.516
2022-07-12,W1,spruce/fir,3,0.079,-0.511,-3.183
2022-08-16,Bear Brook,high,1,0.088,0.531,-2.718
2022-08-16,Bear Brook,high,2,0.102,-0.363,-4.798
2022-08-16,Bear Brook,high,3,0.05,-0.901,-4.612
2022-08-16,Bear Brook,low,1,0.069,-12.593,-17.49
2022-08-16,Bear Brook,low,2,0.171,2.44,-2.747
2022-08-16,Bear Brook,low,3,0.093,-1.054,-4.257
2022-08-16,Bear Brook,mid,1,0.044,-0.237,-2.727
2022-08-16,Bear Brook,mid,2,0.077,0.217,-4.001
2022-08-16,Bear Brook,mid,3,0.091,1.008,-3.4
2022-08-16,Bear Brook,spruce/fir,1,0.047,-0.274,-4.655
2022-08-16,Bear Brook,spruce/fir,2,0.046,-0.426,-1.139
2022-08-16,Bear Brook,spruce/fir,3,0.043,0.262,-1.657
2022-08-17,W1,high,1,0.106,0.983,-10.13
2022-08-17,W1,high,2,0.106,0.619,-9.1
2022-08-17,W1,high,3,0.14,1.555,-9.017
2022-08-17,W1,low,1,0.104,1.103,-0.86
2022-08-17,W1,low,2,0.138,0.024,-1.37
2022-08-17,W1,low,3,0.116,0.475,-4.495
2022-08-17,W1,mid,1,0.094,-0.13,-7.667
2022-08-17,W1,mid,2,0.155,0.838,-9.042
2022-08-17,W1,mid,3,0.115,1.408,-7.935
2022-08-17,W1,spruce/fir,1,0.059,-0.418,-2.121
2022-08-17,W1,spruce/fir,2,0.047,0.187,-5.22
2022-08-17,W1,spruce/fir,3,0.148,1.04,-8.388
2022-09-15,W1,low,1,0.064,0.774,-1.971
2022-09-15,W1,low,2,0.116,1.364,-1.203
2022-09-15,W1,low,3,0.079,-0.19,-1.98
2022-09-15,W1,mid,1,0.109,1.892,-6.509
2022-09-15,Bear Brook,high,1,0.044,-1.336,-5.751
2022-09-15,Bear Brook,high,2,0.136,0.656,-2.337
2022-09-15,Bear Brook,high,3,0.06,-0.159,-5.924
2022-09-15,Bear Brook,low,1,0.174,1.189,-6.697
2022-09-15,Bear Brook,low,2,0.22,0.024,-10.866
2022-09-15,Bear Brook,low,3,0.128,-1.014,-8.008
2022-09-15,Bear Brook,mid,1,0.098,0.744,-6.475
2022-09-15,Bear Brook,mid,2,0.104,-0.817,-5.772
2022-09-15,Bear Brook,mid,3,0.091,0.659,-5.842
2022-09-15,Bear Brook,spruce/fir,1,0.098,0.013,-3.566
2022-09-15,Bear Brook,spruce/fir,2,-0.007,-4.13,-7.33
2022-09-15,Bear Brook,spruce/fir,3,0.084,-0.357,-3.861
2022-09-16,W1,high,1,0.061,4.771,-4.797
2022-09-16,W1,high,2,0.14,-1.184,-7.8
2022-09-16,W1,high,3,0.14,3.184,-2.165
2022-09-16,W1,mid,2,0.11,1.142,-6.168
2022-09-16,W1,mid,3,0.112,-0.271,-7.239
2022-09-16,W1,spruce/fir,1,0.103,0.974,-2.448
2022-09-16,W1,spruce/fir,2,0.16,0.195,-5.557
2022-09-16,W1,spruce/fir,3,0.171,-0.681,-5.526
2022-10-04,W1,low,1,0.036,-0.244,-1.283
2022-10-04,W1,low,2,0.062,-0.168,-1.544
2022-10-04,W1,low,3,0.049,0.01,-2.277
2022-10-04,Bear Brook,high,1,0.038,0.243,-2.641
2022-10-04,Bear Brook,high,2,0.072,0.519,-3.204
2022-10-04,Bear Brook,high,3,0.039,-0.124,-3.034
2022-10-04,Bear Brook,low,1,0.058,0.058,-3.254
2022-10-04,Bear Brook,low,2,0.068,0.005,-4.302
2022-10-04,Bear Brook,low,3,0.053,0.034,-3.796
2022-10-04,Bear Brook,mid,1,0.028,0.196,-2.51
2022-10-04,Bear Brook,mid,2,0.045,-0.53,-3.479
2022-10-04,Bear Brook,mid,3,0.045,0.063,-4.692
2022-10-04,Bear Brook,spruce/fir,1,0.055,0.22,-2.258
2022-10-04,Bear Brook,spruce/fir,2,0.046,-0.307,-1.426
2022-10-04,Bear Brook,spruce/fir,3,0.063,0.187,-1.581
2022-10-05,W1,high,1,0.05,0.726,-4.006
2022-10-05,W1,high,2,0.051,0.418,-3.427
2022-10-05,W1,high,3,0.064,2.658,-2.927
2022-10-05,W1,mid,1,0.042,0.084,-4.643
2022-10-05,W1,mid,2,0.061,0.539,-4.453
2022-10-05,W1,mid,3,0.058,-0.155,-3.866
2022-10-05,W1,spruce/fir,1,0.055,0.161,-1.336
2022-10-05,W1,spruce/fir,2,0.069,0.096,-2.076
2022-10-05,W1,spruce/fir,3,0.079,0.088,-2.934
2022-11-01,W1,high,1,0.057,-0.672,-3.643
2022-11-01,W1,high,2,0.05,0.385,-3.057
2022-11-01,W1,high,3,0.055,0.972,-2.065
2022-11-01,W1,mid,1,0.043,0.322,-4.099
2022-11-01,W1,mid,2,0.061,0.04,-3.961
2022-11-01,W1,mid,3,0.052,0.281,-3.159
2022-11-01,W1,spruce/fir,1,0.066,-0.103,-0.987
2022-11-01,W1,spruce/fir,2,0.091,0.349,-2.277
2022-11-01,W1,spruce/fir,3,0.09,0.023,-2.138
2022-11-02,W1,low,1,0.039,0.326,0.097
2022-11-02,W1,low,2,0.047,0.134,-0.412
2022-11-02,W1,low,3,0.033,-0.119,-1.196
2022-11-02,Bear Brook,high,1,0.046,0.228,-3.39
2022-11-02,Bear Brook,high,2,0.065,0.343,-2.959
2022-11-02,Bear Brook,high,3,0.03,-1.103,-3.114
2022-11-02,Bear Brook,low,1,0.057,0.031,-2.322
2022-11-02,Bear Brook,low,2,0.034,0.001,-1.972
2022-11-02,Bear Brook,low,3,0.024,-0.049,-1.59
2022-11-02,Bear Brook,mid,1,0.033,-0.11,-2.803
2022-11-02,Bear Brook,mid,2,0.04,1.039,-2.897
2022-11-02,Bear Brook,mid,3,0.045,0.365,-4.426
2022-11-02,Bear Brook,spruce/fir,1,0.048,-0.116,-3.162
2022-11-02,Bear Brook,spruce/fir,2,0.043,0.079,-1.124
2022-11-02,Bear Brook,spruce/fir,3,0.049,0.143,-0.792
